timestamp,symbol,ltp,ltq,bid_price,bid_qty,ask_price,ask_qty
2026-08-13 18:49:03.407553,IDFCFIRSTB,72.55,6739,72.5,1851452,72.6,2372223
2026-08-13 18:49:03.437009,SUZLON,54.23,37428,54.18,1377492,54.28,1522751
2026-08-13 18:49:03.439007,GMRINFRA,88.54,9931,88.49,1355348,88.59,1379167
2026-08-13 18:49:03.455738,SOUTHBANK,32.14,10453,32.09,1385521,32.19,1672005
2026-08-13 18:49:03.472771,IRB,62.56,3330,62.51,2441558,62.61,1779821
2026-08-13 18:49:03.489827,HFCL,115.94,8608,115.88,1514264,116.0,2219757
2026-08-13 18:49:03.508422,NMDC,218.35,12840,218.24,1734682,218.46,1785480
2026-08-13 18:49:03.522350,TATAPOWER,412.24,1703,412.03,1508309,412.45,2391030
2026-08-13 18:49:03.554661,BHEL,285.23,9640,285.09,1683071,285.37,2148392
2026-08-13 18:49:03.569298,HUDCO,194.22,7059,194.12,1172665,194.32,2070631
2026-08-13 18:49:03.572620,PNB,112.64,7282,112.58,2250028,112.7,2443790
2026-08-13 18:49:03.589136,NHPC,94.65,9241,94.6,1863596,94.7,1380256
2026-08-13 18:49:03.606099,SMALLCAP1,45.02,429,44.97,5109,45.07,9644
2026-08-13 18:49:03.622314,RELIANCE,2860.89,4535,2859.46,2113779,2862.32,1307838
2026-08-13 18:49:03.639793,TCS,3690.81,44781,3688.96,1238423,3692.66,1116423
2026-08-13 18:49:03.655976,INFY,1460.07,6717,1459.34,2296882,1460.8,2035750
2026-08-13 18:49:03.672239,PENNYSTOCK,14.51,2320,14.46,1831036,14.56,2029163
2026-08-13 18:49:18.407553,IDFCFIRSTB,72.79,11667,72.74,1837399,72.84,1608007
2026-08-13 18:49:18.437009,SUZLON,54.47,10101,54.42,2182055,54.52,1307830
2026-08-13 18:49:18.439007,GMRINFRA,88.4,13640,88.35,1189096,88.45,2327613
2026-08-13 18:49:18.455738,SOUTHBANK,32.17,2091,32.12,1826319,32.22,1516168
2026-08-13 18:49:18.472771,IRB,62.59,10474,62.54,2229116,62.64,2492759
2026-08-13 18:49:18.489827,HFCL,115.73,10209,115.67,1783056,115.79,1896966
2026-08-13 18:49:18.508422,NMDC,218.76,7702,218.65,1779072,218.87,1565306
2026-08-13 18:49:18.522350,TATAPOWER,412.52,8260,412.31,1960899,412.73,2428893
2026-08-13 18:49:18.554661,BHEL,285.4,26160,285.26,1223007,285.54,1506618
2026-08-13 18:49:18.569298,HUDCO,194.51,2043,194.41,1072088,194.61,2119007
2026-08-13 18:49:18.572620,PNB,112.73,9972,112.67,1231520,112.79,2319958
2026-08-13 18:49:18.589136,NHPC,94.53,4581,94.48,1626514,94.58,2412310
2026-08-13 18:49:18.606099,SMALLCAP1,45.04,190,44.99,19444,45.09,8754
2026-08-13 18:49:18.622314,RELIANCE,2857.75,8248,2856.32,1663521,2859.18,1272812
2026-08-13 18:49:18.639793,TCS,3700.81,11121,3698.96,2409987,3702.66,1586319
2026-08-13 18:49:18.655976,INFY,1460.74,13414,1460.01,1103709,1461.47,1379103
2026-08-13 18:49:18.672239,PENNYSTOCK,14.53,10880,14.48,1948878,14.58,1140565
2026-08-13 18:49:33.407553,IDFCFIRSTB,72.88,8408,72.83,2109380,72.93,1892445
2026-08-13 18:49:33.437009,SUZLON,54.47,88814,54.42,1917228,54.52,1996129
2026-08-13 18:49:33.439007,GMRINFRA,88.42,3721,88.37,1122689,88.47,1563547
2026-08-13 18:49:33.455738,SOUTHBANK,32.21,1918,32.16,1370362,32.26,2044660
2026-08-13 18:49:33.472771,IRB,62.52,8089,62.47,1287030,62.57,1438393
2026-08-13 18:49:33.489827,HFCL,115.86,10760,115.8,2246791,115.92,2053071
2026-08-13 18:49:33.508422,NMDC,218.73,13723,218.62,2129366,218.84,1171806
2026-08-13 18:49:33.522350,TATAPOWER,412.14,9453,411.93,1196195,412.35,1535730
2026-08-13 18:49:33.554661,BHEL,285.3,2334,285.16,1888644,285.44,1975214
2026-08-13 18:49:33.569298,HUDCO,194.65,4244,194.55,1983421,194.75,1621176
2026-08-13 18:49:33.572620,PNB,112.75,8718,112.69,1629956,112.81,1292065
2026-08-13 18:49:33.589136,NHPC,94.41,7825,94.36,1065362,94.46,2197466
2026-08-13 18:49:33.606099,SMALLCAP1,45.15,203,45.1,10367,45.2,12884
2026-08-13 18:49:33.622314,RELIANCE,2852.87,9337,2851.44,1655905,2854.3,1644513
2026-08-13 18:49:33.639793,TCS,3697.94,2346,3696.09,1820144,3699.79,2096414
2026-08-13 18:49:33.655976,INFY,1462.29,4193,1461.56,2487983,1463.02,1140450
2026-08-13 18:49:33.672239,PENNYSTOCK,14.48,30006,14.43,1305657,14.53,1133388
2026-08-13 18:49:48.407553,IDFCFIRSTB,72.69,13191,72.64,1720268,72.74,1751852
2026-08-13 18:49:48.437009,SUZLON,54.47,3356,54.42,1705641,54.52,2218276
2026-08-13 18:49:48.439007,GMRINFRA,88.66,12812,88.61,1858728,88.71,1126060
2026-08-13 18:49:48.455738,SOUTHBANK,32.27,9947,32.22,1588326,32.32,1509954
2026-08-13 18:49:48.472771,IRB,62.5,3421,62.45,2202712,62.55,1736942
2026-08-13 18:49:48.489827,HFCL,115.94,3026,115.88,1943865,116.0,1988899
2026-08-13 18:49:48.508422,NMDC,218.4,1285,218.29,1609530,218.51,2084019
2026-08-13 18:49:48.522350,TATAPOWER,411.84,6303,411.63,2376649,412.05,2116282
2026-08-13 18:49:48.554661,BHEL,285.45,9005,285.31,1209327,285.59,1335473
2026-08-13 18:49:48.569298,HUDCO,194.36,6232,194.26,2303536,194.46,1892757
2026-08-13 18:49:48.572620,PNB,112.97,13765,112.91,2376569,113.03,1389595
2026-08-13 18:49:48.589136,NHPC,94.65,10410,94.6,1950478,94.7,1789607
2026-08-13 18:49:48.606099,SMALLCAP1,44.99,809,44.94,17880,45.04,23932
2026-08-13 18:49:48.622314,RELIANCE,2851.13,85617,2849.7,2123031,2852.56,2014469
2026-08-13 18:49:48.639793,TCS,3695.2,6531,3693.35,1479492,3697.05,2061717
2026-08-13 18:49:48.655976,INFY,1465.38,1712,1464.65,1377732,1466.11,2103116
2026-08-13 18:49:48.672239,PENNYSTOCK,14.49,6445,14.44,2094831,14.54,1421097
2026-08-13 18:50:03.407553,IDFCFIRSTB,72.51,43135,72.46,1381346,72.56,1307181
2026-08-13 18:50:03.437009,SUZLON,54.36,4907,54.31,1070527,54.41,1978504
2026-08-13 18:50:03.439007,GMRINFRA,88.69,580,88.64,1486412,88.74,2375692
2026-08-13 18:50:03.455738,SOUTHBANK,32.2,3977,32.15,2243960,32.25,1602478
2026-08-13 18:50:03.472771,IRB,62.55,2593,62.5,1818998,62.6,1184991
2026-08-13 18:50:03.489827,HFCL,116.07,11540,116.01,1990165,116.13,2197377
2026-08-13 18:50:03.508422,NMDC,218.46,14008,218.35,1441515,218.57,1200677
2026-08-13 18:50:03.522350,TATAPOWER,411.22,4058,411.01,1624536,411.43,2474008
2026-08-13 18:50:03.554661,BHEL,285.58,602,285.44,1589638,285.72,2156979
2026-08-13 18:50:03.569298,HUDCO,194.59,8019,194.49,1793773,194.69,1819545
2026-08-13 18:50:03.572620,PNB,112.89,12306,112.83,1783028,112.95,1790575
2026-08-13 18:50:03.589136,NHPC,94.46,710,94.41,1086806,94.51,2430051
2026-08-13 18:50:03.606099,SMALLCAP1,44.97,199,44.92,13085,45.02,18442
2026-08-13 18:50:03.622314,RELIANCE,2847.48,8526,2846.06,2034001,2848.9,1335030
2026-08-13 18:50:03.639793,TCS,3698.75,62880,3696.9,1426589,3700.6,1226344
2026-08-13 18:50:03.655976,INFY,1463.04,7609,1462.31,1794442,1463.77,1382070
2026-08-13 18:50:03.672239,PENNYSTOCK,14.5,12481,14.45,1674900,14.55,1785621
2026-08-13 18:50:18.407553,IDFCFIRSTB,72.68,11832,72.63,1617323,72.73,2336622
2026-08-13 18:50:18.437009,SUZLON,54.32,12365,54.27,1865957,54.37,1628187
2026-08-13 18:50:18.439007,GMRINFRA,88.8,3098,88.75,1536059,88.85,1619672
2026-08-13 18:50:18.455738,SOUTHBANK,32.19,9576,32.14,1275317,32.24,1586564
2026-08-13 18:50:18.472771,IRB,62.5,121896,62.45,2318216,62.55,1412692
2026-08-13 18:50:18.489827,HFCL,116.37,8764,116.31,2451614,116.43,1189039
2026-08-13 18:50:18.508422,NMDC,218.12,10440,218.01,2235622,218.23,2143225
2026-08-13 18:50:18.522350,TATAPOWER,411.38,1481,411.17,1799789,411.59,2236930
2026-08-13 18:50:18.554661,BHEL,285.21,18600,285.07,1622612,285.35,2243797
2026-08-13 18:50:18.569298,HUDCO,194.29,102830,194.19,2125823,194.39,1679918
2026-08-13 18:50:18.572620,PNB,112.81,5528,112.75,1424405,112.87,1578424
2026-08-13 18:50:18.589136,NHPC,94.41,4752,94.36,1389253,94.46,1310382
2026-08-13 18:50:18.606099,SMALLCAP1,45.05,825,45.0,20545,45.1,24934
2026-08-13 18:50:18.622314,RELIANCE,2849.72,5788,2848.3,1376437,2851.14,1906641
2026-08-13 18:50:18.639793,TCS,3688.02,660,3686.18,1900677,3689.86,1769600
2026-08-13 18:50:18.655976,INFY,1460.02,8045,1459.29,1895566,1460.75,1079428
2026-08-13 18:50:18.672239,PENNYSTOCK,14.49,4821,14.44,1177819,14.54,2419791
2026-08-13 18:50:33.407553,IDFCFIRSTB,72.74,580,72.69,1459589,72.79,1397167
2026-08-13 18:50:33.437009,SUZLON,54.25,13258,54.2,1578952,54.3,2344499
2026-08-13 18:50:33.439007,GMRINFRA,88.9,9595,88.85,2360701,88.95,2283766
2026-08-13 18:50:33.455738,SOUTHBANK,32.22,3358,32.17,2067502,32.27,2278745
2026-08-13 18:50:33.472771,IRB,62.62,10511,62.57,1247873,62.67,1748787
2026-08-13 18:50:33.489827,HFCL,116.52,12681,116.46,2229705,116.58,1838525
2026-08-13 18:50:33.508422,NMDC,218.26,8268,218.15,1941558,218.37,1569006
2026-08-13 18:50:33.522350,TATAPOWER,411.5,14550,411.29,1513616,411.71,2219657
2026-08-13 18:50:33.554661,BHEL,285.12,6899,284.98,1757704,285.26,2116182
2026-08-13 18:50:33.569298,HUDCO,194.17,624,194.07,2235505,194.27,1772139
2026-08-13 18:50:33.572620,PNB,112.71,2308,112.65,2418486,112.77,1992829
2026-08-13 18:50:33.589136,NHPC,94.47,1231,94.42,2488482,94.52,1255097
2026-08-13 18:50:33.606099,SMALLCAP1,45.24,494,45.19,16309,45.29,13367
2026-08-13 18:50:33.622314,RELIANCE,2847.47,5123,2846.05,1276077,2848.89,1962776
2026-08-13 18:50:33.639793,TCS,3687.51,9513,3685.67,2270533,3689.35,2205584
2026-08-13 18:50:33.655976,INFY,1460.52,10428,1459.79,2050948,1461.25,2478090
2026-08-13 18:50:33.672239,PENNYSTOCK,14.51,5988,14.46,1431534,14.56,2168524
2026-08-13 18:50:48.407553,IDFCFIRSTB,72.75,3722,72.7,1247737,72.8,1647043
2026-08-13 18:50:48.437009,SUZLON,54.2,5635,54.15,1296644,54.25,1740989
2026-08-13 18:50:48.439007,GMRINFRA,88.98,9619,88.93,1235748,89.03,2343955
2026-08-13 18:50:48.455738,SOUTHBANK,32.2,4007,32.15,1982246,32.25,2277159
2026-08-13 18:50:48.472771,IRB,62.7,9102,62.65,2156926,62.75,2436693
2026-08-13 18:50:48.489827,HFCL,116.43,12045,116.37,2036474,116.49,2403258
2026-08-13 18:50:48.508422,NMDC,218.39,3956,218.28,2348594,218.5,1507505
2026-08-13 18:50:48.522350,TATAPOWER,412.15,12419,411.94,1223169,412.36,1514443
2026-08-13 18:50:48.554661,BHEL,285.05,14716,284.91,2322949,285.19,1892255
2026-08-13 18:50:48.569298,HUDCO,194.12,11310,194.02,1953850,194.22,1538068
2026-08-13 18:50:48.572620,PNB,112.89,9010,112.83,2487505,112.95,1544802
2026-08-13 18:50:48.589136,NHPC,94.33,4508,94.28,2232903,94.38,1525724
2026-08-13 18:50:48.606099,SMALLCAP1,45.29,476,45.24,9906,45.34,21021
2026-08-13 18:50:48.622314,RELIANCE,2840.94,3002,2839.52,2175180,2842.36,2299067
2026-08-13 18:50:48.639793,TCS,3682.47,127176,3680.63,1293593,3684.31,2128056
2026-08-13 18:50:48.655976,INFY,1458.71,2555,1457.98,1072612,1459.44,1358609
2026-08-13 18:50:48.672239,PENNYSTOCK,14.51,14816,14.46,1717125,14.56,1341347
2026-08-13 18:51:03.407553,IDFCFIRSTB,72.73,10207,72.68,1453794,72.78,1500698
2026-08-13 18:51:03.437009,SUZLON,54.16,5290,54.11,1905592,54.21,2237950
2026-08-13 18:51:03.439007,GMRINFRA,88.81,14601,88.76,1339161,88.86,1981421
2026-08-13 18:51:03.455738,SOUTHBANK,32.18,5657,32.13,1840936,32.23,2096649
2026-08-13 18:51:03.472771,IRB,62.68,8128,62.63,1832437,62.73,1363764
2026-08-13 18:51:03.489827,HFCL,116.37,10746,116.31,1107014,116.43,1917464
2026-08-13 18:51:03.508422,NMDC,218.14,4615,218.03,1959126,218.25,1662553
2026-08-13 18:51:03.522350,TATAPOWER,412.38,12067,412.17,1538507,412.59,1911912
2026-08-13 18:51:03.554661,BHEL,285.02,9880,284.88,1959378,285.16,1465763
2026-08-13 18:51:03.569298,HUDCO,194.03,10603,193.93,1229628,194.13,1097166
2026-08-13 18:51:03.572620,PNB,112.9,10499,112.84,1586479,112.96,2087409
2026-08-13 18:51:03.589136,NHPC,94.18,11442,94.13,1819278,94.23,2029038
2026-08-13 18:51:03.606099,SMALLCAP1,45.24,90,45.19,21122,45.29,7804
2026-08-13 18:51:03.622314,RELIANCE,2841.67,10517,2840.25,1331492,2843.09,1712629
2026-08-13 18:51:03.639793,TCS,3686.04,8754,3684.2,2160927,3687.88,2018628
2026-08-13 18:51:03.655976,INFY,1457.59,4637,1456.86,1615976,1458.32,1250417
2026-08-13 18:51:03.672239,PENNYSTOCK,14.49,3716,14.44,1184828,14.54,1808173
2026-08-13 18:51:18.407553,IDFCFIRSTB,72.7,9403,72.65,1512444,72.75,1960699
2026-08-13 18:51:18.437009,SUZLON,54.16,10249,54.11,2200015,54.21,1163013
2026-08-13 18:51:18.439007,GMRINFRA,88.84,2941,88.79,2250248,88.89,1794560
2026-08-13 18:51:18.455738,SOUTHBANK,32.17,10380,32.12,1097357,32.22,1094530
2026-08-13 18:51:18.472771,IRB,62.58,44496,62.53,2497883,62.63,2378459
2026-08-13 18:51:18.489827,HFCL,116.41,3760,116.35,1695698,116.47,1824755
2026-08-13 18:51:18.508422,NMDC,218.71,10057,218.6,1693319,218.82,2003612
2026-08-13 18:51:18.522350,TATAPOWER,412.83,9309,412.62,2248949,413.04,2479087
2026-08-13 18:51:18.554661,BHEL,285.15,13621,285.01,1917749,285.29,1082250
2026-08-13 18:51:18.569298,HUDCO,193.58,9699,193.48,2474288,193.68,1851002
2026-08-13 18:51:18.572620,PNB,112.9,5240,112.84,1679332,112.96,1564574
2026-08-13 18:51:18.589136,NHPC,94.2,14157,94.15,1482408,94.25,2230916
2026-08-13 18:51:18.606099,SMALLCAP1,45.2,185,45.15,10505,45.25,23851
2026-08-13 18:51:18.622314,RELIANCE,2837.71,14379,2836.29,1264329,2839.13,1195956
2026-08-13 18:51:18.639793,TCS,3683.83,4091,3681.99,1807921,3685.67,1940241
2026-08-13 18:51:18.655976,INFY,1461.15,8705,1460.42,1303379,1461.88,2091065
2026-08-13 18:51:18.672239,PENNYSTOCK,14.48,7410,14.43,1643311,14.53,1259082
2026-08-13 18:51:33.407553,IDFCFIRSTB,72.74,3133,72.69,1459723,72.79,1700325
2026-08-13 18:51:33.437009,SUZLON,54.12,8067,54.07,1722007,54.17,1091301
2026-08-13 18:51:33.439007,GMRINFRA,88.88,11880,88.83,1284225,88.93,2424083
2026-08-13 18:51:33.455738,SOUTHBANK,32.23,13153,32.18,1447198,32.28,2446706
2026-08-13 18:51:33.472771,IRB,62.5,14686,62.45,1856241,62.55,1198142
2026-08-13 18:51:33.489827,HFCL,116.44,9551,116.38,1529268,116.5,1229526
2026-08-13 18:51:33.508422,NMDC,218.79,7774,218.68,1198936,218.9,1992116
2026-08-13 18:51:33.522350,TATAPOWER,413.51,11621,413.3,1968368,413.72,2165326
2026-08-13 18:51:33.554661,BHEL,285.38,8144,285.24,1858633,285.52,1477042
2026-08-13 18:51:33.569298,HUDCO,193.52,8095,193.42,1975478,193.62,2468073
2026-08-13 18:51:33.572620,PNB,112.98,12794,112.92,1420070,113.04,1056201
2026-08-13 18:51:33.589136,NHPC,94.18,10602,94.13,1941797,94.23,1193205
2026-08-13 18:51:33.606099,SMALLCAP1,45.28,388,45.23,9005,45.33,14018
2026-08-13 18:51:33.622314,RELIANCE,2835.33,94622,2833.91,2172008,2836.75,1752177
2026-08-13 18:51:33.639793,TCS,3675.24,7163,3673.4,2341686,3677.08,1422944
2026-08-13 18:51:33.655976,INFY,1462.28,13374,1461.55,1769687,1463.01,2397760
2026-08-13 18:51:33.672239,PENNYSTOCK,14.45,5303,14.4,1408075,14.5,1135677
2026-08-13 18:51:48.407553,IDFCFIRSTB,72.71,14222,72.66,2225172,72.76,1915607
2026-08-13 18:51:48.437009,SUZLON,54.12,11627,54.07,1187223,54.17,1477737
2026-08-13 18:51:48.439007,GMRINFRA,88.76,9711,88.71,1926123,88.81,2093982
2026-08-13 18:51:48.455738,SOUTHBANK,32.27,2289,32.22,1084730,32.32,1998793
2026-08-13 18:51:48.472771,IRB,62.4,4714,62.35,1564295,62.45,1290045
2026-08-13 18:51:48.489827,HFCL,116.47,4206,116.41,1593805,116.53,2199634
2026-08-13 18:51:48.508422,NMDC,218.86,1286,218.75,1657568,218.97,1692753
2026-08-13 18:51:48.522350,TATAPOWER,413.25,8206,413.04,2229968,413.46,1661240
2026-08-13 18:51:48.554661,BHEL,284.97,542,284.83,2458071,285.11,1351425
2026-08-13 18:51:48.569298,HUDCO,193.46,4633,193.36,1123865,193.56,1752144
2026-08-13 18:51:48.572620,PNB,112.87,4020,112.81,2441760,112.93,2209410
2026-08-13 18:51:48.589136,NHPC,94.18,12971,94.13,2334583,94.23,2302252
2026-08-13 18:51:48.606099,SMALLCAP1,45.31,913,45.26,10415,45.36,11368
2026-08-13 18:51:48.622314,RELIANCE,2836.68,14803,2835.26,2223075,2838.1,2389706
2026-08-13 18:51:48.639793,TCS,3680.87,9687,3679.03,2420714,3682.71,2199997
2026-08-13 18:51:48.655976,INFY,1463.67,14368,1462.94,2289835,1464.4,1423102
2026-08-13 18:51:48.672239,PENNYSTOCK,14.48,3854,14.43,1976126,14.53,1076284
2026-08-13 18:52:03.407553,IDFCFIRSTB,72.64,2154,72.59,1942903,72.69,1379420
2026-08-13 18:52:03.437009,SUZLON,54.19,7573,54.14,1623740,54.24,1068951
2026-08-13 18:52:03.439007,GMRINFRA,88.75,10271,88.7,2157686,88.8,2125467
2026-08-13 18:52:03.455738,SOUTHBANK,32.29,1527,32.24,1524159,32.34,2229939
2026-08-13 18:52:03.472771,IRB,62.34,13668,62.29,2068912,62.39,2019480
2026-08-13 18:52:03.489827,HFCL,116.57,11117,116.51,1382439,116.63,2386469
2026-08-13 18:52:03.508422,NMDC,218.73,14980,218.62,2229087,218.84,2414292
2026-08-13 18:52:03.522350,TATAPOWER,414.05,8788,413.84,1336552,414.26,1129726
2026-08-13 18:52:03.554661,BHEL,285.24,5997,285.1,2135039,285.38,1623314
2026-08-13 18:52:03.569298,HUDCO,193.72,12439,193.62,2207548,193.82,1127785
2026-08-13 18:52:03.572620,PNB,112.92,1270,112.86,1726058,112.98,1615466
2026-08-13 18:52:03.589136,NHPC,94.1,9950,94.05,1166127,94.15,1050392
2026-08-13 18:52:03.606099,SMALLCAP1,45.3,345,45.25,12218,45.35,21819
2026-08-13 18:52:03.622314,RELIANCE,2837.25,13494,2835.83,2027496,2838.67,2306865
2026-08-13 18:52:03.639793,TCS,3687.93,10392,3686.09,2169452,3689.77,1958569
2026-08-13 18:52:03.655976,INFY,1465.49,14662,1464.76,2171257,1466.22,1154074
2026-08-13 18:52:03.672239,PENNYSTOCK,14.47,1628,14.42,2109043,14.52,1159920
2026-08-13 18:52:18.407553,IDFCFIRSTB,72.56,4465,72.51,1798807,72.61,2316290
2026-08-13 18:52:18.437009,SUZLON,54.1,13417,54.05,2122800,54.15,1762269
2026-08-13 18:52:18.439007,GMRINFRA,88.68,7259,88.63,1108356,88.73,1834659
2026-08-13 18:52:18.455738,SOUTHBANK,32.24,5994,32.19,1859507,32.29,1651179
2026-08-13 18:52:18.472771,IRB,62.44,4534,62.39,2427096,62.49,1100473
2026-08-13 18:52:18.489827,HFCL,116.51,8683,116.45,2315438,116.57,2380069
2026-08-13 18:52:18.508422,NMDC,218.48,13451,218.37,1361904,218.59,2046963
2026-08-13 18:52:18.522350,TATAPOWER,413.83,10082,413.62,2198219,414.04,1790050
2026-08-13 18:52:18.554661,BHEL,285.21,2262,285.07,1600006,285.35,1320260
2026-08-13 18:52:18.569298,HUDCO,193.97,28080,193.87,1693418,194.07,2012115
2026-08-13 18:52:18.572620,PNB,112.93,2618,112.87,1317904,112.99,1093791
2026-08-13 18:52:18.589136,NHPC,94.04,13402,93.99,1100956,94.09,1179485
2026-08-13 18:52:18.606099,SMALLCAP1,45.4,752,45.35,12873,45.45,5172
2026-08-13 18:52:18.622314,RELIANCE,2833.21,1677,2831.79,1272213,2834.63,1808633
2026-08-13 18:52:18.639793,TCS,3686.14,8940,3684.3,1398172,3687.98,1184966
2026-08-13 18:52:18.655976,INFY,1467.07,2662,1466.34,1572671,1467.8,2018225
2026-08-13 18:52:18.672239,PENNYSTOCK,14.5,12435,14.45,1638562,14.55,1752989
2026-08-13 18:52:33.407553,IDFCFIRSTB,72.85,14094,72.8,1636903,72.9,1150441
2026-08-13 18:52:33.437009,SUZLON,54.31,1655,54.26,1929291,54.36,1671330
2026-08-13 18:52:33.439007,GMRINFRA,88.81,2946,88.76,2383106,88.86,1525328
2026-08-13 18:52:33.455738,SOUTHBANK,32.24,6935,32.19,1305984,32.29,1944789
2026-08-13 18:52:33.472771,IRB,62.27,2185,62.22,2136119,62.32,1560914
2026-08-13 18:52:33.489827,HFCL,116.79,4782,116.73,1239115,116.85,2364343
2026-08-13 18:52:33.508422,NMDC,218.9,4782,218.79,2227261,219.01,1360126
2026-08-13 18:52:33.522350,TATAPOWER,413.64,13487,413.43,1448689,413.85,2209835
2026-08-13 18:52:33.554661,BHEL,285.53,3310,285.39,2370170,285.67,1089383
2026-08-13 18:52:33.569298,HUDCO,193.85,1854,193.75,2190524,193.95,1212361
2026-08-13 18:52:33.572620,PNB,113.34,13409,113.28,1688850,113.4,1583265
2026-08-13 18:52:33.589136,NHPC,94.22,8848,94.17,2295386,94.27,2089605
2026-08-13 18:52:33.606099,SMALLCAP1,45.33,791,45.28,19277,45.38,19045
2026-08-13 18:52:33.622314,RELIANCE,2838.16,119960,2836.74,1591165,2839.58,1283021
2026-08-13 18:52:33.639793,TCS,3685.92,14266,3684.08,2147404,3687.76,2406117
2026-08-13 18:52:33.655976,INFY,1467.02,10272,1466.29,1767179,1467.75,1915643
2026-08-13 18:52:33.672239,PENNYSTOCK,14.48,8989,14.43,2359475,14.53,1284077
2026-08-13 18:52:48.407553,IDFCFIRSTB,72.7,1509,72.65,2348343,72.75,1981488
2026-08-13 18:52:48.437009,SUZLON,54.29,106304,54.24,1245230,54.34,1843674
2026-08-13 18:52:48.439007,GMRINFRA,88.7,8417,88.65,2495919,88.75,1675088
2026-08-13 18:52:48.455738,SOUTHBANK,32.26,14805,32.21,1350193,32.31,2121475
2026-08-13 18:52:48.472771,IRB,62.33,4470,62.28,1222705,62.38,2462191
2026-08-13 18:52:48.489827,HFCL,116.71,13168,116.65,1809335,116.77,1213569
2026-08-13 18:52:48.508422,NMDC,218.73,8762,218.62,1053202,218.84,1743083
2026-08-13 18:52:48.522350,TATAPOWER,414.12,9327,413.91,2463076,414.33,1196333
2026-08-13 18:52:48.554661,BHEL,286.1,2037,285.96,1957955,286.24,1695510
2026-08-13 18:52:48.569298,HUDCO,193.71,9895,193.61,2138245,193.81,2093369
2026-08-13 18:52:48.572620,PNB,113.68,11644,113.62,1507529,113.74,2495666
2026-08-13 18:52:48.589136,NHPC,94.1,11423,94.05,1947284,94.15,1874035
2026-08-13 18:52:48.606099,SMALLCAP1,45.34,614,45.29,9079,45.39,6349
2026-08-13 18:52:48.622314,RELIANCE,2840.16,8569,2838.74,1377697,2841.58,1694571
2026-08-13 18:52:48.639793,TCS,3681.7,12599,3679.86,2323528,3683.54,2309815
2026-08-13 18:52:48.655976,INFY,1466.05,1657,1465.32,1389876,1466.78,1704901
2026-08-13 18:52:48.672239,PENNYSTOCK,14.52,10373,14.47,1804269,14.57,1131108
2026-08-13 18:53:03.407553,IDFCFIRSTB,72.78,7055,72.73,1050752,72.83,1164215
2026-08-13 18:53:03.437009,SUZLON,54.27,117128,54.22,2220871,54.32,1267004
2026-08-13 18:53:03.439007,GMRINFRA,88.5,1077,88.45,1062902,88.55,1702762
2026-08-13 18:53:03.455738,SOUTHBANK,32.36,6221,32.31,2158752,32.41,1826746
2026-08-13 18:53:03.472771,IRB,62.4,5743,62.35,1670291,62.45,2260473
2026-08-13 18:53:03.489827,HFCL,116.85,661,116.79,1059925,116.91,1114452
2026-08-13 18:53:03.508422,NMDC,218.05,130910,217.94,2351738,218.16,1851021
2026-08-13 18:53:03.522350,TATAPOWER,414.27,520,414.06,1851709,414.48,1755132
2026-08-13 18:53:03.554661,BHEL,285.66,5005,285.52,1546263,285.8,1133486
2026-08-13 18:53:03.569298,HUDCO,193.87,7161,193.77,1845282,193.97,1109664
2026-08-13 18:53:03.572620,PNB,114.13,5662,114.07,1596817,114.19,1197162
2026-08-13 18:53:03.589136,NHPC,94.02,2249,93.97,1456063,94.07,2477735
2026-08-13 18:53:03.606099,SMALLCAP1,45.29,469,45.24,11535,45.34,23800
2026-08-13 18:53:03.622314,RELIANCE,2836.86,1050,2835.44,2415367,2838.28,2179211
2026-08-13 18:53:03.639793,TCS,3683.03,10765,3681.19,1471686,3684.87,1396364
2026-08-13 18:53:03.655976,INFY,1466.35,11856,1465.62,1464221,1467.08,1055169
2026-08-13 18:53:03.672239,PENNYSTOCK,14.54,9440,14.49,1750487,14.59,1789227
2026-08-13 18:53:18.407553,IDFCFIRSTB,72.57,3343,72.52,1722058,72.62,2213407
2026-08-13 18:53:18.437009,SUZLON,54.15,8031,54.1,1467134,54.2,1966363
2026-08-13 18:53:18.439007,GMRINFRA,88.45,4353,88.4,1611526,88.5,1422072
2026-08-13 18:53:18.455738,SOUTHBANK,32.46,10043,32.41,1604730,32.51,1682262
2026-08-13 18:53:18.472771,IRB,62.45,9136,62.4,1493652,62.5,1245421
2026-08-13 18:53:18.489827,HFCL,116.91,11788,116.85,1603983,116.97,1253295
2026-08-13 18:53:18.508422,NMDC,218.22,4123,218.11,2161797,218.33,1992346
2026-08-13 18:53:18.522350,TATAPOWER,414.06,9028,413.85,1060411,414.27,2181732
2026-08-13 18:53:18.554661,BHEL,285.7,4784,285.56,1631860,285.84,1448069
2026-08-13 18:53:18.569298,HUDCO,193.67,5379,193.57,1617664,193.77,1928646
2026-08-13 18:53:18.572620,PNB,113.89,4508,113.83,1316670,113.95,2252264
2026-08-13 18:53:18.589136,NHPC,94.01,13391,93.96,1853111,94.06,2054953
2026-08-13 18:53:18.606099,SMALLCAP1,45.25,595,45.2,20498,45.3,8957
2026-08-13 18:53:18.622314,RELIANCE,2839.59,8636,2838.17,2304270,2841.01,1529684
2026-08-13 18:53:18.639793,TCS,3680.67,7344,3678.83,1865150,3682.51,1364214
2026-08-13 18:53:18.655976,INFY,1464.98,4787,1464.25,2361844,1465.71,1869800
2026-08-13 18:53:18.672239,PENNYSTOCK,14.53,10663,14.48,1220900,14.58,2019974
2026-08-13 18:53:33.407553,IDFCFIRSTB,72.62,16121,72.57,2492899,72.67,1710836
2026-08-13 18:53:33.437009,SUZLON,54.18,1994,54.13,2429877,54.23,1916431
2026-08-13 18:53:33.439007,GMRINFRA,88.59,12047,88.54,1227248,88.64,2038437
2026-08-13 18:53:33.455738,SOUTHBANK,32.49,10662,32.44,1321029,32.54,1972098
2026-08-13 18:53:33.472771,IRB,62.4,6077,62.35,2370712,62.45,2433698
2026-08-13 18:53:33.489827,HFCL,116.98,2620,116.92,2431400,117.04,2454128
2026-08-13 18:53:33.508422,NMDC,218.1,11537,217.99,1407529,218.21,2250662
2026-08-13 18:53:33.522350,TATAPOWER,414.32,2037,414.11,1561447,414.53,2163480
2026-08-13 18:53:33.554661,BHEL,286.36,6168,286.22,2471129,286.5,2400208
2026-08-13 18:53:33.569298,HUDCO,193.29,1040,193.19,2420580,193.39,2043977
2026-08-13 18:53:33.572620,PNB,114.0,1599,113.94,1061198,114.06,1854131
2026-08-13 18:53:33.589136,NHPC,94.03,11702,93.98,1244953,94.08,1080278
2026-08-13 18:53:33.606099,SMALLCAP1,45.24,2682,45.19,8282,45.29,19668
2026-08-13 18:53:33.622314,RELIANCE,2838.58,11048,2837.16,1552749,2840.0,2028305
2026-08-13 18:53:33.639793,TCS,3688.28,14653,3686.44,1946443,3690.12,2352091
2026-08-13 18:53:33.655976,INFY,1466.87,11462,1466.14,2125104,1467.6,1379677
2026-08-13 18:53:33.672239,PENNYSTOCK,14.52,76290,14.47,2391062,14.57,1680240
2026-08-13 18:53:48.407553,IDFCFIRSTB,72.54,8637,72.49,1977448,72.59,1241069
2026-08-13 18:53:48.437009,SUZLON,54.06,9391,54.01,1397829,54.11,1591313
2026-08-13 18:53:48.439007,GMRINFRA,88.59,10113,88.54,2210961,88.64,1799256
2026-08-13 18:53:48.455738,SOUTHBANK,32.49,1285,32.44,1898017,32.54,1812804
2026-08-13 18:53:48.472771,IRB,62.36,10186,62.31,1372665,62.41,2249464
2026-08-13 18:53:48.489827,HFCL,117.21,11445,117.15,1280072,117.27,2177652
2026-08-13 18:53:48.508422,NMDC,218.41,6863,218.3,1364304,218.52,1577181
2026-08-13 18:53:48.522350,TATAPOWER,413.8,9847,413.59,2439081,414.01,2044520
2026-08-13 18:53:48.554661,BHEL,286.47,3099,286.33,1613483,286.61,1473506
2026-08-13 18:53:48.569298,HUDCO,192.85,9726,192.75,2028078,192.95,1788773
2026-08-13 18:53:48.572620,PNB,113.97,8346,113.91,1801970,114.03,1209520
2026-08-13 18:53:48.589136,NHPC,94.05,11789,94.0,2415598,94.1,2055344
2026-08-13 18:53:48.606099,SMALLCAP1,45.23,664,45.18,22963,45.28,7312
2026-08-13 18:53:48.622314,RELIANCE,2831.79,1254,2830.37,1916844,2833.21,1745461
2026-08-13 18:53:48.639793,TCS,3699.86,11590,3698.01,2449884,3701.71,1976487
2026-08-13 18:53:48.655976,INFY,1465.28,14141,1464.55,1844905,1466.01,1175567
2026-08-13 18:53:48.672239,PENNYSTOCK,14.51,11037,14.46,1698905,14.56,1545169
2026-08-13 18:54:03.407553,IDFCFIRSTB,72.38,9810,72.33,2086196,72.43,1159204
2026-08-13 18:54:03.437009,SUZLON,54.0,8730,53.95,1191331,54.05,1671530
2026-08-13 18:54:03.439007,GMRINFRA,88.65,1782,88.6,2090810,88.7,2496014
2026-08-13 18:54:03.455738,SOUTHBANK,32.48,11269,32.43,1174034,32.53,1397839
2026-08-13 18:54:03.472771,IRB,62.3,9272,62.25,1774213,62.35,1121434
2026-08-13 18:54:03.489827,HFCL,117.24,10093,117.18,1655747,117.3,1574210
2026-08-13 18:54:03.508422,NMDC,218.91,5154,218.8,2288075,219.02,1522428
2026-08-13 18:54:03.522350,TATAPOWER,413.4,12692,413.19,1932492,413.61,1986341
2026-08-13 18:54:03.554661,BHEL,286.86,1547,286.72,1950495,287.0,1968009
2026-08-13 18:54:03.569298,HUDCO,192.96,14488,192.86,1095867,193.06,1432211
2026-08-13 18:54:03.572620,PNB,114.01,8338,113.95,1252193,114.07,1704130
2026-08-13 18:54:03.589136,NHPC,94.06,2450,94.01,1473010,94.11,1632186
2026-08-13 18:54:03.606099,SMALLCAP1,45.23,425,45.18,15372,45.28,16317
2026-08-13 18:54:03.622314,RELIANCE,2829.34,98497,2827.93,1411627,2830.75,1938002
2026-08-13 18:54:03.639793,TCS,3700.3,3483,3698.45,2294673,3702.15,1793261
2026-08-13 18:54:03.655976,INFY,1466.65,13481,1465.92,1418927,1467.38,2252248
2026-08-13 18:54:03.672239,PENNYSTOCK,14.49,2539,14.44,1402115,14.54,2184839
2026-08-13 18:54:18.407553,IDFCFIRSTB,72.27,7661,72.22,1429578,72.32,2157073
2026-08-13 18:54:18.437009,SUZLON,54.1,6568,54.05,2316146,54.15,1124442
2026-08-13 18:54:18.439007,GMRINFRA,88.73,8313,88.68,2258169,88.78,1831135
2026-08-13 18:54:18.455738,SOUTHBANK,32.61,12291,32.56,1830844,32.66,2159667
2026-08-13 18:54:18.472771,IRB,62.4,8980,62.35,1951542,62.45,1340981
2026-08-13 18:54:18.489827,HFCL,117.37,13550,117.31,2394365,117.43,2496628
2026-08-13 18:54:18.508422,NMDC,218.7,5940,218.59,1552093,218.81,1980208
2026-08-13 18:54:18.522350,TATAPOWER,413.01,13221,412.8,2422693,413.22,1596847
2026-08-13 18:54:18.554661,BHEL,286.84,6033,286.7,1549315,286.98,2459652
2026-08-13 18:54:18.569298,HUDCO,192.95,3052,192.85,1325318,193.05,1313520
2026-08-13 18:54:18.572620,PNB,113.98,5404,113.92,2058111,114.04,2179556
2026-08-13 18:54:18.589136,NHPC,94.02,9248,93.97,1105218,94.07,1353596
2026-08-13 18:54:18.606099,SMALLCAP1,45.17,177,45.12,11080,45.22,9281
2026-08-13 18:54:18.622314,RELIANCE,2833.21,5097,2831.79,2275249,2834.63,1925699
2026-08-13 18:54:18.639793,TCS,3709.12,2623,3707.27,2046357,3710.97,2073864
2026-08-13 18:54:18.655976,INFY,1466.96,8568,1466.23,1162014,1467.69,1371773
2026-08-13 18:54:18.672239,PENNYSTOCK,14.5,2530,14.45,2383556,14.55,2456967
2026-08-13 18:54:33.407553,IDFCFIRSTB,72.37,13195,72.32,1740225,72.42,2336499
2026-08-13 18:54:33.437009,SUZLON,54.12,13602,54.07,1611803,54.17,1146548
2026-08-13 18:54:33.439007,GMRINFRA,88.59,8035,88.54,1713571,88.64,2332651
2026-08-13 18:54:33.455738,SOUTHBANK,32.65,9497,32.6,1860748,32.7,1494881
2026-08-13 18:54:33.472771,IRB,62.4,14204,62.35,2136012,62.45,1135235
2026-08-13 18:54:33.489827,HFCL,117.13,77940,117.07,1347889,117.19,2379656
2026-08-13 18:54:33.508422,NMDC,218.69,8051,218.58,1409504,218.8,2494424
2026-08-13 18:54:33.522350,TATAPOWER,414.19,13510,413.98,2288296,414.4,1910090
2026-08-13 18:54:33.554661,BHEL,287.65,1729,287.51,1998952,287.79,1596214
2026-08-13 18:54:33.569298,HUDCO,193.04,5100,192.94,1930829,193.14,1924023
2026-08-13 18:54:33.572620,PNB,114.13,27291,114.07,1566155,114.19,1130805
2026-08-13 18:54:33.589136,NHPC,94.08,9490,94.03,1939515,94.13,1734861
2026-08-13 18:54:33.606099,SMALLCAP1,45.18,155,45.13,7831,45.23,6495
2026-08-13 18:54:33.622314,RELIANCE,2833.67,6281,2832.25,1881602,2835.09,1391498
2026-08-13 18:54:33.639793,TCS,3703.34,13511,3701.49,1612594,3705.19,1806793
2026-08-13 18:54:33.655976,INFY,1463.54,750,1462.81,1532548,1464.27,2369823
2026-08-13 18:54:33.672239,PENNYSTOCK,14.5,5535,14.45,1700953,14.55,1336254
2026-08-13 18:54:48.407553,IDFCFIRSTB,72.42,7477,72.37,1243093,72.47,1337225
2026-08-13 18:54:48.437009,SUZLON,54.08,14837,54.03,1923333,54.13,1452478
2026-08-13 18:54:48.439007,GMRINFRA,88.68,10519,88.63,1650343,88.73,2044866
2026-08-13 18:54:48.455738,SOUTHBANK,32.75,9114,32.7,2150392,32.8,1663468
2026-08-13 18:54:48.472771,IRB,62.2,4283,62.15,2073719,62.25,1723903
2026-08-13 18:54:48.489827,HFCL,117.14,6833,117.08,1934401,117.2,1429387
2026-08-13 18:54:48.508422,NMDC,219.14,4761,219.03,1813171,219.25,1662990
2026-08-13 18:54:48.522350,TATAPOWER,413.58,4600,413.37,1179312,413.79,2284717
2026-08-13 18:54:48.554661,BHEL,287.48,11946,287.34,1906779,287.62,2220686
2026-08-13 18:54:48.569298,HUDCO,192.79,5827,192.69,1787978,192.89,2372033
2026-08-13 18:54:48.572620,PNB,113.84,9938,113.78,1234662,113.9,1891367
2026-08-13 18:54:48.589136,NHPC,93.91,11126,93.86,1161938,93.96,1706585
2026-08-13 18:54:48.606099,SMALLCAP1,45.1,129,45.05,13355,45.15,8031
2026-08-13 18:54:48.622314,RELIANCE,2831.97,5914,2830.55,1063555,2833.39,1529060
2026-08-13 18:54:48.639793,TCS,3693.29,11050,3691.44,2407741,3695.14,1062092
2026-08-13 18:54:48.655976,INFY,1463.08,3827,1462.35,1944878,1463.81,2384436
2026-08-13 18:54:48.672239,PENNYSTOCK,14.47,8841,14.42,1226604,14.52,2431414
2026-08-13 18:55:03.407553,IDFCFIRSTB,72.5,1787,72.45,1829460,72.55,1379999
2026-08-13 18:55:03.437009,SUZLON,54.01,964,53.96,1250394,54.06,2325449
2026-08-13 18:55:03.439007,GMRINFRA,88.72,14951,88.67,1538273,88.77,2468865
2026-08-13 18:55:03.455738,SOUTHBANK,32.71,2378,32.66,1479320,32.76,2085719
2026-08-13 18:55:03.472771,IRB,62.14,4844,62.09,1607231,62.19,1399194
2026-08-13 18:55:03.489827,HFCL,117.31,1543,117.25,1672894,117.37,1917007
2026-08-13 18:55:03.508422,NMDC,218.85,8805,218.74,2147533,218.96,2085130
2026-08-13 18:55:03.522350,TATAPOWER,413.55,2528,413.34,1105148,413.76,1251648
2026-08-13 18:55:03.554661,BHEL,287.2,3942,287.06,2476990,287.34,1153520
2026-08-13 18:55:03.569298,HUDCO,192.75,981,192.65,1532994,192.85,2314373
2026-08-13 18:55:03.572620,PNB,113.57,13114,113.51,2081183,113.63,1397200
2026-08-13 18:55:03.589136,NHPC,93.99,2853,93.94,1396443,94.04,2143061
2026-08-13 18:55:03.606099,SMALLCAP1,45.2,335,45.15,16607,45.25,10448
2026-08-13 18:55:03.622314,RELIANCE,2825.29,2723,2823.88,1842848,2826.7,2129716
2026-08-13 18:55:03.639793,TCS,3701.59,14036,3699.74,2277035,3703.44,2492358
2026-08-13 18:55:03.655976,INFY,1462.55,9515,1461.82,1748323,1463.28,1334038
2026-08-13 18:55:03.672239,PENNYSTOCK,14.44,7954,14.39,1572396,14.49,1487680
2026-08-13 18:55:18.407553,IDFCFIRSTB,72.54,13806,72.49,2493925,72.59,2346613
2026-08-13 18:55:18.437009,SUZLON,54.08,10145,54.03,2235279,54.13,1950345
2026-08-13 18:55:18.439007,GMRINFRA,88.72,2347,88.67,1808407,88.77,1879032
2026-08-13 18:55:18.455738,SOUTHBANK,32.69,13842,32.64,2371777,32.74,1801658
2026-08-13 18:55:18.472771,IRB,61.96,3101,61.91,1624370,62.01,2339098
2026-08-13 18:55:18.489827,HFCL,117.34,4035,117.28,1236974,117.4,1219607
2026-08-13 18:55:18.508422,NMDC,218.59,14032,218.48,2424473,218.7,2293080
2026-08-13 18:55:18.522350,TATAPOWER,413.75,14753,413.54,2387542,413.96,1706115
2026-08-13 18:55:18.554661,BHEL,287.34,15138,287.2,1264646,287.48,1458012
2026-08-13 18:55:18.569298,HUDCO,192.51,3021,192.41,2405733,192.61,1459078
2026-08-13 18:55:18.572620,PNB,113.58,7680,113.52,1790819,113.64,1735081
2026-08-13 18:55:18.589136,NHPC,94.09,9625,94.04,1383060,94.14,1275038
2026-08-13 18:55:18.606099,SMALLCAP1,45.14,823,45.09,17780,45.19,19927
2026-08-13 18:55:18.622314,RELIANCE,2823.33,7695,2821.92,1240095,2824.74,2225542
2026-08-13 18:55:18.639793,TCS,3702.24,2009,3700.39,2358337,3704.09,1618168
2026-08-13 18:55:18.655976,INFY,1462.21,2901,1461.48,2415304,1462.94,1621723
2026-08-13 18:55:18.672239,PENNYSTOCK,14.46,6116,14.41,1959792,14.51,1252455
2026-08-13 18:55:33.407553,IDFCFIRSTB,72.53,7978,72.48,1701604,72.58,1283239
2026-08-13 18:55:33.437009,SUZLON,54.09,5439,54.04,1985238,54.14,2043100
2026-08-13 18:55:33.439007,GMRINFRA,88.69,14403,88.64,2225633,88.74,1680209
2026-08-13 18:55:33.455738,SOUTHBANK,32.75,6402,32.7,1145083,32.8,1141107
2026-08-13 18:55:33.472771,IRB,62.08,7175,62.03,1207221,62.13,2416256
2026-08-13 18:55:33.489827,HFCL,117.35,9130,117.29,1055344,117.41,1772689
2026-08-13 18:55:33.508422,NMDC,218.62,6348,218.51,2423726,218.73,1338339
2026-08-13 18:55:33.522350,TATAPOWER,414.75,13571,414.54,1303862,414.96,1377503
2026-08-13 18:55:33.554661,BHEL,287.3,1916,287.16,1385816,287.44,1305730
2026-08-13 18:55:33.569298,HUDCO,192.67,1965,192.57,2062220,192.77,2299796
2026-08-13 18:55:33.572620,PNB,113.85,14192,113.79,1874363,113.91,2244467
2026-08-13 18:55:33.589136,NHPC,93.97,6486,93.92,1299675,94.02,1522302
2026-08-13 18:55:33.606099,SMALLCAP1,45.06,695,45.01,11780,45.11,6767
2026-08-13 18:55:33.622314,RELIANCE,2829.72,11480,2828.31,1808381,2831.13,1053801
2026-08-13 18:55:33.639793,TCS,3701.94,14375,3700.09,2021999,3703.79,2130807
2026-08-13 18:55:33.655976,INFY,1463.63,1400,1462.9,1690407,1464.36,1172840
2026-08-13 18:55:33.672239,PENNYSTOCK,14.45,1610,14.4,1377222,14.5,1970028
2026-08-13 18:55:48.407553,IDFCFIRSTB,72.83,3749,72.78,1311609,72.88,1413009
2026-08-13 18:55:48.437009,SUZLON,54.11,6893,54.06,1998854,54.16,2091648
2026-08-13 18:55:48.439007,GMRINFRA,88.8,9833,88.75,2169311,88.85,2120631
2026-08-13 18:55:48.455738,SOUTHBANK,32.88,13020,32.83,1651637,32.93,1111878
2026-08-13 18:55:48.472771,IRB,62.06,5848,62.01,2162101,62.11,1813752
2026-08-13 18:55:48.489827,HFCL,117.26,6508,117.2,1838458,117.32,1552809
2026-08-13 18:55:48.508422,NMDC,218.43,9178,218.32,1308206,218.54,1231607
2026-08-13 18:55:48.522350,TATAPOWER,414.92,14727,414.71,1094849,415.13,2237836
2026-08-13 18:55:48.554661,BHEL,286.79,14099,286.65,2230730,286.93,1927918
2026-08-13 18:55:48.569298,HUDCO,192.66,8248,192.56,1120570,192.76,1538990
2026-08-13 18:55:48.572620,PNB,113.73,8175,113.67,1341248,113.79,1465740
2026-08-13 18:55:48.589136,NHPC,94.02,9220,93.97,1649601,94.07,1260339
2026-08-13 18:55:48.606099,SMALLCAP1,45.02,519,44.97,24691,45.07,18483
2026-08-13 18:55:48.622314,RELIANCE,2831.05,11120,2829.63,2499405,2832.47,1332703
2026-08-13 18:55:48.639793,TCS,3702.36,10075,3700.51,2135149,3704.21,2470910
2026-08-13 18:55:48.655976,INFY,1466.28,4034,1465.55,1339270,1467.01,1792084
2026-08-13 18:55:48.672239,PENNYSTOCK,14.49,12514,14.44,1572854,14.54,1232988
2026-08-13 18:56:03.407553,IDFCFIRSTB,72.87,12990,72.82,2357620,72.92,2146449
2026-08-13 18:56:03.437009,SUZLON,54.24,9449,54.19,1075045,54.29,2350959
2026-08-13 18:56:03.439007,GMRINFRA,88.61,1843,88.56,1392631,88.66,1655387
2026-08-13 18:56:03.455738,SOUTHBANK,32.89,13769,32.84,1130050,32.94,1374382
2026-08-13 18:56:03.472771,IRB,62.22,13160,62.17,2118667,62.27,1930760
2026-08-13 18:56:03.489827,HFCL,117.35,3074,117.29,1399728,117.41,1482757
2026-08-13 18:56:03.508422,NMDC,218.62,13401,218.51,1050972,218.73,1693491
2026-08-13 18:56:03.522350,TATAPOWER,415.03,11640,414.82,2252375,415.24,1745195
2026-08-13 18:56:03.554661,BHEL,287.05,12470,286.91,1645173,287.19,1397708
2026-08-13 18:56:03.569298,HUDCO,192.79,1706,192.69,1689380,192.89,1941150
2026-08-13 18:56:03.572620,PNB,113.64,1141,113.58,2049456,113.7,1885257
2026-08-13 18:56:03.589136,NHPC,93.92,7641,93.87,2428729,93.97,1523965
2026-08-13 18:56:03.606099,SMALLCAP1,45.08,414,45.03,8960,45.13,15577
2026-08-13 18:56:03.622314,RELIANCE,2835.37,2187,2833.95,1846335,2836.79,1177688
2026-08-13 18:56:03.639793,TCS,3689.6,6368,3687.76,2209036,3691.44,1573246
2026-08-13 18:56:03.655976,INFY,1466.84,9927,1466.11,1404349,1467.57,1335069
2026-08-13 18:56:03.672239,PENNYSTOCK,14.5,7659,14.45,1439495,14.55,1666050
2026-08-13 18:56:18.407553,IDFCFIRSTB,72.67,11856,72.62,2201326,72.72,1473934
2026-08-13 18:56:18.437009,SUZLON,54.37,14977,54.32,1859102,54.42,1452845
2026-08-13 18:56:18.439007,GMRINFRA,88.72,12557,88.67,1744556,88.77,1133452
2026-08-13 18:56:18.455738,SOUTHBANK,32.82,5349,32.77,1410522,32.87,1114584
2026-08-13 18:56:18.472771,IRB,62.1,1349,62.05,1977314,62.15,1582803
2026-08-13 18:56:18.489827,HFCL,116.9,11783,116.84,1481961,116.96,1765201
2026-08-13 18:56:18.508422,NMDC,218.91,13388,218.8,2459336,219.02,2271258
2026-08-13 18:56:18.522350,TATAPOWER,414.7,14728,414.49,1937906,414.91,1695370
2026-08-13 18:56:18.554661,BHEL,287.04,10891,286.9,2082328,287.18,1689126
2026-08-13 18:56:18.569298,HUDCO,193.09,6977,192.99,2444312,193.19,2260346
2026-08-13 18:56:18.572620,PNB,113.72,10223,113.66,1154138,113.78,1994421
2026-08-13 18:56:18.589136,NHPC,93.87,5209,93.82,1057902,93.92,1784578
2026-08-13 18:56:18.606099,SMALLCAP1,45.13,744,45.08,15349,45.18,18487
2026-08-13 18:56:18.622314,RELIANCE,2827.72,6395,2826.31,1635854,2829.13,2136299
2026-08-13 18:56:18.639793,TCS,3691.43,5482,3689.58,1597209,3693.28,2485227
2026-08-13 18:56:18.655976,INFY,1464.78,9909,1464.05,1236781,1465.51,1224839
2026-08-13 18:56:18.672239,PENNYSTOCK,14.49,10810,14.44,2422300,14.54,1349648
2026-08-13 18:56:33.407553,IDFCFIRSTB,72.63,10234,72.58,2097061,72.68,1092129
2026-08-13 18:56:33.437009,SUZLON,54.65,9115,54.6,1535196,54.7,2251964
2026-08-13 18:56:33.439007,GMRINFRA,88.88,10729,88.83,1292100,88.93,1782179
2026-08-13 18:56:33.455738,SOUTHBANK,32.83,9063,32.78,1651671,32.88,2066379
2026-08-13 18:56:33.472771,IRB,62.13,2497,62.08,2305228,62.18,2260307
2026-08-13 18:56:33.489827,HFCL,117.11,10562,117.05,1388517,117.17,2181318
2026-08-13 18:56:33.508422,NMDC,218.44,8544,218.33,1150824,218.55,1530408
2026-08-13 18:56:33.522350,TATAPOWER,414.84,4287,414.63,1473791,415.05,1948825
2026-08-13 18:56:33.554661,BHEL,286.96,9925,286.82,1397081,287.1,1676587
2026-08-13 18:56:33.569298,HUDCO,192.86,14258,192.76,1532397,192.96,2493980
2026-08-13 18:56:33.572620,PNB,113.49,8219,113.43,1963656,113.55,1900420
2026-08-13 18:56:33.589136,NHPC,93.97,9402,93.92,2290786,94.02,2415939
2026-08-13 18:56:33.606099,SMALLCAP1,45.16,412,45.11,10371,45.21,14549
2026-08-13 18:56:33.622314,RELIANCE,2827.47,7408,2826.06,2192568,2828.88,1736395
2026-08-13 18:56:33.639793,TCS,3695.47,3922,3693.62,1128385,3697.32,1538222
2026-08-13 18:56:33.655976,INFY,1467.86,7492,1467.13,1340739,1468.59,1769106
2026-08-13 18:56:33.672239,PENNYSTOCK,14.5,10996,14.45,1831293,14.55,1400869
2026-08-13 18:56:48.407553,IDFCFIRSTB,72.6,6898,72.55,1416417,72.65,1380844
2026-08-13 18:56:48.437009,SUZLON,54.64,4544,54.59,1109811,54.69,1278411
2026-08-13 18:56:48.439007,GMRINFRA,88.99,12840,88.94,2198090,89.04,1128728
2026-08-13 18:56:48.455738,SOUTHBANK,32.78,9262,32.73,2342182,32.83,2209199
2026-08-13 18:56:48.472771,IRB,62.08,8342,62.03,1474580,62.13,1709242
2026-08-13 18:56:48.489827,HFCL,117.14,14300,117.08,1560741,117.2,2499614
2026-08-13 18:56:48.508422,NMDC,218.48,8558,218.37,1961875,218.59,1640892
2026-08-13 18:56:48.522350,TATAPOWER,414.96,8824,414.75,2421023,415.17,1302092
2026-08-13 18:56:48.554661,BHEL,286.31,2129,286.17,2302008,286.45,1338790
2026-08-13 18:56:48.569298,HUDCO,193.19,12536,193.09,2254301,193.29,2488372
2026-08-13 18:56:48.572620,PNB,113.46,10806,113.4,1059828,113.52,1428041
2026-08-13 18:56:48.589136,NHPC,94.18,65970,94.13,1931726,94.23,1472515
2026-08-13 18:56:48.606099,SMALLCAP1,45.26,198,45.21,23310,45.31,14646
2026-08-13 18:56:48.622314,RELIANCE,2830.97,11046,2829.55,1542931,2832.39,1754452
2026-08-13 18:56:48.639793,TCS,3697.09,10905,3695.24,2244742,3698.94,1476786
2026-08-13 18:56:48.655976,INFY,1467.77,14651,1467.04,1133123,1468.5,1947012
2026-08-13 18:56:48.672239,PENNYSTOCK,14.47,14446,14.42,1884539,14.52,2086759
2026-08-13 18:57:03.407553,IDFCFIRSTB,72.54,1493,72.49,1395527,72.59,1510889
2026-08-13 18:57:03.437009,SUZLON,54.62,4966,54.57,2222136,54.67,2395243
2026-08-13 18:57:03.439007,GMRINFRA,88.85,10191,88.8,2442401,88.9,1931632
2026-08-13 18:57:03.455738,SOUTHBANK,32.74,4129,32.69,1821504,32.79,2239671
2026-08-13 18:57:03.472771,IRB,62.03,706,61.98,1335600,62.08,1174885
2026-08-13 18:57:03.489827,HFCL,117.25,12887,117.19,1473218,117.31,2410454
2026-08-13 18:57:03.508422,NMDC,218.76,3949,218.65,2306279,218.87,2048692
2026-08-13 18:57:03.522350,TATAPOWER,414.7,3242,414.49,2498021,414.91,1649031
2026-08-13 18:57:03.554661,BHEL,286.42,6935,286.28,2098228,286.56,1940041
2026-08-13 18:57:03.569298,HUDCO,193.33,11040,193.23,1899273,193.43,2433265
2026-08-13 18:57:03.572620,PNB,113.4,14024,113.34,2013234,113.46,1909961
2026-08-13 18:57:03.589136,NHPC,94.22,13219,94.17,1967369,94.27,2426959
2026-08-13 18:57:03.606099,SMALLCAP1,45.39,823,45.34,21408,45.44,9836
2026-08-13 18:57:03.622314,RELIANCE,2837.62,13764,2836.2,2405607,2839.04,1898338
2026-08-13 18:57:03.639793,TCS,3700.38,13141,3698.53,1206305,3702.23,1711122
2026-08-13 18:57:03.655976,INFY,1465.37,14716,1464.64,1255997,1466.1,2062510
2026-08-13 18:57:03.672239,PENNYSTOCK,14.47,14996,14.42,2261137,14.52,2320889
2026-08-13 18:57:18.407553,IDFCFIRSTB,72.34,614,72.29,2060319,72.39,2008776
2026-08-13 18:57:18.437009,SUZLON,54.54,13438,54.49,2407598,54.59,1444235
2026-08-13 18:57:18.439007,GMRINFRA,88.78,3676,88.73,1446483,88.83,1573648
2026-08-13 18:57:18.455738,SOUTHBANK,32.75,7954,32.7,1773603,32.8,2471909
2026-08-13 18:57:18.472771,IRB,62.13,9738,62.08,1701823,62.18,1534981
2026-08-13 18:57:18.489827,HFCL,117.19,7362,117.13,1625686,117.25,2252897
2026-08-13 18:57:18.508422,NMDC,219.05,7794,218.94,2375971,219.16,1789137
2026-08-13 18:57:18.522350,TATAPOWER,414.47,14380,414.26,1363516,414.68,1826666
2026-08-13 18:57:18.554661,BHEL,285.99,8760,285.85,2231475,286.13,1200490
2026-08-13 18:57:18.569298,HUDCO,193.11,8488,193.01,2240187,193.21,2393953
2026-08-13 18:57:18.572620,PNB,113.2,82808,113.14,1185172,113.26,1723928
2026-08-13 18:57:18.589136,NHPC,94.41,11140,94.36,2476824,94.46,1641398
2026-08-13 18:57:18.606099,SMALLCAP1,45.46,798,45.41,12569,45.51,8027
2026-08-13 18:57:18.622314,RELIANCE,2838.0,11196,2836.58,1718993,2839.42,1292444
2026-08-13 18:57:18.639793,TCS,3698.61,8556,3696.76,1972959,3700.46,1275410
2026-08-13 18:57:18.655976,INFY,1465.21,8118,1464.48,1649511,1465.94,1869840
2026-08-13 18:57:18.672239,PENNYSTOCK,14.47,1024,14.42,1321857,14.52,1273095
2026-08-13 18:57:33.407553,IDFCFIRSTB,72.4,13680,72.35,2499290,72.45,1146011
2026-08-13 18:57:33.437009,SUZLON,54.58,12812,54.53,2287306,54.63,1434998
2026-08-13 18:57:33.439007,GMRINFRA,88.88,12500,88.83,2182941,88.93,1812434
2026-08-13 18:57:33.455738,SOUTHBANK,32.71,4422,32.66,1967931,32.76,2051733
2026-08-13 18:57:33.472771,IRB,62.15,11294,62.1,1650938,62.2,2169918
2026-08-13 18:57:33.489827,HFCL,117.38,13328,117.32,2172073,117.44,2229275
2026-08-13 18:57:33.508422,NMDC,218.77,14749,218.66,2468837,218.88,1181064
2026-08-13 18:57:33.522350,TATAPOWER,414.55,9086,414.34,1543802,414.76,1528816
2026-08-13 18:57:33.554661,BHEL,286.3,3731,286.16,1819712,286.44,2459874
2026-08-13 18:57:33.569298,HUDCO,193.33,12472,193.23,1404126,193.43,1058555
2026-08-13 18:57:33.572620,PNB,113.37,10313,113.31,1601385,113.43,2400301
2026-08-13 18:57:33.589136,NHPC,94.35,11180,94.3,1780175,94.4,2078716
2026-08-13 18:57:33.606099,SMALLCAP1,45.45,720,45.4,9797,45.5,11579
2026-08-13 18:57:33.622314,RELIANCE,2837.72,75270,2836.3,1313781,2839.14,2297622
2026-08-13 18:57:33.639793,TCS,3697.41,3509,3695.56,2084046,3699.26,1199947
2026-08-13 18:57:33.655976,INFY,1462.78,12620,1462.05,2412685,1463.51,2085232
2026-08-13 18:57:33.672239,PENNYSTOCK,14.48,2159,14.43,1251843,14.53,1978505
2026-08-13 18:57:48.407553,IDFCFIRSTB,72.48,3912,72.43,1261112,72.53,1291509
2026-08-13 18:57:48.437009,SUZLON,54.49,2344,54.44,1637202,54.54,1945730
2026-08-13 18:57:48.439007,GMRINFRA,88.83,2230,88.78,1460114,88.88,2417907
2026-08-13 18:57:48.455738,SOUTHBANK,32.72,813,32.67,1942287,32.77,2393279
2026-08-13 18:57:48.472771,IRB,62.16,1566,62.11,1127871,62.21,1387236
2026-08-13 18:57:48.489827,HFCL,117.52,5794,117.46,1380381,117.58,2109710
2026-08-13 18:57:48.508422,NMDC,219.22,2900,219.11,1064350,219.33,1790115
2026-08-13 18:57:48.522350,TATAPOWER,414.39,8868,414.18,2349047,414.6,1389021
2026-08-13 18:57:48.554661,BHEL,286.65,13291,286.51,1116384,286.79,2026520
2026-08-13 18:57:48.569298,HUDCO,193.5,14343,193.4,1805632,193.6,2185868
2026-08-13 18:57:48.572620,PNB,113.27,11091,113.21,2164842,113.33,2076350
2026-08-13 18:57:48.589136,NHPC,94.06,978,94.01,1106166,94.11,1371129
2026-08-13 18:57:48.606099,SMALLCAP1,45.52,765,45.47,23890,45.57,8980
2026-08-13 18:57:48.622314,RELIANCE,2837.86,91992,2836.44,2338777,2839.28,1533678
2026-08-13 18:57:48.639793,TCS,3688.01,3212,3686.17,2085216,3689.85,1955688
2026-08-13 18:57:48.655976,INFY,1467.27,3374,1466.54,1757904,1468.0,1700104
2026-08-13 18:57:48.672239,PENNYSTOCK,14.5,7765,14.45,1478525,14.55,2340893
2026-08-13 18:58:03.407553,IDFCFIRSTB,72.38,10756,72.33,1393320,72.43,1149576
2026-08-13 18:58:03.437009,SUZLON,54.37,8935,54.32,1946209,54.42,1101122
2026-08-13 18:58:03.439007,GMRINFRA,89.0,5663,88.95,1259953,89.05,2355476
2026-08-13 18:58:03.455738,SOUTHBANK,32.76,13097,32.71,2423060,32.81,2052300
2026-08-13 18:58:03.472771,IRB,62.19,5817,62.14,1392534,62.24,2468722
2026-08-13 18:58:03.489827,HFCL,117.24,8287,117.18,1554554,117.3,1745452
2026-08-13 18:58:03.508422,NMDC,218.76,10918,218.65,2203030,218.87,2228767
2026-08-13 18:58:03.522350,TATAPOWER,415.05,7021,414.84,1801308,415.26,1507294
2026-08-13 18:58:03.554661,BHEL,287.07,10053,286.93,1088144,287.21,2496285
2026-08-13 18:58:03.569298,HUDCO,193.52,12810,193.42,2318842,193.62,2448982
2026-08-13 18:58:03.572620,PNB,113.28,11153,113.22,2189765,113.34,1435126
2026-08-13 18:58:03.589136,NHPC,93.86,1355,93.81,2399515,93.91,1645955
2026-08-13 18:58:03.606099,SMALLCAP1,45.63,457,45.58,17624,45.68,17655
2026-08-13 18:58:03.622314,RELIANCE,2841.07,12692,2839.65,2094869,2842.49,1823913
2026-08-13 18:58:03.639793,TCS,3688.75,9737,3686.91,1265588,3690.59,2285863
2026-08-13 18:58:03.655976,INFY,1465.5,1163,1464.77,2415870,1466.23,2481957
2026-08-13 18:58:03.672239,PENNYSTOCK,14.53,14160,14.48,1794067,14.58,1428483
2026-08-13 18:58:18.407553,IDFCFIRSTB,72.33,1278,72.28,1878892,72.38,2270782
2026-08-13 18:58:18.437009,SUZLON,54.25,11039,54.2,1640387,54.3,1386868
2026-08-13 18:58:18.439007,GMRINFRA,88.85,12536,88.8,1380711,88.9,2216926
2026-08-13 18:58:18.455738,SOUTHBANK,32.76,5904,32.71,1610326,32.81,1877725
2026-08-13 18:58:18.472771,IRB,62.18,34940,62.13,2116874,62.23,1416637
2026-08-13 18:58:18.489827,HFCL,117.07,6611,117.01,1994652,117.13,2113924
2026-08-13 18:58:18.508422,NMDC,219.12,2422,219.01,1286465,219.23,1444066
2026-08-13 18:58:18.522350,TATAPOWER,414.99,11072,414.78,1346500,415.2,1738007
2026-08-13 18:58:18.554661,BHEL,286.8,12457,286.66,2039905,286.94,2474022
2026-08-13 18:58:18.569298,HUDCO,194.18,11863,194.08,1415788,194.28,2182848
2026-08-13 18:58:18.572620,PNB,112.99,10636,112.93,1287012,113.05,2278084
2026-08-13 18:58:18.589136,NHPC,94.1,6728,94.05,2433442,94.15,2483666
2026-08-13 18:58:18.606099,SMALLCAP1,45.65,152,45.6,7366,45.7,11213
2026-08-13 18:58:18.622314,RELIANCE,2833.38,7193,2831.96,2380061,2834.8,2114548
2026-08-13 18:58:18.639793,TCS,3689.33,10442,3687.49,1197176,3691.17,1610550
2026-08-13 18:58:18.655976,INFY,1465.68,9628,1464.95,2098028,1466.41,2402968
2026-08-13 18:58:18.672239,PENNYSTOCK,14.54,8447,14.49,1399568,14.59,2043225
2026-08-13 18:58:33.407553,IDFCFIRSTB,72.32,5045,72.27,1852611,72.37,1451680
2026-08-13 18:58:33.437009,SUZLON,54.33,11910,54.28,1079023,54.38,1981374
2026-08-13 18:58:33.439007,GMRINFRA,88.7,1233,88.65,1738179,88.75,1225039
2026-08-13 18:58:33.455738,SOUTHBANK,32.72,10728,32.67,2192909,32.77,2018266
2026-08-13 18:58:33.472771,IRB,62.12,5505,62.07,1384405,62.17,1511455
2026-08-13 18:58:33.489827,HFCL,116.81,11093,116.75,2037483,116.87,1268318
2026-08-13 18:58:33.508422,NMDC,219.55,11019,219.44,2494717,219.66,2352520
2026-08-13 18:58:33.522350,TATAPOWER,414.51,3540,414.3,1284827,414.72,1061446
2026-08-13 18:58:33.554661,BHEL,286.78,12009,286.64,2334307,286.92,1954964
2026-08-13 18:58:33.569298,HUDCO,193.92,5835,193.82,1985745,194.02,2363366
2026-08-13 18:58:33.572620,PNB,112.95,14374,112.89,1662202,113.01,1705603
2026-08-13 18:58:33.589136,NHPC,94.09,14960,94.04,2492470,94.14,1668141
2026-08-13 18:58:33.606099,SMALLCAP1,45.65,2156,45.6,7259,45.7,17075
2026-08-13 18:58:33.622314,RELIANCE,2835.9,5416,2834.48,1271467,2837.32,1503523
2026-08-13 18:58:33.639793,TCS,3684.91,8559,3683.07,2263151,3686.75,2431815
2026-08-13 18:58:33.655976,INFY,1465.37,13362,1464.64,2103104,1466.1,1519316
2026-08-13 18:58:33.672239,PENNYSTOCK,14.55,10518,14.5,2411205,14.6,1359250
2026-08-13 18:58:48.407553,IDFCFIRSTB,72.2,116100,72.15,1239653,72.25,1664023
2026-08-13 18:58:48.437009,SUZLON,54.3,9360,54.25,1598747,54.35,2269700
2026-08-13 18:58:48.439007,GMRINFRA,88.58,13412,88.53,1135406,88.63,2188928
2026-08-13 18:58:48.455738,SOUTHBANK,32.65,66444,32.6,1401693,32.7,1373842
2026-08-13 18:58:48.472771,IRB,61.97,12714,61.92,2095482,62.02,2019794
2026-08-13 18:58:48.489827,HFCL,116.81,10770,116.75,1842451,116.87,2019184
2026-08-13 18:58:48.508422,NMDC,219.09,69190,218.98,1917793,219.2,1234957
2026-08-13 18:58:48.522350,TATAPOWER,413.26,28992,413.05,2284836,413.47,2366601
2026-08-13 18:58:48.554661,BHEL,287.33,1008,287.19,1333506,287.47,1885404
2026-08-13 18:58:48.569298,HUDCO,194.44,3348,194.34,2147003,194.54,2265031
2026-08-13 18:58:48.572620,PNB,112.91,12458,112.85,1191225,112.97,2114425
2026-08-13 18:58:48.589136,NHPC,94.21,12606,94.16,2189018,94.26,1138333
2026-08-13 18:58:48.606099,SMALLCAP1,45.66,587,45.61,19224,45.71,12872
2026-08-13 18:58:48.622314,RELIANCE,2838.18,9555,2836.76,1697178,2839.6,1870453
2026-08-13 18:58:48.639793,TCS,3685.27,14739,3683.43,1678687,3687.11,1799651
2026-08-13 18:58:48.655976,INFY,1464.53,6223,1463.8,2487198,1465.26,2118354
2026-08-13 18:58:48.672239,PENNYSTOCK,14.55,9831,14.5,1238566,14.6,1510781
2026-08-13 18:59:03.407553,IDFCFIRSTB,72.28,9292,72.23,1804076,72.33,1318025
2026-08-13 18:59:03.437009,SUZLON,54.31,10759,54.26,1412865,54.36,1186194
2026-08-13 18:59:03.439007,GMRINFRA,88.84,14702,88.79,1954180,88.89,2224308
2026-08-13 18:59:03.455738,SOUTHBANK,32.71,521,32.66,1059480,32.76,2235056
2026-08-13 18:59:03.472771,IRB,61.94,7892,61.89,1156307,61.99,1389353
2026-08-13 18:59:03.489827,HFCL,116.95,12600,116.89,2321332,117.01,1576358
2026-08-13 18:59:03.508422,NMDC,219.19,49338,219.08,1556876,219.3,1434654
2026-08-13 18:59:03.522350,TATAPOWER,414.08,3043,413.87,1312686,414.29,1600501
2026-08-13 18:59:03.554661,BHEL,288.59,13096,288.45,1896392,288.73,1686332
2026-08-13 18:59:03.569298,HUDCO,194.36,21915,194.26,1774695,194.46,2182921
2026-08-13 18:59:03.572620,PNB,113.02,11895,112.96,1094343,113.08,2145541
2026-08-13 18:59:03.589136,NHPC,94.22,11754,94.17,1209942,94.27,1241538
2026-08-13 18:59:03.606099,SMALLCAP1,45.61,8919,45.56,13532,45.66,8625
2026-08-13 18:59:03.622314,RELIANCE,2835.13,1951,2833.71,2375207,2836.55,1715816
2026-08-13 18:59:03.639793,TCS,3686.2,12981,3684.36,1286802,3688.04,2350243
2026-08-13 18:59:03.655976,INFY,1464.44,86724,1463.71,1218650,1465.17,2008854
2026-08-13 18:59:03.672239,PENNYSTOCK,14.57,826,14.52,1432924,14.62,1934254
2026-08-13 18:59:18.407553,IDFCFIRSTB,72.27,3649,72.22,1791957,72.32,2007541
2026-08-13 18:59:18.437009,SUZLON,54.24,11126,54.19,1425126,54.29,2191918
2026-08-13 18:59:18.439007,GMRINFRA,88.69,1512,88.64,2205407,88.74,2440360
2026-08-13 18:59:18.455738,SOUTHBANK,32.68,8758,32.63,1213196,32.73,1389722
2026-08-13 18:59:18.472771,IRB,62.02,6739,61.97,1593824,62.07,1358318
2026-08-13 18:59:18.489827,HFCL,116.9,7241,116.84,2308516,116.96,1220842
2026-08-13 18:59:18.508422,NMDC,219.31,4186,219.2,1373504,219.42,1736090
2026-08-13 18:59:18.522350,TATAPOWER,413.95,2441,413.74,2216180,414.16,1057887
2026-08-13 18:59:18.554661,BHEL,289.07,3890,288.93,1781137,289.21,1295619
2026-08-13 18:59:18.569298,HUDCO,194.61,7348,194.51,2269013,194.71,1104958
2026-08-13 18:59:18.572620,PNB,112.88,8154,112.82,1760728,112.94,2223691
2026-08-13 18:59:18.589136,NHPC,94.18,14909,94.13,2098449,94.23,2246782
2026-08-13 18:59:18.606099,SMALLCAP1,45.48,225,45.43,15641,45.53,16445
2026-08-13 18:59:18.622314,RELIANCE,2831.73,976,2830.31,1427288,2833.15,1981234
2026-08-13 18:59:18.639793,TCS,3684.66,12383,3682.82,1692341,3686.5,1103385
2026-08-13 18:59:18.655976,INFY,1464.87,3646,1464.14,1065899,1465.6,1810764
2026-08-13 18:59:18.672239,PENNYSTOCK,14.6,1093,14.55,1075832,14.65,1135311
2026-08-13 18:59:33.407553,IDFCFIRSTB,72.19,887,72.14,1978473,72.24,2164468
2026-08-13 18:59:33.437009,SUZLON,54.19,11345,54.14,2459470,54.24,1078347
2026-08-13 18:59:33.439007,GMRINFRA,88.48,7683,88.43,1550011,88.53,1829935
2026-08-13 18:59:33.455738,SOUTHBANK,32.8,14250,32.75,1304017,32.85,2007094
2026-08-13 18:59:33.472771,IRB,62.14,4139,62.09,1927719,62.19,1744914
2026-08-13 18:59:33.489827,HFCL,116.69,1567,116.63,2140774,116.75,2388146
2026-08-13 18:59:33.508422,NMDC,218.94,14590,218.83,2124507,219.05,2293348
2026-08-13 18:59:33.522350,TATAPOWER,412.97,13901,412.76,1674705,413.18,1847861
2026-08-13 18:59:33.554661,BHEL,289.09,6124,288.95,1862958,289.23,2062827
2026-08-13 18:59:33.569298,HUDCO,195.04,1393,194.94,1891661,195.14,1161906
2026-08-13 18:59:33.572620,PNB,113.08,3779,113.02,1242049,113.14,1954754
2026-08-13 18:59:33.589136,NHPC,94.29,14349,94.24,2108710,94.34,2283710
2026-08-13 18:59:33.606099,SMALLCAP1,45.48,161,45.43,18431,45.53,22793
2026-08-13 18:59:33.622314,RELIANCE,2833.83,5404,2832.41,1223764,2835.25,2149581
2026-08-13 18:59:33.639793,TCS,3685.05,8298,3683.21,1691987,3686.89,1638561
2026-08-13 18:59:33.655976,INFY,1463.37,14348,1462.64,1700383,1464.1,2392628
2026-08-13 18:59:33.672239,PENNYSTOCK,14.6,1790,14.55,2126020,14.65,1499285
2026-08-13 18:59:48.407553,IDFCFIRSTB,72.18,11217,72.13,1257660,72.23,1718094
2026-08-13 18:59:48.437009,SUZLON,54.23,21357,54.18,2301208,54.28,2002372
2026-08-13 18:59:48.439007,GMRINFRA,88.54,13210,88.49,2325718,88.59,2435852
2026-08-13 18:59:48.455738,SOUTHBANK,32.84,5567,32.79,2499754,32.89,1578411
2026-08-13 18:59:48.472771,IRB,62.35,2454,62.3,1424722,62.4,1245832
2026-08-13 18:59:48.489827,HFCL,116.56,8058,116.5,2188903,116.62,2283576
2026-08-13 18:59:48.508422,NMDC,218.74,3080,218.63,1377818,218.85,1703451
2026-08-13 18:59:48.522350,TATAPOWER,412.47,11528,412.26,2169399,412.68,1705136
2026-08-13 18:59:48.554661,BHEL,289.27,12057,289.13,1713056,289.41,2109206
2026-08-13 18:59:48.569298,HUDCO,195.02,14569,194.92,1488252,195.12,2183244
2026-08-13 18:59:48.572620,PNB,113.02,14441,112.96,2161292,113.08,2477280
2026-08-13 18:59:48.589136,NHPC,94.31,14913,94.26,1340510,94.36,2151664
2026-08-13 18:59:48.606099,SMALLCAP1,45.49,439,45.44,21048,45.54,23565
2026-08-13 18:59:48.622314,RELIANCE,2827.72,11502,2826.31,1849124,2829.13,1877315
2026-08-13 18:59:48.639793,TCS,3684.59,5556,3682.75,1456264,3686.43,2241022
2026-08-13 18:59:48.655976,INFY,1467.44,14914,1466.71,1180346,1468.17,1057509
2026-08-13 18:59:48.672239,PENNYSTOCK,14.59,1658,14.54,1979489,14.64,1350251
2026-08-13 19:00:03.407553,IDFCFIRSTB,72.35,5932,72.3,1304802,72.4,1781918
2026-08-13 19:00:03.437009,SUZLON,54.24,10985,54.19,1760593,54.29,2072412
2026-08-13 19:00:03.439007,GMRINFRA,88.61,13081,88.56,1852583,88.66,1289753
2026-08-13 19:00:03.455738,SOUTHBANK,32.87,6991,32.82,2032432,32.92,1509484
2026-08-13 19:00:03.472771,IRB,62.48,4452,62.43,1827426,62.53,2132040
2026-08-13 19:00:03.489827,HFCL,116.8,6374,116.74,1896717,116.86,1805073
2026-08-13 19:00:03.508422,NMDC,218.9,7107,218.79,2364702,219.01,2154571
2026-08-13 19:00:03.522350,TATAPOWER,412.8,618,412.59,1524131,413.01,1401285
2026-08-13 19:00:03.554661,BHEL,288.69,3383,288.55,2085861,288.83,1359399
2026-08-13 19:00:03.569298,HUDCO,194.7,13193,194.6,1347156,194.8,1494135
2026-08-13 19:00:03.572620,PNB,112.98,14751,112.92,2269206,113.04,2063526
2026-08-13 19:00:03.589136,NHPC,94.32,2837,94.27,2457188,94.37,2341445
2026-08-13 19:00:03.606099,SMALLCAP1,45.41,901,45.36,19056,45.46,9286
2026-08-13 19:00:03.622314,RELIANCE,2830.36,9673,2828.94,1701815,2831.78,2401243
2026-08-13 19:00:03.639793,TCS,3687.47,7984,3685.63,2294593,3689.31,2192364
2026-08-13 19:00:03.655976,INFY,1467.06,9873,1466.33,2044057,1467.79,1192006
2026-08-13 19:00:03.672239,PENNYSTOCK,14.6,1081,14.55,2146442,14.65,2359245
2026-08-13 19:00:18.407553,IDFCFIRSTB,72.28,8144,72.23,1915316,72.33,2036497
2026-08-13 19:00:18.437009,SUZLON,54.22,10270,54.17,1816377,54.27,1060855
2026-08-13 19:00:18.439007,GMRINFRA,88.51,2507,88.46,1381463,88.56,2300532
2026-08-13 19:00:18.455738,SOUTHBANK,32.9,10922,32.85,1790422,32.95,1803188
2026-08-13 19:00:18.472771,IRB,62.53,2282,62.48,2361329,62.58,1740310
2026-08-13 19:00:18.489827,HFCL,116.64,1053,116.58,2314096,116.7,2430074
2026-08-13 19:00:18.508422,NMDC,218.64,14449,218.53,1516566,218.75,1186534
2026-08-13 19:00:18.522350,TATAPOWER,412.86,3800,412.65,1861069,413.07,1093658
2026-08-13 19:00:18.554661,BHEL,288.1,2020,287.96,2054669,288.24,1462764
2026-08-13 19:00:18.569298,HUDCO,194.54,6587,194.44,1952053,194.64,2334585
2026-08-13 19:00:18.572620,PNB,112.79,9583,112.73,2231539,112.85,1702074
2026-08-13 19:00:18.589136,NHPC,94.3,7849,94.25,2199878,94.35,1624506
2026-08-13 19:00:18.606099,SMALLCAP1,45.5,327,45.45,9441,45.55,12705
2026-08-13 19:00:18.622314,RELIANCE,2833.1,91443,2831.68,1160178,2834.52,2182717
2026-08-13 19:00:18.639793,TCS,3691.3,12558,3689.45,1052653,3693.15,1905078
2026-08-13 19:00:18.655976,INFY,1467.09,6504,1466.36,2149754,1467.82,2498992
2026-08-13 19:00:18.672239,PENNYSTOCK,14.64,12112,14.59,2490780,14.69,1440119
2026-08-13 19:00:33.407553,IDFCFIRSTB,72.18,2940,72.13,1060662,72.23,2195190
2026-08-13 19:00:33.437009,SUZLON,54.3,4554,54.25,1359622,54.35,2126720
2026-08-13 19:00:33.439007,GMRINFRA,88.62,13784,88.57,1575605,88.67,1197552
2026-08-13 19:00:33.455738,SOUTHBANK,32.96,8621,32.91,1586992,33.01,2475160
2026-08-13 19:00:33.472771,IRB,62.57,10645,62.52,1771059,62.62,1851198
2026-08-13 19:00:33.489827,HFCL,116.68,12000,116.62,1787757,116.74,1695991
2026-08-13 19:00:33.508422,NMDC,218.75,2116,218.64,1969956,218.86,2333366
2026-08-13 19:00:33.522350,TATAPOWER,412.74,7651,412.53,1374704,412.95,1094400
2026-08-13 19:00:33.554661,BHEL,288.6,6130,288.46,1158195,288.74,1758744
2026-08-13 19:00:33.569298,HUDCO,194.73,9204,194.63,1824874,194.83,1330548
2026-08-13 19:00:33.572620,PNB,112.79,10567,112.73,1224217,112.85,1743177
2026-08-13 19:00:33.589136,NHPC,94.26,2853,94.21,1747716,94.31,2045116
2026-08-13 19:00:33.606099,SMALLCAP1,45.54,950,45.49,11104,45.59,20962
2026-08-13 19:00:33.622314,RELIANCE,2827.85,7046,2826.44,1721424,2829.26,1773749
2026-08-13 19:00:33.639793,TCS,3676.73,2529,3674.89,1718742,3678.57,2354337
2026-08-13 19:00:33.655976,INFY,1468.21,3794,1467.48,1620168,1468.94,1809133
2026-08-13 19:00:33.672239,PENNYSTOCK,14.62,9286,14.57,1667946,14.67,1092279
2026-08-13 19:00:48.407553,IDFCFIRSTB,72.31,10622,72.26,1446744,72.36,1950092
2026-08-13 19:00:48.437009,SUZLON,54.35,10174,54.3,1935863,54.4,1881112
2026-08-13 19:00:48.439007,GMRINFRA,88.65,6242,88.6,1705385,88.7,2148652
2026-08-13 19:00:48.455738,SOUTHBANK,32.97,4040,32.92,1645589,33.02,1748377
2026-08-13 19:00:48.472771,IRB,62.63,3924,62.58,1203706,62.68,1705873
2026-08-13 19:00:48.489827,HFCL,116.87,5386,116.81,2264043,116.93,1477916
2026-08-13 19:00:48.508422,NMDC,218.62,10054,218.51,1692582,218.73,1874352
2026-08-13 19:00:48.522350,TATAPOWER,412.87,6080,412.66,1590770,413.08,1854618
2026-08-13 19:00:48.554661,BHEL,288.31,5467,288.17,1326314,288.45,1378873
2026-08-13 19:00:48.569298,HUDCO,195.42,1574,195.32,1691317,195.52,2382752
2026-08-13 19:00:48.572620,PNB,112.61,9433,112.55,2172139,112.67,2270470
2026-08-13 19:00:48.589136,NHPC,94.4,3512,94.35,1261452,94.45,2132788
2026-08-13 19:00:48.606099,SMALLCAP1,45.46,4104,45.41,23607,45.51,9346
2026-08-13 19:00:48.622314,RELIANCE,2829.37,10195,2827.96,1343927,2830.78,1495528
2026-08-13 19:00:48.639793,TCS,3687.04,13421,3685.2,1155035,3688.88,1817274
2026-08-13 19:00:48.655976,INFY,1467.47,14495,1466.74,1612622,1468.2,1066342
2026-08-13 19:00:48.672239,PENNYSTOCK,14.65,13606,14.6,1307022,14.7,2413887
2026-08-13 19:01:03.407553,IDFCFIRSTB,72.36,4613,72.31,2292270,72.41,1515734
2026-08-13 19:01:03.437009,SUZLON,54.28,11385,54.23,2093682,54.33,1946359
2026-08-13 19:01:03.439007,GMRINFRA,88.64,7008,88.59,1303421,88.69,1902603
2026-08-13 19:01:03.455738,SOUTHBANK,32.98,13880,32.93,1666882,33.03,2280109
2026-08-13 19:01:03.472771,IRB,62.71,9977,62.66,2276758,62.76,1831124
2026-08-13 19:01:03.489827,HFCL,116.52,10929,116.46,1518555,116.58,1590276
2026-08-13 19:01:03.508422,NMDC,218.49,50196,218.38,1846556,218.6,2474545
2026-08-13 19:01:03.522350,TATAPOWER,411.96,5876,411.75,1703505,412.17,2394377
2026-08-13 19:01:03.554661,BHEL,288.85,1440,288.71,1711140,288.99,1292234
2026-08-13 19:01:03.569298,HUDCO,195.57,2950,195.47,2054381,195.67,1239837
2026-08-13 19:01:03.572620,PNB,112.38,12717,112.32,2250719,112.44,2268226
2026-08-13 19:01:03.589136,NHPC,94.41,4849,94.36,1074065,94.46,1071118
2026-08-13 19:01:03.606099,SMALLCAP1,45.32,839,45.27,17557,45.37,22597
2026-08-13 19:01:03.622314,RELIANCE,2825.26,11315,2823.85,1307983,2826.67,2053358
2026-08-13 19:01:03.639793,TCS,3687.85,11948,3686.01,1969844,3689.69,1755091
2026-08-13 19:01:03.655976,INFY,1466.38,981,1465.65,2088208,1467.11,1427050
2026-08-13 19:01:03.672239,PENNYSTOCK,14.61,1966,14.56,2081120,14.66,1501132
2026-08-13 19:01:18.407553,IDFCFIRSTB,72.34,12972,72.29,2214327,72.39,1503376
2026-08-13 19:01:18.437009,SUZLON,54.25,6808,54.2,1539443,54.3,2050717
2026-08-13 19:01:18.439007,GMRINFRA,88.65,12910,88.6,1646680,88.7,1804663
2026-08-13 19:01:18.455738,SOUTHBANK,32.92,13652,32.87,1087994,32.97,2345314
2026-08-13 19:01:18.472771,IRB,62.77,7790,62.72,1169983,62.82,1942141
2026-08-13 19:01:18.489827,HFCL,116.66,14700,116.6,1055907,116.72,1313327
2026-08-13 19:01:18.508422,NMDC,218.32,4158,218.21,1520513,218.43,1152050
2026-08-13 19:01:18.522350,TATAPOWER,412.19,7306,411.98,1223967,412.4,1392596
2026-08-13 19:01:18.554661,BHEL,289.08,10687,288.94,1308384,289.22,1463364
2026-08-13 19:01:18.569298,HUDCO,195.18,7018,195.08,1911727,195.28,1621717
2026-08-13 19:01:18.572620,PNB,112.17,13481,112.11,2201173,112.23,1576638
2026-08-13 19:01:18.589136,NHPC,94.62,5339,94.57,1525159,94.67,1565598
2026-08-13 19:01:18.606099,SMALLCAP1,45.41,710,45.36,22697,45.46,8770
2026-08-13 19:01:18.622314,RELIANCE,2822.93,1410,2821.52,2247590,2824.34,1423899
2026-08-13 19:01:18.639793,TCS,3686.31,9501,3684.47,1628027,3688.15,1443745
2026-08-13 19:01:18.655976,INFY,1464.88,8875,1464.15,2314745,1465.61,1610035
2026-08-13 19:01:18.672239,PENNYSTOCK,14.62,10975,14.57,2280391,14.67,1292279
2026-08-13 19:01:33.407553,IDFCFIRSTB,72.45,14251,72.4,1704242,72.5,1193502
2026-08-13 19:01:33.437009,SUZLON,54.35,12800,54.3,2240572,54.4,1176814
2026-08-13 19:01:33.439007,GMRINFRA,88.67,86656,88.62,2334084,88.72,1726590
2026-08-13 19:01:33.455738,SOUTHBANK,32.82,1371,32.77,1960114,32.87,1756276
2026-08-13 19:01:33.472771,IRB,62.8,7540,62.75,2258329,62.85,1426577
2026-08-13 19:01:33.489827,HFCL,116.6,7762,116.54,1098777,116.66,1823970
2026-08-13 19:01:33.508422,NMDC,218.64,13317,218.53,2250287,218.75,1376290
2026-08-13 19:01:33.522350,TATAPOWER,412.19,9004,411.98,2360545,412.4,1752530
2026-08-13 19:01:33.554661,BHEL,288.55,6480,288.41,1664645,288.69,1055121
2026-08-13 19:01:33.569298,HUDCO,194.84,3529,194.74,1974893,194.94,2248909
2026-08-13 19:01:33.572620,PNB,112.29,3604,112.23,1993538,112.35,1866311
2026-08-13 19:01:33.589136,NHPC,94.51,12354,94.46,1168327,94.56,2131087
2026-08-13 19:01:33.606099,SMALLCAP1,45.35,855,45.3,5667,45.4,12758
2026-08-13 19:01:33.622314,RELIANCE,2828.54,7884,2827.13,1768863,2829.95,1905490
2026-08-13 19:01:33.639793,TCS,3677.92,11661,3676.08,1150717,3679.76,2027967
2026-08-13 19:01:33.655976,INFY,1462.82,6169,1462.09,2177295,1463.55,1656625
2026-08-13 19:01:33.672239,PENNYSTOCK,14.65,2572,14.6,2016607,14.7,1515866
2026-08-13 19:01:48.407553,IDFCFIRSTB,72.44,9352,72.39,1451396,72.49,1079692
2026-08-13 19:01:48.437009,SUZLON,54.49,28996,54.44,1297040,54.54,1442021
2026-08-13 19:01:48.439007,GMRINFRA,88.55,814,88.5,2133299,88.6,2258927
2026-08-13 19:01:48.455738,SOUTHBANK,32.77,8737,32.72,2296905,32.82,1293254
2026-08-13 19:01:48.472771,IRB,62.85,1146,62.8,1682132,62.9,1541599
2026-08-13 19:01:48.489827,HFCL,116.52,5185,116.46,2247467,116.58,1748029
2026-08-13 19:01:48.508422,NMDC,218.78,12500,218.67,1190615,218.89,1966392
2026-08-13 19:01:48.522350,TATAPOWER,412.38,10544,412.17,1249054,412.59,1688414
2026-08-13 19:01:48.554661,BHEL,288.46,1590,288.32,1774691,288.6,2234127
2026-08-13 19:01:48.569298,HUDCO,194.88,11066,194.78,2333523,194.98,1778531
2026-08-13 19:01:48.572620,PNB,112.13,102108,112.07,1687860,112.19,1449116
2026-08-13 19:01:48.589136,NHPC,94.42,8450,94.37,2214192,94.47,2041690
2026-08-13 19:01:48.606099,SMALLCAP1,45.36,159,45.31,9746,45.41,22465
2026-08-13 19:01:48.622314,RELIANCE,2829.19,13364,2827.78,2470824,2830.6,2024175
2026-08-13 19:01:48.639793,TCS,3672.49,8107,3670.65,1945527,3674.33,2423637
2026-08-13 19:01:48.655976,INFY,1462.69,10987,1461.96,2254799,1463.42,1954542
2026-08-13 19:01:48.672239,PENNYSTOCK,14.67,9882,14.62,2498861,14.72,2205282
2026-08-13 19:02:03.407553,IDFCFIRSTB,72.4,2947,72.35,1071266,72.45,1863750
2026-08-13 19:02:03.437009,SUZLON,54.53,9157,54.48,2289625,54.58,1577763
2026-08-13 19:02:03.439007,GMRINFRA,88.37,5262,88.32,1158928,88.42,1221607
2026-08-13 19:02:03.455738,SOUTHBANK,32.8,1974,32.75,1622091,32.85,1176139
2026-08-13 19:02:03.472771,IRB,62.87,14935,62.82,1759124,62.92,1270282
2026-08-13 19:02:03.489827,HFCL,116.39,7303,116.33,2126053,116.45,2214398
2026-08-13 19:02:03.508422,NMDC,219.09,5918,218.98,1127445,219.2,1632462
2026-08-13 19:02:03.522350,TATAPOWER,412.13,12030,411.92,1565917,412.34,2474978
2026-08-13 19:02:03.554661,BHEL,288.54,5933,288.4,1988063,288.68,2225533
2026-08-13 19:02:03.569298,HUDCO,194.92,4862,194.82,2193804,195.02,1880342
2026-08-13 19:02:03.572620,PNB,112.46,865,112.4,2485506,112.52,1699951
2026-08-13 19:02:03.589136,NHPC,94.35,3518,94.3,1502475,94.4,1284384
2026-08-13 19:02:03.606099,SMALLCAP1,45.29,565,45.24,18327,45.34,24696
2026-08-13 19:02:03.622314,RELIANCE,2829.94,50585,2828.53,2023161,2831.35,2145985
2026-08-13 19:02:03.639793,TCS,3677.32,5535,3675.48,2199288,3679.16,1880868
2026-08-13 19:02:03.655976,INFY,1459.51,13104,1458.78,2359437,1460.24,1095979
2026-08-13 19:02:03.672239,PENNYSTOCK,14.64,13364,14.59,2156292,14.69,1155482
2026-08-13 19:02:18.407553,IDFCFIRSTB,72.28,11102,72.23,1945642,72.33,1492820
2026-08-13 19:02:18.437009,SUZLON,54.5,13534,54.45,1599066,54.55,2313249
2026-08-13 19:02:18.439007,GMRINFRA,88.54,2749,88.49,1978059,88.59,1740071
2026-08-13 19:02:18.455738,SOUTHBANK,32.76,768,32.71,1115477,32.81,1935014
2026-08-13 19:02:18.472771,IRB,63.04,6631,62.99,1325066,63.09,1304857
2026-08-13 19:02:18.489827,HFCL,116.22,6038,116.16,1068475,116.28,1727612
2026-08-13 19:02:18.508422,NMDC,219.18,13899,219.07,2465962,219.29,2035347
2026-08-13 19:02:18.522350,TATAPOWER,412.17,8416,411.96,2258676,412.38,1678366
2026-08-13 19:02:18.554661,BHEL,288.16,11189,288.02,2266003,288.3,1671402
2026-08-13 19:02:18.569298,HUDCO,194.83,10235,194.73,1967782,194.93,1582865
2026-08-13 19:02:18.572620,PNB,112.14,9448,112.08,1614899,112.2,1103814
2026-08-13 19:02:18.589136,NHPC,94.4,14200,94.35,1094173,94.45,1322725
2026-08-13 19:02:18.606099,SMALLCAP1,45.3,1127,45.25,13798,45.35,11476
2026-08-13 19:02:18.622314,RELIANCE,2831.25,9931,2829.83,1430544,2832.67,2332916
2026-08-13 19:02:18.639793,TCS,3678.4,7913,3676.56,1246084,3680.24,1692041
2026-08-13 19:02:18.655976,INFY,1460.8,12466,1460.07,2476811,1461.53,1450456
2026-08-13 19:02:18.672239,PENNYSTOCK,14.57,2238,14.52,1596672,14.62,1632338
2026-08-13 19:02:33.407553,IDFCFIRSTB,72.47,3818,72.42,1182089,72.52,2348961
2026-08-13 19:02:33.437009,SUZLON,54.38,1129,54.33,1955829,54.43,1207085
2026-08-13 19:02:33.439007,GMRINFRA,88.41,8380,88.36,1647225,88.46,2218493
2026-08-13 19:02:33.455738,SOUTHBANK,32.74,10987,32.69,1563468,32.79,2059981
2026-08-13 19:02:33.472771,IRB,62.97,11146,62.92,1592053,63.02,1117507
2026-08-13 19:02:33.489827,HFCL,116.07,13095,116.01,2294333,116.13,1408601
2026-08-13 19:02:33.508422,NMDC,219.47,11414,219.36,1120587,219.58,2387636
2026-08-13 19:02:33.522350,TATAPOWER,412.68,8206,412.47,2086872,412.89,1979527
2026-08-13 19:02:33.554661,BHEL,288.03,14516,287.89,1552799,288.17,1372111
2026-08-13 19:02:33.569298,HUDCO,194.6,10479,194.5,1681600,194.7,2344275
2026-08-13 19:02:33.572620,PNB,112.19,3075,112.13,1605531,112.25,2420037
2026-08-13 19:02:33.589136,NHPC,94.37,14242,94.32,2168717,94.42,2106609
2026-08-13 19:02:33.606099,SMALLCAP1,45.27,304,45.22,10213,45.32,24809
2026-08-13 19:02:33.622314,RELIANCE,2828.31,9261,2826.9,1137592,2829.72,2207516
2026-08-13 19:02:33.639793,TCS,3667.91,4419,3666.08,1415284,3669.74,2371714
2026-08-13 19:02:33.655976,INFY,1458.9,9862,1458.17,2096644,1459.63,2231115
2026-08-13 19:02:33.672239,PENNYSTOCK,14.52,13311,14.47,2434668,14.57,1421417
2026-08-13 19:02:48.407553,IDFCFIRSTB,72.45,13681,72.4,2103708,72.5,1673752
2026-08-13 19:02:48.437009,SUZLON,54.39,13848,54.34,1573025,54.44,1426567
2026-08-13 19:02:48.439007,GMRINFRA,88.44,11218,88.39,1421325,88.49,2208344
2026-08-13 19:02:48.455738,SOUTHBANK,32.84,12110,32.79,2292299,32.89,2250647
2026-08-13 19:02:48.472771,IRB,62.88,10397,62.83,2171401,62.93,2167428
2026-08-13 19:02:48.489827,HFCL,116.6,8031,116.54,1909569,116.66,2035128
2026-08-13 19:02:48.508422,NMDC,219.73,7775,219.62,2488928,219.84,1996269
2026-08-13 19:02:48.522350,TATAPOWER,414.14,12804,413.93,1341849,414.35,1986412
2026-08-13 19:02:48.554661,BHEL,288.68,9506,288.54,1793786,288.82,2355039
2026-08-13 19:02:48.569298,HUDCO,194.19,10561,194.09,1379742,194.29,1545244
2026-08-13 19:02:48.572620,PNB,112.2,8658,112.14,2065903,112.26,1424137
2026-08-13 19:02:48.589136,NHPC,94.33,14747,94.28,1683698,94.38,1154695
2026-08-13 19:02:48.606099,SMALLCAP1,45.26,459,45.21,17647,45.31,15738
2026-08-13 19:02:48.622314,RELIANCE,2835.79,613,2834.37,2290618,2837.21,1361736
2026-08-13 19:02:48.639793,TCS,3667.19,14217,3665.36,1836736,3669.02,2044797
2026-08-13 19:02:48.655976,INFY,1457.93,2937,1457.2,1748630,1458.66,1592951
2026-08-13 19:02:48.672239,PENNYSTOCK,14.52,11889,14.47,1255811,14.57,1837127
2026-08-13 19:03:03.407553,IDFCFIRSTB,72.59,6164,72.54,2242561,72.64,1350925
2026-08-13 19:03:03.437009,SUZLON,54.34,8461,54.29,1517077,54.39,1815072
2026-08-13 19:03:03.439007,GMRINFRA,88.32,1576,88.27,2457102,88.37,1155643
2026-08-13 19:03:03.455738,SOUTHBANK,32.79,8150,32.74,1409812,32.84,1278197
2026-08-13 19:03:03.472771,IRB,62.9,8643,62.85,1969622,62.95,2385426
2026-08-13 19:03:03.489827,HFCL,116.64,14786,116.58,2372920,116.7,1092647
2026-08-13 19:03:03.508422,NMDC,219.35,4028,219.24,2432070,219.46,1057711
2026-08-13 19:03:03.522350,TATAPOWER,414.67,7297,414.46,1523642,414.88,1850900
2026-08-13 19:03:03.554661,BHEL,289.07,5554,288.93,1580543,289.21,2164779
2026-08-13 19:03:03.569298,HUDCO,193.96,35134,193.86,1626151,194.06,2341447
2026-08-13 19:03:03.572620,PNB,111.95,13224,111.89,1716653,112.01,2207262
2026-08-13 19:03:03.589136,NHPC,94.11,4807,94.06,2416497,94.16,1621845
2026-08-13 19:03:03.606099,SMALLCAP1,45.27,407,45.22,18911,45.32,19076
2026-08-13 19:03:03.622314,RELIANCE,2834.57,11172,2833.15,1252760,2835.99,1979250
2026-08-13 19:03:03.639793,TCS,3671.47,13354,3669.63,1480867,3673.31,2425051
2026-08-13 19:03:03.655976,INFY,1457.33,3310,1456.6,2064274,1458.06,2224865
2026-08-13 19:03:03.672239,PENNYSTOCK,14.47,9354,14.42,1132991,14.52,2077021
2026-08-13 19:03:18.407553,IDFCFIRSTB,72.63,5919,72.58,1231745,72.68,1832215
2026-08-13 19:03:18.437009,SUZLON,54.34,7056,54.29,2492303,54.39,2224420
2026-08-13 19:03:18.439007,GMRINFRA,88.04,8714,87.99,2048508,88.09,1497129
2026-08-13 19:03:18.455738,SOUTHBANK,32.74,10487,32.69,2281719,32.79,1203919
2026-08-13 19:03:18.472771,IRB,62.85,3296,62.8,1723040,62.9,2115579
2026-08-13 19:03:18.489827,HFCL,116.8,4128,116.74,2269223,116.86,2155503
2026-08-13 19:03:18.508422,NMDC,218.74,11689,218.63,1153768,218.85,2232246
2026-08-13 19:03:18.522350,TATAPOWER,414.81,5267,414.6,1533026,415.02,1433811
2026-08-13 19:03:18.554661,BHEL,289.29,14086,289.15,1934871,289.43,2165279
2026-08-13 19:03:18.569298,HUDCO,193.26,13176,193.16,1172590,193.36,2285707
2026-08-13 19:03:18.572620,PNB,112.07,10688,112.01,1218892,112.13,2435522
2026-08-13 19:03:18.589136,NHPC,94.1,14151,94.05,2220514,94.15,1465385
2026-08-13 19:03:18.606099,SMALLCAP1,45.17,317,45.12,22070,45.22,23137
2026-08-13 19:03:18.622314,RELIANCE,2832.03,2093,2830.61,1175779,2833.45,2406309
2026-08-13 19:03:18.639793,TCS,3672.58,12065,3670.74,1962232,3674.42,1777834
2026-08-13 19:03:18.655976,INFY,1457.43,6862,1456.7,1063817,1458.16,1629945
2026-08-13 19:03:18.672239,PENNYSTOCK,14.45,10105,14.4,1363115,14.5,2245341
2026-08-13 19:03:33.407553,IDFCFIRSTB,72.55,7122,72.5,1320028,72.6,1070685
2026-08-13 19:03:33.437009,SUZLON,54.44,14340,54.39,2007502,54.49,1113128
2026-08-13 19:03:33.439007,GMRINFRA,88.15,8853,88.1,1058601,88.2,2433755
2026-08-13 19:03:33.455738,SOUTHBANK,32.75,1720,32.7,1896309,32.8,1555604
2026-08-13 19:03:33.472771,IRB,62.83,5551,62.78,2188707,62.88,1406778
2026-08-13 19:03:33.489827,HFCL,116.94,3742,116.88,2435167,117.0,1282323
2026-08-13 19:03:33.508422,NMDC,218.93,4519,218.82,1773490,219.04,1863287
2026-08-13 19:03:33.522350,TATAPOWER,414.93,13669,414.72,1367991,415.14,1170883
2026-08-13 19:03:33.554661,BHEL,289.24,6643,289.1,2308932,289.38,2211013
2026-08-13 19:03:33.569298,HUDCO,193.7,14848,193.6,1410429,193.8,2297150
2026-08-13 19:03:33.572620,PNB,111.99,3600,111.93,1089609,112.05,1313460
2026-08-13 19:03:33.589136,NHPC,93.97,2896,93.92,1818485,94.02,1468494
2026-08-13 19:03:33.606099,SMALLCAP1,45.19,764,45.14,22392,45.24,7614
2026-08-13 19:03:33.622314,RELIANCE,2832.86,2461,2831.44,1063720,2834.28,1119075
2026-08-13 19:03:33.639793,TCS,3676.34,14939,3674.5,2364628,3678.18,1348297
2026-08-13 19:03:33.655976,INFY,1458.05,3902,1457.32,2428708,1458.78,2122814
2026-08-13 19:03:33.672239,PENNYSTOCK,14.44,4899,14.39,1388023,14.49,1697727
2026-08-13 19:03:48.407553,IDFCFIRSTB,72.58,13041,72.53,1950382,72.63,2485300
2026-08-13 19:03:48.437009,SUZLON,54.4,14657,54.35,2269643,54.45,1923904
2026-08-13 19:03:48.439007,GMRINFRA,88.24,7384,88.19,1097188,88.29,2444728
2026-08-13 19:03:48.455738,SOUTHBANK,32.85,1685,32.8,1313968,32.9,2405492
2026-08-13 19:03:48.472771,IRB,62.79,13371,62.74,1898249,62.84,1556359
2026-08-13 19:03:48.489827,HFCL,116.82,5910,116.76,1206503,116.88,1257847
2026-08-13 19:03:48.508422,NMDC,219.15,12273,219.04,1232345,219.26,1563683
2026-08-13 19:03:48.522350,TATAPOWER,415.16,1625,414.95,2063220,415.37,2470651
2026-08-13 19:03:48.554661,BHEL,289.19,12943,289.05,2294562,289.33,1453998
2026-08-13 19:03:48.569298,HUDCO,193.31,5846,193.21,1275632,193.41,2048215
2026-08-13 19:03:48.572620,PNB,112.17,3160,112.11,2467958,112.23,1857878
2026-08-13 19:03:48.589136,NHPC,94.02,2188,93.97,1793681,94.07,1558485
2026-08-13 19:03:48.606099,SMALLCAP1,45.14,666,45.09,15989,45.19,12939
2026-08-13 19:03:48.622314,RELIANCE,2829.82,1805,2828.41,1532110,2831.23,1898222
2026-08-13 19:03:48.639793,TCS,3669.14,998,3667.31,2489811,3670.97,1627688
2026-08-13 19:03:48.655976,INFY,1457.92,13692,1457.19,1543512,1458.65,1991789
2026-08-13 19:03:48.672239,PENNYSTOCK,14.44,14358,14.39,1150940,14.49,1828610
2026-08-13 19:04:03.407553,IDFCFIRSTB,72.67,7909,72.62,1497776,72.72,1998148
2026-08-13 19:04:03.437009,SUZLON,54.4,1391,54.35,2182264,54.45,2367426
2026-08-13 19:04:03.439007,GMRINFRA,88.17,708,88.12,2002764,88.22,2474178
2026-08-13 19:04:03.455738,SOUTHBANK,32.84,970,32.79,2013012,32.89,1135746
2026-08-13 19:04:03.472771,IRB,62.75,13947,62.7,1330046,62.8,2462540
2026-08-13 19:04:03.489827,HFCL,116.98,14462,116.92,1317253,117.04,1412422
2026-08-13 19:04:03.508422,NMDC,218.76,1273,218.65,2068930,218.87,1660941
2026-08-13 19:04:03.522350,TATAPOWER,415.16,14623,414.95,2427157,415.37,1924364
2026-08-13 19:04:03.554661,BHEL,289.02,53427,288.88,1593019,289.16,1480316
2026-08-13 19:04:03.569298,HUDCO,193.25,9419,193.15,1479572,193.35,1975497
2026-08-13 19:04:03.572620,PNB,112.19,13470,112.13,2180913,112.25,1210957
2026-08-13 19:04:03.589136,NHPC,93.96,11418,93.91,2173764,94.01,1148390
2026-08-13 19:04:03.606099,SMALLCAP1,45.07,960,45.02,24991,45.12,5072
2026-08-13 19:04:03.622314,RELIANCE,2837.74,1240,2836.32,1894225,2839.16,1485145
2026-08-13 19:04:03.639793,TCS,3669.67,11271,3667.84,2354855,3671.5,2481564
2026-08-13 19:04:03.655976,INFY,1459.35,1309,1458.62,1483333,1460.08,2230865
2026-08-13 19:04:03.672239,PENNYSTOCK,14.46,14571,14.41,1761822,14.51,1569796
2026-08-13 19:04:18.407553,IDFCFIRSTB,72.5,14058,72.45,1056965,72.55,1698797
2026-08-13 19:04:18.437009,SUZLON,54.27,11882,54.22,1422829,54.32,1667049
2026-08-13 19:04:18.439007,GMRINFRA,88.29,7878,88.24,1485507,88.34,1939214
2026-08-13 19:04:18.455738,SOUTHBANK,32.88,2310,32.83,1912629,32.93,1122565
2026-08-13 19:04:18.472771,IRB,62.69,1506,62.64,1245792,62.74,1756421
2026-08-13 19:04:18.489827,HFCL,116.68,509,116.62,2053749,116.74,1651807
2026-08-13 19:04:18.508422,NMDC,218.49,10005,218.38,1833235,218.6,2131008
2026-08-13 19:04:18.522350,TATAPOWER,414.73,6317,414.52,2133069,414.94,2118388
2026-08-13 19:04:18.554661,BHEL,289.57,12492,289.43,2475473,289.71,1109066
2026-08-13 19:04:18.569298,HUDCO,192.86,1888,192.76,1541804,192.96,2240995
2026-08-13 19:04:18.572620,PNB,112.42,7050,112.36,1083940,112.48,1277053
2026-08-13 19:04:18.589136,NHPC,93.8,6346,93.75,1129211,93.85,1967178
2026-08-13 19:04:18.606099,SMALLCAP1,45.05,560,45.0,22699,45.1,19579
2026-08-13 19:04:18.622314,RELIANCE,2835.37,6704,2833.95,2184581,2836.79,1152988
2026-08-13 19:04:18.639793,TCS,3664.42,4947,3662.59,1067509,3666.25,1607994
2026-08-13 19:04:18.655976,INFY,1456.61,1933,1455.88,2411673,1457.34,2494025
2026-08-13 19:04:18.672239,PENNYSTOCK,14.46,9565,14.41,2419130,14.51,2208096
2026-08-13 19:04:33.407553,IDFCFIRSTB,72.56,7285,72.51,2242825,72.61,2272812
2026-08-13 19:04:33.437009,SUZLON,54.21,14289,54.16,1965880,54.26,1400602
2026-08-13 19:04:33.439007,GMRINFRA,88.13,9133,88.08,2141094,88.18,2283405
2026-08-13 19:04:33.455738,SOUTHBANK,32.92,6596,32.87,1052693,32.97,1058139
2026-08-13 19:04:33.472771,IRB,62.75,8304,62.7,2362880,62.8,1104796
2026-08-13 19:04:33.489827,HFCL,116.86,8045,116.8,2175536,116.92,1451106
2026-08-13 19:04:33.508422,NMDC,217.93,29768,217.82,2200929,218.04,2446132
2026-08-13 19:04:33.522350,TATAPOWER,414.67,71640,414.46,1153438,414.88,2041503
2026-08-13 19:04:33.554661,BHEL,289.9,11811,289.76,1641773,290.04,2440498
2026-08-13 19:04:33.569298,HUDCO,192.95,11408,192.85,2460052,193.05,1941310
2026-08-13 19:04:33.572620,PNB,112.56,1568,112.5,1528000,112.62,1548651
2026-08-13 19:04:33.589136,NHPC,93.75,8844,93.7,1356762,93.8,1433809
2026-08-13 19:04:33.606099,SMALLCAP1,45.01,935,44.96,10375,45.06,17215
2026-08-13 19:04:33.622314,RELIANCE,2836.6,6443,2835.18,1861489,2838.02,2434139
2026-08-13 19:04:33.639793,TCS,3666.13,9883,3664.3,1597302,3667.96,2476360
2026-08-13 19:04:33.655976,INFY,1455.53,10746,1454.8,2123550,1456.26,2237590
2026-08-13 19:04:33.672239,PENNYSTOCK,14.43,14646,14.38,2086618,14.48,2174011
2026-08-13 19:04:48.407553,IDFCFIRSTB,72.68,14123,72.63,1800984,72.73,1675267
2026-08-13 19:04:48.437009,SUZLON,54.29,948,54.24,2023342,54.34,1085311
2026-08-13 19:04:48.439007,GMRINFRA,88.33,5205,88.28,2085486,88.38,1751691
2026-08-13 19:04:48.455738,SOUTHBANK,32.93,3982,32.88,2409284,32.98,1661614
2026-08-13 19:04:48.472771,IRB,62.9,9476,62.85,2261032,62.95,2278021
2026-08-13 19:04:48.489827,HFCL,116.78,14987,116.72,1932172,116.84,1119412
2026-08-13 19:04:48.508422,NMDC,217.93,14870,217.82,1947780,218.04,1991387
2026-08-13 19:04:48.522350,TATAPOWER,414.78,3388,414.57,1370526,414.99,2438561
2026-08-13 19:04:48.554661,BHEL,289.93,10960,289.79,2164337,290.07,2052370
2026-08-13 19:04:48.569298,HUDCO,192.81,10814,192.71,1107968,192.91,2288553
2026-08-13 19:04:48.572620,PNB,112.25,2424,112.19,1806907,112.31,1908104
2026-08-13 19:04:48.589136,NHPC,93.58,14926,93.53,1424392,93.63,1858772
2026-08-13 19:04:48.606099,SMALLCAP1,45.0,210,44.95,8940,45.05,13108
2026-08-13 19:04:48.622314,RELIANCE,2838.57,7032,2837.15,1197492,2839.99,1646946
2026-08-13 19:04:48.639793,TCS,3665.22,13123,3663.39,2293504,3667.05,1435102
2026-08-13 19:04:48.655976,INFY,1455.07,13966,1454.34,1467180,1455.8,2438503
2026-08-13 19:04:48.672239,PENNYSTOCK,14.4,3162,14.35,1860054,14.45,1464571
2026-08-13 19:05:03.407553,IDFCFIRSTB,72.7,40176,72.65,2438144,72.75,1391490
2026-08-13 19:05:03.437009,SUZLON,54.35,4854,54.3,1989382,54.4,1419178
2026-08-13 19:05:03.439007,GMRINFRA,88.07,9268,88.02,2280844,88.12,2367361
2026-08-13 19:05:03.455738,SOUTHBANK,32.93,4060,32.88,2485346,32.98,2106448
2026-08-13 19:05:03.472771,IRB,63.0,14190,62.95,1507022,63.05,1321923
2026-08-13 19:05:03.489827,HFCL,116.74,1524,116.68,1935450,116.8,2021667
2026-08-13 19:05:03.508422,NMDC,218.52,14936,218.41,1174826,218.63,2228255
2026-08-13 19:05:03.522350,TATAPOWER,413.99,1146,413.78,2030523,414.2,1245424
2026-08-13 19:05:03.554661,BHEL,290.16,13966,290.01,1854077,290.31,1220789
2026-08-13 19:05:03.569298,HUDCO,192.81,3517,192.71,1922732,192.91,2175432
2026-08-13 19:05:03.572620,PNB,112.12,12889,112.06,1550190,112.18,2070283
2026-08-13 19:05:03.589136,NHPC,93.69,2478,93.64,2458664,93.74,1325489
2026-08-13 19:05:03.606099,SMALLCAP1,44.96,915,44.91,15407,45.01,14440
2026-08-13 19:05:03.622314,RELIANCE,2842.34,2382,2840.92,2021548,2843.76,1512102
2026-08-13 19:05:03.639793,TCS,3671.49,4273,3669.65,1899960,3673.33,1748811
2026-08-13 19:05:03.655976,INFY,1455.75,10363,1455.02,1520095,1456.48,2158371
2026-08-13 19:05:03.672239,PENNYSTOCK,14.4,12082,14.35,2357939,14.45,2283611
2026-08-13 19:05:18.407553,IDFCFIRSTB,72.7,10618,72.65,2079880,72.75,1817702
2026-08-13 19:05:18.437009,SUZLON,54.39,13313,54.34,1881698,54.44,2046105
2026-08-13 19:05:18.439007,GMRINFRA,88.18,11491,88.13,1995910,88.23,1398269
2026-08-13 19:05:18.455738,SOUTHBANK,32.96,14401,32.91,1872706,33.01,1388036
2026-08-13 19:05:18.472771,IRB,63.19,3585,63.14,1058937,63.24,1709532
2026-08-13 19:05:18.489827,HFCL,116.82,5013,116.76,2228853,116.88,1127159
2026-08-13 19:05:18.508422,NMDC,218.62,618,218.51,2068887,218.73,1219002
2026-08-13 19:05:18.522350,TATAPOWER,414.89,13800,414.68,2239410,415.1,1782916
2026-08-13 19:05:18.554661,BHEL,290.5,13000,290.35,1622785,290.65,1426385
2026-08-13 19:05:18.569298,HUDCO,192.67,32310,192.57,1396626,192.77,1760550
2026-08-13 19:05:18.572620,PNB,112.35,900,112.29,1705014,112.41,2419269
2026-08-13 19:05:18.589136,NHPC,93.73,6095,93.68,2296308,93.78,2224234
2026-08-13 19:05:18.606099,SMALLCAP1,44.96,1000,44.91,24749,45.01,18795
2026-08-13 19:05:18.622314,RELIANCE,2841.17,10805,2839.75,1693594,2842.59,1695271
2026-08-13 19:05:18.639793,TCS,3661.55,5663,3659.72,1302079,3663.38,1296177
2026-08-13 19:05:18.655976,INFY,1456.58,6475,1455.85,2270964,1457.31,2026558
2026-08-13 19:05:18.672239,PENNYSTOCK,14.38,9519,14.33,2144973,14.43,1229221
2026-08-13 19:05:33.407553,IDFCFIRSTB,72.71,8942,72.66,1600801,72.76,2236341
2026-08-13 19:05:33.437009,SUZLON,54.47,12648,54.42,1426459,54.52,1247586
2026-08-13 19:05:33.439007,GMRINFRA,88.02,11057,87.97,1640068,88.07,1482417
2026-08-13 19:05:33.455738,SOUTHBANK,32.89,12000,32.84,1415240,32.94,1260525
2026-08-13 19:05:33.472771,IRB,63.12,8326,63.07,1918111,63.17,1508959
2026-08-13 19:05:33.489827,HFCL,117.04,12180,116.98,1333209,117.1,1244580
2026-08-13 19:05:33.508422,NMDC,217.82,7856,217.71,1517592,217.93,1298205
2026-08-13 19:05:33.522350,TATAPOWER,415.45,2501,415.24,1406194,415.66,2214349
2026-08-13 19:05:33.554661,BHEL,291.13,14484,290.98,1607703,291.28,1842376
2026-08-13 19:05:33.569298,HUDCO,192.6,12925,192.5,1375299,192.7,2319525
2026-08-13 19:05:33.572620,PNB,112.61,7738,112.55,2088512,112.67,2399155
2026-08-13 19:05:33.589136,NHPC,93.78,11754,93.73,1778671,93.83,1528324
2026-08-13 19:05:33.606099,SMALLCAP1,44.9,353,44.85,22984,44.95,11215
2026-08-13 19:05:33.622314,RELIANCE,2835.62,9619,2834.2,2319021,2837.04,2338212
2026-08-13 19:05:33.639793,TCS,3667.05,2764,3665.22,2248922,3668.88,1549746
2026-08-13 19:05:33.655976,INFY,1456.58,12599,1455.85,2479534,1457.31,1642290
2026-08-13 19:05:33.672239,PENNYSTOCK,14.41,4310,14.36,1593831,14.46,2433445
2026-08-13 19:05:48.407553,IDFCFIRSTB,72.78,7327,72.73,2195981,72.83,2398507
2026-08-13 19:05:48.437009,SUZLON,54.62,4311,54.57,1182750,54.67,1441601
2026-08-13 19:05:48.439007,GMRINFRA,88.1,6338,88.05,2058437,88.15,2428160
2026-08-13 19:05:48.455738,SOUTHBANK,32.94,3871,32.89,2020840,32.99,1263505
2026-08-13 19:05:48.472771,IRB,63.09,13590,63.04,1900644,63.14,1109423
2026-08-13 19:05:48.489827,HFCL,117.06,12855,117.0,2189625,117.12,1814904
2026-08-13 19:05:48.508422,NMDC,218.24,55764,218.13,2153243,218.35,1437429
2026-08-13 19:05:48.522350,TATAPOWER,415.56,6293,415.35,1402621,415.77,1909753
2026-08-13 19:05:48.554661,BHEL,291.44,8332,291.29,1722200,291.59,1912744
2026-08-13 19:05:48.569298,HUDCO,192.34,1489,192.24,1544059,192.44,2011193
2026-08-13 19:05:48.572620,PNB,112.5,14420,112.44,1099190,112.56,2422323
2026-08-13 19:05:48.589136,NHPC,94.01,11148,93.96,1549358,94.06,1061384
2026-08-13 19:05:48.606099,SMALLCAP1,44.81,982,44.76,17890,44.86,22574
2026-08-13 19:05:48.622314,RELIANCE,2836.8,12527,2835.38,1875003,2838.22,1220609
2026-08-13 19:05:48.639793,TCS,3667.61,2780,3665.78,1930834,3669.44,1712306
2026-08-13 19:05:48.655976,INFY,1459.28,14103,1458.55,2220593,1460.01,2325826
2026-08-13 19:05:48.672239,PENNYSTOCK,14.45,2488,14.4,2478088,14.5,1687638
2026-08-13 19:06:03.407553,IDFCFIRSTB,72.92,6011,72.87,1207029,72.97,1813808
2026-08-13 19:06:03.437009,SUZLON,54.64,6493,54.59,1839967,54.69,2376785
2026-08-13 19:06:03.439007,GMRINFRA,88.26,4768,88.21,1521300,88.31,1152390
2026-08-13 19:06:03.455738,SOUTHBANK,32.89,1801,32.84,1368558,32.94,1338135
2026-08-13 19:06:03.472771,IRB,63.19,5536,63.14,1843533,63.24,1719375
2026-08-13 19:06:03.489827,HFCL,116.71,5969,116.65,2398561,116.77,1975845
2026-08-13 19:06:03.508422,NMDC,217.77,12496,217.66,2099636,217.88,1949587
2026-08-13 19:06:03.522350,TATAPOWER,415.07,7802,414.86,1364675,415.28,1586159
2026-08-13 19:06:03.554661,BHEL,291.35,2539,291.2,1068637,291.5,1275881
2026-08-13 19:06:03.569298,HUDCO,192.4,7496,192.3,2082589,192.5,2043629
2026-08-13 19:06:03.572620,PNB,112.67,100112,112.61,2144664,112.73,1810700
2026-08-13 19:06:03.589136,NHPC,94.03,5976,93.98,1597886,94.08,2329855
2026-08-13 19:06:03.606099,SMALLCAP1,44.79,506,44.74,16300,44.84,11706
2026-08-13 19:06:03.622314,RELIANCE,2840.52,5235,2839.1,1532302,2841.94,1625872
2026-08-13 19:06:03.639793,TCS,3674.67,11354,3672.83,1131051,3676.51,1900937
2026-08-13 19:06:03.655976,INFY,1456.82,5260,1456.09,1436643,1457.55,1379465
2026-08-13 19:06:03.672239,PENNYSTOCK,14.46,12165,14.41,2330623,14.51,1740346
2026-08-13 19:06:18.407553,IDFCFIRSTB,72.9,8526,72.85,1477471,72.95,1068586
2026-08-13 19:06:18.437009,SUZLON,54.53,10305,54.48,2248022,54.58,2032222
2026-08-13 19:06:18.439007,GMRINFRA,88.39,14857,88.34,2147978,88.44,1770518
2026-08-13 19:06:18.455738,SOUTHBANK,32.84,3464,32.79,1920620,32.89,1173911
2026-08-13 19:06:18.472771,IRB,63.17,9455,63.12,1750445,63.22,1965687
2026-08-13 19:06:18.489827,HFCL,116.79,8525,116.73,2351969,116.85,1517902
2026-08-13 19:06:18.508422,NMDC,218.28,1223,218.17,1227044,218.39,1951147
2026-08-13 19:06:18.522350,TATAPOWER,415.38,2804,415.17,1335970,415.59,1349328
2026-08-13 19:06:18.554661,BHEL,291.39,10479,291.24,1887666,291.54,1727596
2026-08-13 19:06:18.569298,HUDCO,193.17,14241,193.07,1947790,193.27,1634528
2026-08-13 19:06:18.572620,PNB,112.45,8962,112.39,1902130,112.51,1064014
2026-08-13 19:06:18.589136,NHPC,94.03,6216,93.98,1751118,94.08,2138052
2026-08-13 19:06:18.606099,SMALLCAP1,44.88,613,44.83,11727,44.93,15297
2026-08-13 19:06:18.622314,RELIANCE,2854.42,115476,2852.99,2456401,2855.85,1655681
2026-08-13 19:06:18.639793,TCS,3677.73,6913,3675.89,2351139,3679.57,1998195
2026-08-13 19:06:18.655976,INFY,1456.64,2187,1455.91,1429271,1457.37,1306796
2026-08-13 19:06:18.672239,PENNYSTOCK,14.46,2357,14.41,1540438,14.51,2151499
2026-08-13 19:06:33.407553,IDFCFIRSTB,72.82,10763,72.77,2353746,72.87,2481887
2026-08-13 19:06:33.437009,SUZLON,54.42,4864,54.37,1150473,54.47,2485723
2026-08-13 19:06:33.439007,GMRINFRA,88.26,10426,88.21,2491266,88.31,2230592
2026-08-13 19:06:33.455738,SOUTHBANK,32.79,3343,32.74,2453705,32.84,2494577
2026-08-13 19:06:33.472771,IRB,63.17,4664,63.12,1600193,63.22,1186787
2026-08-13 19:06:33.489827,HFCL,116.93,4292,116.87,1681188,116.99,2201296
2026-08-13 19:06:33.508422,NMDC,218.34,7424,218.23,2439683,218.45,2214749
2026-08-13 19:06:33.522350,TATAPOWER,413.94,7795,413.73,1122736,414.15,2272532
2026-08-13 19:06:33.554661,BHEL,291.31,14254,291.16,2074688,291.46,1404466
2026-08-13 19:06:33.569298,HUDCO,193.0,7969,192.9,2367297,193.1,1409509
2026-08-13 19:06:33.572620,PNB,112.59,12607,112.53,1581482,112.65,2057960
2026-08-13 19:06:33.589136,NHPC,94.11,3423,94.06,2179101,94.16,2336567
2026-08-13 19:06:33.606099,SMALLCAP1,44.94,963,44.89,20998,44.99,15820
2026-08-13 19:06:33.622314,RELIANCE,2853.14,10975,2851.71,1469056,2854.57,1828739
2026-08-13 19:06:33.639793,TCS,3686.63,6939,3684.79,2063307,3688.47,2321919
2026-08-13 19:06:33.655976,INFY,1454.08,4320,1453.35,1232054,1454.81,1973087
2026-08-13 19:06:33.672239,PENNYSTOCK,14.45,13968,14.4,1688935,14.5,2123469
2026-08-13 19:06:48.407553,IDFCFIRSTB,72.77,6648,72.72,1380796,72.82,2322903
2026-08-13 19:06:48.437009,SUZLON,54.46,5849,54.41,1498547,54.51,1132894
2026-08-13 19:06:48.439007,GMRINFRA,88.23,6346,88.18,2191026,88.28,1085732
2026-08-13 19:06:48.455738,SOUTHBANK,32.78,667,32.73,2403933,32.83,1455586
2026-08-13 19:06:48.472771,IRB,63.07,711,63.02,1685961,63.12,1482843
2026-08-13 19:06:48.489827,HFCL,116.81,11817,116.75,1279106,116.87,2023583
2026-08-13 19:06:48.508422,NMDC,218.31,4292,218.2,2474425,218.42,1961924
2026-08-13 19:06:48.522350,TATAPOWER,413.3,13434,413.09,1326222,413.51,1682799
2026-08-13 19:06:48.554661,BHEL,291.26,14917,291.11,1888893,291.41,1074828
2026-08-13 19:06:48.569298,HUDCO,193.53,8747,193.43,1262280,193.63,1251340
2026-08-13 19:06:48.572620,PNB,112.66,9183,112.6,1791685,112.72,1721932
2026-08-13 19:06:48.589136,NHPC,94.07,1010,94.02,1918070,94.12,1320641
2026-08-13 19:06:48.606099,SMALLCAP1,44.89,330,44.84,22547,44.94,7149
2026-08-13 19:06:48.622314,RELIANCE,2841.22,8086,2839.8,1622589,2842.64,1798451
2026-08-13 19:06:48.639793,TCS,3684.33,4078,3682.49,1062988,3686.17,2437920
2026-08-13 19:06:48.655976,INFY,1454.71,9277,1453.98,2194862,1455.44,1845802
2026-08-13 19:06:48.672239,PENNYSTOCK,14.45,8587,14.4,1631360,14.5,1059652
2026-08-13 19:07:03.407553,IDFCFIRSTB,72.79,9654,72.74,1368756,72.84,1361859
2026-08-13 19:07:03.437009,SUZLON,54.49,5654,54.44,1890426,54.54,2295320
2026-08-13 19:07:03.439007,GMRINFRA,88.2,2727,88.15,2360933,88.25,1489204
2026-08-13 19:07:03.455738,SOUTHBANK,32.76,7839,32.71,2095560,32.81,2157862
2026-08-13 19:07:03.472771,IRB,63.08,4234,63.03,2425685,63.13,2023615
2026-08-13 19:07:03.489827,HFCL,116.76,14755,116.7,1120810,116.82,1074628
2026-08-13 19:07:03.508422,NMDC,218.35,6174,218.24,2012109,218.46,2325884
2026-08-13 19:07:03.522350,TATAPOWER,414.46,8267,414.25,1248984,414.67,1780756
2026-08-13 19:07:03.554661,BHEL,291.61,23346,291.46,2293978,291.76,1844613
2026-08-13 19:07:03.569298,HUDCO,193.34,4578,193.24,2114663,193.44,1650098
2026-08-13 19:07:03.572620,PNB,112.53,2836,112.47,1981527,112.59,1785904
2026-08-13 19:07:03.589136,NHPC,94.13,14820,94.08,1236596,94.18,1243631
2026-08-13 19:07:03.606099,SMALLCAP1,44.82,788,44.77,24747,44.87,13708
2026-08-13 19:07:03.622314,RELIANCE,2832.2,5329,2830.78,1078758,2833.62,1351955
2026-08-13 19:07:03.639793,TCS,3679.22,12695,3677.38,2331506,3681.06,1182627
2026-08-13 19:07:03.655976,INFY,1452.51,12763,1451.78,1311426,1453.24,1052040
2026-08-13 19:07:03.672239,PENNYSTOCK,14.44,13646,14.39,1417127,14.49,1927847
2026-08-13 19:07:18.407553,IDFCFIRSTB,72.88,13396,72.83,1786986,72.93,2166102
2026-08-13 19:07:18.437009,SUZLON,54.39,3789,54.34,2377175,54.44,1822116
2026-08-13 19:07:18.439007,GMRINFRA,88.13,1644,88.08,1216713,88.18,2405142
2026-08-13 19:07:18.455738,SOUTHBANK,32.8,5436,32.75,2188562,32.85,1795307
2026-08-13 19:07:18.472771,IRB,63.01,60867,62.96,1239937,63.06,1074725
2026-08-13 19:07:18.489827,HFCL,116.71,12993,116.65,2312286,116.77,2026211
2026-08-13 19:07:18.508422,NMDC,217.96,13962,217.85,1723478,218.07,1287304
2026-08-13 19:07:18.522350,TATAPOWER,413.69,8414,413.48,2439507,413.9,2142966
2026-08-13 19:07:18.554661,BHEL,292.18,5578,292.03,1548081,292.33,1527080
2026-08-13 19:07:18.569298,HUDCO,193.38,1000,193.28,2005064,193.48,1053559
2026-08-13 19:07:18.572620,PNB,112.39,7215,112.33,2098337,112.45,1958561
2026-08-13 19:07:18.589136,NHPC,93.96,4556,93.91,1518591,94.01,1485579
2026-08-13 19:07:18.606099,SMALLCAP1,44.84,193,44.79,12441,44.89,20411
2026-08-13 19:07:18.622314,RELIANCE,2827.84,4750,2826.43,1346396,2829.25,1673745
2026-08-13 19:07:18.639793,TCS,3681.06,8518,3679.22,1109084,3682.9,2334102
2026-08-13 19:07:18.655976,INFY,1453.44,9215,1452.71,1490040,1454.17,2334579
2026-08-13 19:07:18.672239,PENNYSTOCK,14.47,9830,14.42,2469385,14.52,2164366
2026-08-13 19:07:33.407553,IDFCFIRSTB,72.86,1441,72.81,2440169,72.91,2248487
2026-08-13 19:07:33.437009,SUZLON,54.41,11764,54.36,1622968,54.46,1656492
2026-08-13 19:07:33.439007,GMRINFRA,88.21,1698,88.16,1080236,88.26,1439372
2026-08-13 19:07:33.455738,SOUTHBANK,32.8,14741,32.75,1061926,32.85,1056869
2026-08-13 19:07:33.472771,IRB,62.91,4949,62.86,1824167,62.96,1302936
2026-08-13 19:07:33.489827,HFCL,116.51,9113,116.45,1279020,116.57,1976181
2026-08-13 19:07:33.508422,NMDC,218.05,3221,217.94,1477287,218.16,1338145
2026-08-13 19:07:33.522350,TATAPOWER,413.76,10883,413.55,1775126,413.97,1751340
2026-08-13 19:07:33.554661,BHEL,292.22,2442,292.07,1226379,292.37,1699125
2026-08-13 19:07:33.569298,HUDCO,193.82,1384,193.72,2088338,193.92,1805445
2026-08-13 19:07:33.572620,PNB,112.47,1198,112.41,1769248,112.53,2287679
2026-08-13 19:07:33.589136,NHPC,93.86,2959,93.81,1433503,93.91,1264129
2026-08-13 19:07:33.606099,SMALLCAP1,44.76,713,44.71,12441,44.81,20129
2026-08-13 19:07:33.622314,RELIANCE,2825.61,1491,2824.2,2342103,2827.02,1678249
2026-08-13 19:07:33.639793,TCS,3693.51,1873,3691.66,1158283,3695.36,1424209
2026-08-13 19:07:33.655976,INFY,1458.14,9167,1457.41,1853475,1458.87,1560582
2026-08-13 19:07:33.672239,PENNYSTOCK,14.5,11950,14.45,2240013,14.55,1783887
2026-08-13 19:07:48.407553,IDFCFIRSTB,72.91,13414,72.86,1630880,72.96,1456096
2026-08-13 19:07:48.437009,SUZLON,54.38,11814,54.33,2382056,54.43,1238008
2026-08-13 19:07:48.439007,GMRINFRA,87.89,14663,87.84,1137281,87.94,2016558
2026-08-13 19:07:48.455738,SOUTHBANK,32.8,4496,32.75,2190121,32.85,1534880
2026-08-13 19:07:48.472771,IRB,62.88,12683,62.83,2291461,62.93,2397752
2026-08-13 19:07:48.489827,HFCL,116.7,5443,116.64,1115401,116.76,2254073
2026-08-13 19:07:48.508422,NMDC,217.78,7548,217.67,1924921,217.89,2144745
2026-08-13 19:07:48.522350,TATAPOWER,413.94,10595,413.73,2376844,414.15,2407305
2026-08-13 19:07:48.554661,BHEL,292.53,12651,292.38,2487310,292.68,1966140
2026-08-13 19:07:48.569298,HUDCO,194.54,10756,194.44,2054622,194.64,2433921
2026-08-13 19:07:48.572620,PNB,112.48,4975,112.42,1813040,112.54,2051385
2026-08-13 19:07:48.589136,NHPC,93.97,10621,93.92,1212817,94.02,1372195
2026-08-13 19:07:48.606099,SMALLCAP1,44.7,129,44.65,20861,44.75,17527
2026-08-13 19:07:48.622314,RELIANCE,2824.9,13366,2823.49,1470489,2826.31,1867385
2026-08-13 19:07:48.639793,TCS,3690.0,9795,3688.16,2363051,3691.84,2059085
2026-08-13 19:07:48.655976,INFY,1462.86,13908,1462.13,1873164,1463.59,2133659
2026-08-13 19:07:48.672239,PENNYSTOCK,14.53,3988,14.48,1222954,14.58,1814494
2026-08-13 19:08:03.407553,IDFCFIRSTB,72.75,3838,72.7,1816774,72.8,2334535
2026-08-13 19:08:03.437009,SUZLON,54.36,9314,54.31,1201319,54.41,1329131
2026-08-13 19:08:03.439007,GMRINFRA,88.06,5647,88.01,2398159,88.11,1783955
2026-08-13 19:08:03.455738,SOUTHBANK,32.82,4197,32.77,1825018,32.87,2151443
2026-08-13 19:08:03.472771,IRB,62.89,4285,62.84,1465604,62.94,2376246
2026-08-13 19:08:03.489827,HFCL,116.75,2016,116.69,1577047,116.81,1710546
2026-08-13 19:08:03.508422,NMDC,218.03,11876,217.92,1085882,218.14,1796003
2026-08-13 19:08:03.522350,TATAPOWER,413.75,1503,413.54,1186976,413.96,1259563
2026-08-13 19:08:03.554661,BHEL,291.83,3822,291.68,1430181,291.98,1899474
2026-08-13 19:08:03.569298,HUDCO,194.9,4877,194.8,1703416,195.0,2408149
2026-08-13 19:08:03.572620,PNB,112.47,4861,112.41,1061626,112.53,1219220
2026-08-13 19:08:03.589136,NHPC,93.82,99603,93.77,1492772,93.87,2069074
2026-08-13 19:08:03.606099,SMALLCAP1,44.68,50,44.63,16743,44.73,16354
2026-08-13 19:08:03.622314,RELIANCE,2834.98,12359,2833.56,2308530,2836.4,2248267
2026-08-13 19:08:03.639793,TCS,3694.54,9909,3692.69,2376326,3696.39,2261535
2026-08-13 19:08:03.655976,INFY,1464.21,4681,1463.48,1530072,1464.94,2453563
2026-08-13 19:08:03.672239,PENNYSTOCK,14.55,12900,14.5,2073104,14.6,2346451
2026-08-13 19:08:18.407553,IDFCFIRSTB,72.75,2045,72.7,1676709,72.8,1549538
2026-08-13 19:08:18.437009,SUZLON,54.27,3855,54.22,1183303,54.32,1814407
2026-08-13 19:08:18.439007,GMRINFRA,88.15,4064,88.1,1467365,88.2,1262815
2026-08-13 19:08:18.455738,SOUTHBANK,32.88,9729,32.83,1450329,32.93,1370707
2026-08-13 19:08:18.472771,IRB,62.9,14818,62.85,2102050,62.95,2133645
2026-08-13 19:08:18.489827,HFCL,116.83,743,116.77,2038577,116.89,1832134
2026-08-13 19:08:18.508422,NMDC,218.54,12623,218.43,1053465,218.65,1568303
2026-08-13 19:08:18.522350,TATAPOWER,414.97,8392,414.76,1631879,415.18,2208789
2026-08-13 19:08:18.554661,BHEL,292.63,10015,292.48,1846227,292.78,2196888
2026-08-13 19:08:18.569298,HUDCO,194.34,3011,194.24,2196692,194.44,2085120
2026-08-13 19:08:18.572620,PNB,113.0,12122,112.94,1926221,113.06,1116192
2026-08-13 19:08:18.589136,NHPC,93.92,8784,93.87,1375907,93.97,1304160
2026-08-13 19:08:18.606099,SMALLCAP1,44.74,891,44.69,8058,44.79,7437
2026-08-13 19:08:18.622314,RELIANCE,2838.82,4829,2837.4,1797556,2840.24,2320190
2026-08-13 19:08:18.639793,TCS,3688.72,4366,3686.88,2038442,3690.56,2124732
2026-08-13 19:08:18.655976,INFY,1463.11,9358,1462.38,2038231,1463.84,2069726
2026-08-13 19:08:18.672239,PENNYSTOCK,14.55,9058,14.5,1232603,14.6,1101377
2026-08-13 19:08:33.407553,IDFCFIRSTB,72.65,2073,72.6,1275152,72.7,2461201
2026-08-13 19:08:33.437009,SUZLON,54.28,3272,54.23,1407769,54.33,1318804
2026-08-13 19:08:33.439007,GMRINFRA,88.07,6853,88.02,1474666,88.12,2162668
2026-08-13 19:08:33.455738,SOUTHBANK,32.92,4780,32.87,1349292,32.97,1443312
2026-08-13 19:08:33.472771,IRB,62.82,7643,62.77,1504449,62.87,1526893
2026-08-13 19:08:33.489827,HFCL,117.15,2318,117.09,2281507,117.21,1244404
2026-08-13 19:08:33.508422,NMDC,218.07,13895,217.96,1760448,218.18,2424668
2026-08-13 19:08:33.522350,TATAPOWER,414.8,4327,414.59,1807014,415.01,2318472
2026-08-13 19:08:33.554661,BHEL,292.44,624,292.29,2448278,292.59,1245284
2026-08-13 19:08:33.569298,HUDCO,194.17,7190,194.07,2021224,194.27,2140517
2026-08-13 19:08:33.572620,PNB,112.9,10227,112.84,1918754,112.96,2081261
2026-08-13 19:08:33.589136,NHPC,93.62,7904,93.57,2157431,93.67,1303889
2026-08-13 19:08:33.606099,SMALLCAP1,44.77,601,44.72,17207,44.82,7938
2026-08-13 19:08:33.622314,RELIANCE,2837.9,9503,2836.48,2356371,2839.32,2033090
2026-08-13 19:08:33.639793,TCS,3688.39,10391,3686.55,1718247,3690.23,2431069
2026-08-13 19:08:33.655976,INFY,1463.11,1738,1462.38,2127184,1463.84,1530903
2026-08-13 19:08:33.672239,PENNYSTOCK,14.57,9860,14.52,1341394,14.62,1159195
2026-08-13 19:08:48.407553,IDFCFIRSTB,72.68,2869,72.63,1776432,72.73,1954870
2026-08-13 19:08:48.437009,SUZLON,54.38,2833,54.33,1761204,54.43,2026205
2026-08-13 19:08:48.439007,GMRINFRA,87.98,13838,87.93,1586605,88.03,1421472
2026-08-13 19:08:48.455738,SOUTHBANK,32.9,8257,32.85,2215140,32.95,1598764
2026-08-13 19:08:48.472771,IRB,63.01,14288,62.96,1479213,63.06,2039234
2026-08-13 19:08:48.489827,HFCL,117.46,9885,117.4,1912513,117.52,1858595
2026-08-13 19:08:48.508422,NMDC,219.18,10389,219.07,1413579,219.29,1799424
2026-08-13 19:08:48.522350,TATAPOWER,413.6,3307,413.39,1764067,413.81,2450169
2026-08-13 19:08:48.554661,BHEL,292.85,4160,292.7,1430056,293.0,1669077
2026-08-13 19:08:48.569298,HUDCO,193.8,70164,193.7,2123645,193.9,2437070
2026-08-13 19:08:48.572620,PNB,112.91,6122,112.85,1275614,112.97,1600085
2026-08-13 19:08:48.589136,NHPC,93.91,8692,93.86,1059659,93.96,1995226
2026-08-13 19:08:48.606099,SMALLCAP1,44.7,692,44.65,23543,44.75,21438
2026-08-13 19:08:48.622314,RELIANCE,2845.39,12467,2843.97,1107391,2846.81,1978154
2026-08-13 19:08:48.639793,TCS,3685.89,8692,3684.05,1233824,3687.73,2304168
2026-08-13 19:08:48.655976,INFY,1461.8,87280,1461.07,1401940,1462.53,2230963
2026-08-13 19:08:48.672239,PENNYSTOCK,14.59,12993,14.54,2316870,14.64,1592588
2026-08-13 19:09:03.407553,IDFCFIRSTB,72.7,2607,72.65,2100644,72.75,1089248
2026-08-13 19:09:03.437009,SUZLON,54.55,5308,54.5,1563000,54.6,1774750
2026-08-13 19:09:03.439007,GMRINFRA,87.97,3735,87.92,2146864,88.02,2411171
2026-08-13 19:09:03.455738,SOUTHBANK,32.89,4794,32.84,1726443,32.94,1422914
2026-08-13 19:09:03.472771,IRB,62.92,7185,62.87,1772130,62.97,2182367
2026-08-13 19:09:03.489827,HFCL,117.52,2479,117.46,1057036,117.58,1696752
2026-08-13 19:09:03.508422,NMDC,218.79,1807,218.68,1855083,218.9,2323371
2026-08-13 19:09:03.522350,TATAPOWER,413.87,6088,413.66,1832229,414.08,2055172
2026-08-13 19:09:03.554661,BHEL,293.44,8620,293.29,2330264,293.59,2117444
2026-08-13 19:09:03.569298,HUDCO,193.97,12601,193.87,2055000,194.07,1218438
2026-08-13 19:09:03.572620,PNB,113.13,12312,113.07,1909222,113.19,1814185
2026-08-13 19:09:03.589136,NHPC,94.15,6762,94.1,1468113,94.2,1397958
2026-08-13 19:09:03.606099,SMALLCAP1,44.65,223,44.6,16939,44.7,10809
2026-08-13 19:09:03.622314,RELIANCE,2844.11,9506,2842.69,1795951,2845.53,2482745
2026-08-13 19:09:03.639793,TCS,3679.12,11306,3677.28,1140571,3680.96,2121426
2026-08-13 19:09:03.655976,INFY,1463.94,9303,1463.21,1358237,1464.67,1571328
2026-08-13 19:09:03.672239,PENNYSTOCK,14.6,14309,14.55,1403649,14.65,1696961
2026-08-13 19:09:18.407553,IDFCFIRSTB,72.59,12450,72.54,1613005,72.64,2107089
2026-08-13 19:09:18.437009,SUZLON,54.56,11455,54.51,1189445,54.61,2145146
2026-08-13 19:09:18.439007,GMRINFRA,88.02,147202,87.97,1875207,88.07,2320832
2026-08-13 19:09:18.455738,SOUTHBANK,32.93,5326,32.88,1862515,32.98,2062516
2026-08-13 19:09:18.472771,IRB,62.84,12942,62.79,1559702,62.89,2443002
2026-08-13 19:09:18.489827,HFCL,117.56,7314,117.5,2075611,117.62,1117531
2026-08-13 19:09:18.508422,NMDC,218.55,7937,218.44,1277653,218.66,1905470
2026-08-13 19:09:18.522350,TATAPOWER,413.79,13801,413.58,1881744,414.0,1318712
2026-08-13 19:09:18.554661,BHEL,292.99,11771,292.84,2059013,293.14,1475803
2026-08-13 19:09:18.569298,HUDCO,194.32,10388,194.22,2287529,194.42,2273498
2026-08-13 19:09:18.572620,PNB,113.02,4211,112.96,1904215,113.08,1696515
2026-08-13 19:09:18.589136,NHPC,94.01,8000,93.96,2479217,94.06,1865536
2026-08-13 19:09:18.606099,SMALLCAP1,44.56,191,44.51,24699,44.61,8010
2026-08-13 19:09:18.622314,RELIANCE,2839.63,33968,2838.21,1745895,2841.05,1199870
2026-08-13 19:09:18.639793,TCS,3680.7,10148,3678.86,1941760,3682.54,1406831
2026-08-13 19:09:18.655976,INFY,1463.67,696,1462.94,1518695,1464.4,1236129
2026-08-13 19:09:18.672239,PENNYSTOCK,14.59,5747,14.54,1362062,14.64,1200429
2026-08-13 19:09:33.407553,IDFCFIRSTB,72.53,13282,72.48,1113398,72.58,1449548
2026-08-13 19:09:33.437009,SUZLON,54.42,9136,54.37,2110319,54.47,1087866
2026-08-13 19:09:33.439007,GMRINFRA,87.88,11647,87.83,2148710,87.93,2174889
2026-08-13 19:09:33.455738,SOUTHBANK,32.99,13267,32.94,1062202,33.04,1297880
2026-08-13 19:09:33.472771,IRB,62.82,3279,62.77,1429764,62.87,1648521
2026-08-13 19:09:33.489827,HFCL,117.53,6177,117.47,1080124,117.59,2442744
2026-08-13 19:09:33.508422,NMDC,218.84,1578,218.73,2441257,218.95,1416114
2026-08-13 19:09:33.522350,TATAPOWER,414.4,5447,414.19,2252427,414.61,1351399
2026-08-13 19:09:33.554661,BHEL,292.75,2898,292.6,1864495,292.9,2446315
2026-08-13 19:09:33.569298,HUDCO,194.32,3386,194.22,1075367,194.42,2123322
2026-08-13 19:09:33.572620,PNB,113.23,5925,113.17,2131365,113.29,2389718
2026-08-13 19:09:33.589136,NHPC,94.15,8801,94.1,1619743,94.2,2365523
2026-08-13 19:09:33.606099,SMALLCAP1,44.67,521,44.62,5438,44.72,21214
2026-08-13 19:09:33.622314,RELIANCE,2831.79,3934,2830.37,2386427,2833.21,1841098
2026-08-13 19:09:33.639793,TCS,3676.83,114224,3674.99,1211133,3678.67,1262116
2026-08-13 19:09:33.655976,INFY,1463.68,4365,1462.95,1414975,1464.41,2093346
2026-08-13 19:09:33.672239,PENNYSTOCK,14.56,93177,14.51,2287102,14.61,1289972
2026-08-13 19:09:48.407553,IDFCFIRSTB,72.46,5947,72.41,2448494,72.51,1475968
2026-08-13 19:09:48.437009,SUZLON,54.48,2759,54.43,1792710,54.53,1839609
2026-08-13 19:09:48.439007,GMRINFRA,87.81,3778,87.76,2088716,87.86,1578419
2026-08-13 19:09:48.455738,SOUTHBANK,32.97,8453,32.92,1690490,33.02,1196793
2026-08-13 19:09:48.472771,IRB,62.83,2102,62.78,2443962,62.88,1303546
2026-08-13 19:09:48.489827,HFCL,117.74,13324,117.68,2051666,117.8,1440400
2026-08-13 19:09:48.508422,NMDC,219.06,3952,218.95,1392309,219.17,1313599
2026-08-13 19:09:48.522350,TATAPOWER,415.26,1237,415.05,2143711,415.47,1276139
2026-08-13 19:09:48.554661,BHEL,292.38,13411,292.23,1728925,292.53,2104820
2026-08-13 19:09:48.569298,HUDCO,194.19,7015,194.09,2021612,194.29,2257567
2026-08-13 19:09:48.572620,PNB,113.08,8926,113.02,1505646,113.14,1993922
2026-08-13 19:09:48.589136,NHPC,94.09,3090,94.04,2223858,94.14,2105029
2026-08-13 19:09:48.606099,SMALLCAP1,44.65,961,44.6,8237,44.7,12338
2026-08-13 19:09:48.622314,RELIANCE,2829.0,10636,2827.59,2164909,2830.41,1577509
2026-08-13 19:09:48.639793,TCS,3677.37,9912,3675.53,1640277,3679.21,2420539
2026-08-13 19:09:48.655976,INFY,1464.06,2071,1463.33,2232789,1464.79,2470038
2026-08-13 19:09:48.672239,PENNYSTOCK,14.55,1210,14.5,2076657,14.6,2052333
2026-08-13 19:10:03.407553,IDFCFIRSTB,72.61,7090,72.56,1580087,72.66,1392342
2026-08-13 19:10:03.437009,SUZLON,54.5,14075,54.45,2075634,54.55,1416501
2026-08-13 19:10:03.439007,GMRINFRA,87.86,873,87.81,1263414,87.91,1365941
2026-08-13 19:10:03.455738,SOUTHBANK,32.93,11050,32.88,1294326,32.98,2235697
2026-08-13 19:10:03.472771,IRB,62.72,39336,62.67,1593674,62.77,1567792
2026-08-13 19:10:03.489827,HFCL,118.02,10724,117.96,1939562,118.08,2304101
2026-08-13 19:10:03.508422,NMDC,218.94,2950,218.83,1915650,219.05,2441913
2026-08-13 19:10:03.522350,TATAPOWER,415.36,9397,415.15,2118718,415.57,2055440
2026-08-13 19:10:03.554661,BHEL,292.19,3135,292.04,2035981,292.34,1709172
2026-08-13 19:10:03.569298,HUDCO,194.16,7803,194.06,1641127,194.26,1504262
2026-08-13 19:10:03.572620,PNB,113.18,4375,113.12,2413459,113.24,1292096
2026-08-13 19:10:03.589136,NHPC,93.88,14839,93.83,1680244,93.93,2046692
2026-08-13 19:10:03.606099,SMALLCAP1,44.72,603,44.67,17381,44.77,7460
2026-08-13 19:10:03.622314,RELIANCE,2832.39,5617,2830.97,1968007,2833.81,1668073
2026-08-13 19:10:03.639793,TCS,3677.93,2557,3676.09,1182199,3679.77,1808587
2026-08-13 19:10:03.655976,INFY,1461.61,3539,1460.88,1568362,1462.34,1564951
2026-08-13 19:10:03.672239,PENNYSTOCK,14.56,13841,14.51,1552539,14.61,2313257
2026-08-13 19:10:18.407553,IDFCFIRSTB,72.65,10422,72.6,1718153,72.7,1561295
2026-08-13 19:10:18.437009,SUZLON,54.43,1960,54.38,2329661,54.48,2444977
2026-08-13 19:10:18.439007,GMRINFRA,87.8,12844,87.75,2093103,87.85,2162699
2026-08-13 19:10:18.455738,SOUTHBANK,33.03,5825,32.98,1207515,33.08,1507536
2026-08-13 19:10:18.472771,IRB,62.8,3209,62.75,1237752,62.85,2016098
2026-08-13 19:10:18.489827,HFCL,118.32,2135,118.26,2351262,118.38,1510533
2026-08-13 19:10:18.508422,NMDC,219.35,4581,219.24,1851314,219.46,1113148
2026-08-13 19:10:18.522350,TATAPOWER,416.22,14665,416.01,2204926,416.43,1993240
2026-08-13 19:10:18.554661,BHEL,292.11,12413,291.96,2340200,292.26,1388055
2026-08-13 19:10:18.569298,HUDCO,194.41,2398,194.31,1797256,194.51,2422871
2026-08-13 19:10:18.572620,PNB,113.21,10036,113.15,2109253,113.27,2136585
2026-08-13 19:10:18.589136,NHPC,93.87,1713,93.82,1321326,93.92,2363739
2026-08-13 19:10:18.606099,SMALLCAP1,44.75,672,44.7,17869,44.8,23466
2026-08-13 19:10:18.622314,RELIANCE,2837.44,4768,2836.02,1170362,2838.86,1126838
2026-08-13 19:10:18.639793,TCS,3677.24,5771,3675.4,1585711,3679.08,1444032
2026-08-13 19:10:18.655976,INFY,1459.41,6144,1458.68,1912289,1460.14,2322908
2026-08-13 19:10:18.672239,PENNYSTOCK,14.56,12168,14.51,1497455,14.61,1758674
2026-08-13 19:10:33.407553,IDFCFIRSTB,72.58,4757,72.53,1298785,72.63,1510881
2026-08-13 19:10:33.437009,SUZLON,54.42,2685,54.37,1613934,54.47,1823446
2026-08-13 19:10:33.439007,GMRINFRA,87.79,6146,87.74,2366957,87.84,1780903
2026-08-13 19:10:33.455738,SOUTHBANK,33.06,13526,33.01,1729497,33.11,1375404
2026-08-13 19:10:33.472771,IRB,62.79,8328,62.74,1835022,62.84,2242379
2026-08-13 19:10:33.489827,HFCL,118.28,13682,118.22,2459209,118.34,2133432
2026-08-13 19:10:33.508422,NMDC,219.17,11233,219.06,1941765,219.28,1113656
2026-08-13 19:10:33.522350,TATAPOWER,416.65,2750,416.44,1765289,416.86,1329573
2026-08-13 19:10:33.554661,BHEL,291.91,13934,291.76,1153129,292.06,2018864
2026-08-13 19:10:33.569298,HUDCO,194.25,10561,194.15,2435959,194.35,1738093
2026-08-13 19:10:33.572620,PNB,113.14,11898,113.08,1652470,113.2,1479060
2026-08-13 19:10:33.589136,NHPC,93.76,5676,93.71,1283066,93.81,2207863
2026-08-13 19:10:33.606099,SMALLCAP1,44.68,119,44.63,22741,44.73,5832
2026-08-13 19:10:33.622314,RELIANCE,2832.48,59886,2831.06,1677127,2833.9,2368649
2026-08-13 19:10:33.639793,TCS,3674.81,14398,3672.97,1622478,3676.65,1635349
2026-08-13 19:10:33.655976,INFY,1460.17,9006,1459.44,1452605,1460.9,2163218
2026-08-13 19:10:33.672239,PENNYSTOCK,14.56,107400,14.51,1684634,14.61,2257117
2026-08-13 19:10:48.407553,IDFCFIRSTB,72.56,7700,72.51,1393236,72.61,1214771
2026-08-13 19:10:48.437009,SUZLON,54.29,7164,54.24,2447704,54.34,1997595
2026-08-13 19:10:48.439007,GMRINFRA,87.92,27760,87.87,1222998,87.97,1727456
2026-08-13 19:10:48.455738,SOUTHBANK,33.19,2247,33.14,1297541,33.24,1414295
2026-08-13 19:10:48.472771,IRB,62.72,14510,62.67,1559522,62.77,2162709
2026-08-13 19:10:48.489827,HFCL,118.39,8147,118.33,1299198,118.45,1920978
2026-08-13 19:10:48.508422,NMDC,218.82,11035,218.71,2132732,218.93,1415604
2026-08-13 19:10:48.522350,TATAPOWER,418.17,38332,417.96,2003482,418.38,2339612
2026-08-13 19:10:48.554661,BHEL,291.92,14420,291.77,1870466,292.07,2427122
2026-08-13 19:10:48.569298,HUDCO,194.26,14886,194.16,1370450,194.36,1574214
2026-08-13 19:10:48.572620,PNB,113.43,3403,113.37,1492489,113.49,2075147
2026-08-13 19:10:48.589136,NHPC,93.45,6418,93.4,2193880,93.5,1977356
2026-08-13 19:10:48.606099,SMALLCAP1,44.75,581,44.7,6119,44.8,15820
2026-08-13 19:10:48.622314,RELIANCE,2827.92,10914,2826.51,1665172,2829.33,2275766
2026-08-13 19:10:48.639793,TCS,3675.61,10380,3673.77,1950081,3677.45,1358431
2026-08-13 19:10:48.655976,INFY,1461.1,10835,1460.37,1764430,1461.83,1420048
2026-08-13 19:10:48.672239,PENNYSTOCK,14.58,12822,14.53,1594713,14.63,1364762
2026-08-13 19:11:03.407553,IDFCFIRSTB,72.65,2620,72.6,1344020,72.7,1363299
2026-08-13 19:11:03.437009,SUZLON,54.33,1170,54.28,1687849,54.38,1719383
2026-08-13 19:11:03.439007,GMRINFRA,87.72,14546,87.67,1539192,87.77,2190052
2026-08-13 19:11:03.455738,SOUTHBANK,33.16,149340,33.11,1955948,33.21,1260583
2026-08-13 19:11:03.472771,IRB,62.69,3066,62.64,1959305,62.74,1730931
2026-08-13 19:11:03.489827,HFCL,118.61,4586,118.55,1980181,118.67,1247867
2026-08-13 19:11:03.508422,NMDC,219.09,2722,218.98,1092495,219.2,1545900
2026-08-13 19:11:03.522350,TATAPOWER,417.44,2469,417.23,2057609,417.65,2098166
2026-08-13 19:11:03.554661,BHEL,292.16,13586,292.01,1646156,292.31,2401524
2026-08-13 19:11:03.569298,HUDCO,193.62,12650,193.52,2318175,193.72,2278015
2026-08-13 19:11:03.572620,PNB,113.2,13090,113.14,1195267,113.26,1111972
2026-08-13 19:11:03.589136,NHPC,93.42,621,93.37,2467270,93.47,1111846
2026-08-13 19:11:03.606099,SMALLCAP1,44.71,51,44.66,23171,44.76,19763
2026-08-13 19:11:03.622314,RELIANCE,2825.99,12602,2824.58,1432986,2827.4,2394576
2026-08-13 19:11:03.639793,TCS,3670.47,5117,3668.63,1570117,3672.31,1835486
2026-08-13 19:11:03.655976,INFY,1462.74,14680,1462.01,1961112,1463.47,1946827
2026-08-13 19:11:03.672239,PENNYSTOCK,14.65,11913,14.6,1907530,14.7,2200838
2026-08-13 19:11:18.407553,IDFCFIRSTB,72.66,14658,72.61,1911792,72.71,1390049
2026-08-13 19:11:18.437009,SUZLON,54.29,14840,54.24,1752803,54.34,1620275
2026-08-13 19:11:18.439007,GMRINFRA,87.54,8448,87.49,2383407,87.59,1312031
2026-08-13 19:11:18.455738,SOUTHBANK,33.26,12315,33.21,2172428,33.31,1351326
2026-08-13 19:11:18.472771,IRB,62.66,8056,62.61,2489336,62.71,1162940
2026-08-13 19:11:18.489827,HFCL,118.43,14929,118.37,2396422,118.49,1272671
2026-08-13 19:11:18.508422,NMDC,218.92,10338,218.81,1191896,219.03,2435016
2026-08-13 19:11:18.522350,TATAPOWER,417.59,11033,417.38,1918683,417.8,2363296
2026-08-13 19:11:18.554661,BHEL,292.52,13930,292.37,1781604,292.67,1713754
2026-08-13 19:11:18.569298,HUDCO,193.56,14814,193.46,1893305,193.66,1217947
2026-08-13 19:11:18.572620,PNB,113.45,12884,113.39,1823063,113.51,1090400
2026-08-13 19:11:18.589136,NHPC,93.38,3137,93.33,1881967,93.43,2444815
2026-08-13 19:11:18.606099,SMALLCAP1,44.72,476,44.67,22731,44.77,23982
2026-08-13 19:11:18.622314,RELIANCE,2820.5,9981,2819.09,1627021,2821.91,1203434
2026-08-13 19:11:18.639793,TCS,3671.24,3928,3669.4,2047203,3673.08,1665262
2026-08-13 19:11:18.655976,INFY,1463.14,2342,1462.41,1081361,1463.87,2472120
2026-08-13 19:11:18.672239,PENNYSTOCK,14.65,892,14.6,1363949,14.7,2175709
2026-08-13 19:11:33.407553,IDFCFIRSTB,72.62,13055,72.57,1171564,72.67,1745921
2026-08-13 19:11:33.437009,SUZLON,54.27,8375,54.22,1506994,54.32,1503414
2026-08-13 19:11:33.439007,GMRINFRA,87.6,4155,87.55,1426869,87.65,1800182
2026-08-13 19:11:33.455738,SOUTHBANK,33.25,5733,33.2,2276632,33.3,1680972
2026-08-13 19:11:33.472771,IRB,62.74,5146,62.69,1715960,62.79,1474393
2026-08-13 19:11:33.489827,HFCL,118.44,9202,118.38,2222317,118.5,1807059
2026-08-13 19:11:33.508422,NMDC,218.57,57700,218.46,1226561,218.68,1850096
2026-08-13 19:11:33.522350,TATAPOWER,417.2,1599,416.99,1114993,417.41,1861895
2026-08-13 19:11:33.554661,BHEL,291.58,11393,291.43,1182421,291.73,1841257
2026-08-13 19:11:33.569298,HUDCO,194.1,12374,194.0,2457827,194.2,1102203
2026-08-13 19:11:33.572620,PNB,113.41,5248,113.35,1503447,113.47,1086601
2026-08-13 19:11:33.589136,NHPC,93.53,3670,93.48,2372276,93.58,1542201
2026-08-13 19:11:33.606099,SMALLCAP1,44.79,50,44.74,13207,44.84,20477
2026-08-13 19:11:33.622314,RELIANCE,2823.29,14067,2821.88,2152718,2824.7,2341261
2026-08-13 19:11:33.639793,TCS,3666.13,1024,3664.3,2229769,3667.96,2398513
2026-08-13 19:11:33.655976,INFY,1462.77,14072,1462.04,1468139,1463.5,2051376
2026-08-13 19:11:33.672239,PENNYSTOCK,14.67,11897,14.62,1400442,14.72,1729918
2026-08-13 19:11:48.407553,IDFCFIRSTB,72.62,2422,72.57,1743263,72.67,1254385
2026-08-13 19:11:48.437009,SUZLON,54.3,74206,54.25,1686175,54.35,1952649
2026-08-13 19:11:48.439007,GMRINFRA,87.42,4359,87.37,1470806,87.47,1412404
2026-08-13 19:11:48.455738,SOUTHBANK,33.24,12318,33.19,1086735,33.29,1875345
2026-08-13 19:11:48.472771,IRB,62.64,14739,62.59,2219088,62.69,1532311
2026-08-13 19:11:48.489827,HFCL,118.73,13334,118.67,2325503,118.79,1675039
2026-08-13 19:11:48.508422,NMDC,218.29,3890,218.18,1615802,218.4,1550958
2026-08-13 19:11:48.522350,TATAPOWER,417.21,9717,417.0,1674513,417.42,1509178
2026-08-13 19:11:48.554661,BHEL,291.71,2824,291.56,1575712,291.86,1729233
2026-08-13 19:11:48.569298,HUDCO,193.74,1541,193.64,2365620,193.84,1625805
2026-08-13 19:11:48.572620,PNB,113.3,2536,113.24,1871368,113.36,2183126
2026-08-13 19:11:48.589136,NHPC,93.62,10816,93.57,2277891,93.67,1851598
2026-08-13 19:11:48.606099,SMALLCAP1,44.72,530,44.67,7654,44.77,15451
2026-08-13 19:11:48.622314,RELIANCE,2825.74,13731,2824.33,2495703,2827.15,2317780
2026-08-13 19:11:48.639793,TCS,3670.4,12779,3668.56,1088598,3672.24,1706278
2026-08-13 19:11:48.655976,INFY,1461.64,4701,1460.91,2256802,1462.37,1498069
2026-08-13 19:11:48.672239,PENNYSTOCK,14.64,4166,14.59,1684953,14.69,2193277
2026-08-13 19:12:03.407553,IDFCFIRSTB,72.53,11275,72.48,1508701,72.58,2483412
2026-08-13 19:12:03.437009,SUZLON,54.27,13367,54.22,2055393,54.32,1734809
2026-08-13 19:12:03.439007,GMRINFRA,87.48,14110,87.43,1428431,87.53,1758488
2026-08-13 19:12:03.455738,SOUTHBANK,33.21,14845,33.16,2425320,33.26,1805591
2026-08-13 19:12:03.472771,IRB,62.65,8070,62.6,1451901,62.7,1782780
2026-08-13 19:12:03.489827,HFCL,118.76,11051,118.7,1190495,118.82,1727564
2026-08-13 19:12:03.508422,NMDC,218.3,11335,218.19,1575318,218.41,1558715
2026-08-13 19:12:03.522350,TATAPOWER,417.57,13825,417.36,1891334,417.78,1320065
2026-08-13 19:12:03.554661,BHEL,291.92,12334,291.77,1938179,292.07,1865563
2026-08-13 19:12:03.569298,HUDCO,193.6,6450,193.5,1159144,193.7,2418559
2026-08-13 19:12:03.572620,PNB,113.38,10677,113.32,1383812,113.44,2366986
2026-08-13 19:12:03.589136,NHPC,93.5,538,93.45,2310620,93.55,1911099
2026-08-13 19:12:03.606099,SMALLCAP1,44.77,622,44.72,21109,44.82,15896
2026-08-13 19:12:03.622314,RELIANCE,2826.74,3494,2825.33,1731443,2828.15,1892000
2026-08-13 19:12:03.639793,TCS,3666.66,4705,3664.83,1714841,3668.49,2301419
2026-08-13 19:12:03.655976,INFY,1465.48,12573,1464.75,1505724,1466.21,1535648
2026-08-13 19:12:03.672239,PENNYSTOCK,14.59,14208,14.54,2147702,14.64,2017492
2026-08-13 19:12:18.407553,IDFCFIRSTB,72.6,13732,72.55,2011388,72.65,1124448
2026-08-13 19:12:18.437009,SUZLON,54.21,6138,54.16,2476232,54.26,1442302
2026-08-13 19:12:18.439007,GMRINFRA,87.66,6287,87.61,1377389,87.71,1694539
2026-08-13 19:12:18.455738,SOUTHBANK,33.19,2648,33.14,1402051,33.24,2160972
2026-08-13 19:12:18.472771,IRB,62.72,10006,62.67,1551782,62.77,1446852
2026-08-13 19:12:18.489827,HFCL,118.9,12062,118.84,1809332,118.96,2133035
2026-08-13 19:12:18.508422,NMDC,218.36,14414,218.25,1251941,218.47,1477645
2026-08-13 19:12:18.522350,TATAPOWER,417.52,8244,417.31,2308307,417.73,1946202
2026-08-13 19:12:18.554661,BHEL,291.71,5399,291.56,2333647,291.86,1134310
2026-08-13 19:12:18.569298,HUDCO,193.3,10054,193.2,2236166,193.4,1812402
2026-08-13 19:12:18.572620,PNB,113.58,2199,113.52,2022877,113.64,1811466
2026-08-13 19:12:18.589136,NHPC,93.2,13118,93.15,1973748,93.25,1258984
2026-08-13 19:12:18.606099,SMALLCAP1,44.8,89,44.75,7256,44.85,22817
2026-08-13 19:12:18.622314,RELIANCE,2830.47,4581,2829.05,2442091,2831.89,1962512
2026-08-13 19:12:18.639793,TCS,3660.97,6355,3659.14,1099858,3662.8,1278408
2026-08-13 19:12:18.655976,INFY,1464.02,5627,1463.29,1605199,1464.75,2383365
2026-08-13 19:12:18.672239,PENNYSTOCK,14.6,7005,14.55,2363236,14.65,1517311
2026-08-13 19:12:33.407553,IDFCFIRSTB,72.55,7251,72.5,2174276,72.6,1285945
2026-08-13 19:12:33.437009,SUZLON,54.26,8636,54.21,2479208,54.31,1397671
2026-08-13 19:12:33.439007,GMRINFRA,87.82,3465,87.77,1541477,87.87,1376627
2026-08-13 19:12:33.455738,SOUTHBANK,33.18,5060,33.13,2317976,33.23,1106482
2026-08-13 19:12:33.472771,IRB,62.79,5891,62.74,2434894,62.84,2489158
2026-08-13 19:12:33.489827,HFCL,118.8,14838,118.74,2159992,118.86,2012045
2026-08-13 19:12:33.508422,NMDC,218.96,14366,218.85,1164472,219.07,1878082
2026-08-13 19:12:33.522350,TATAPOWER,417.14,5181,416.93,1671701,417.35,1800736
2026-08-13 19:12:33.554661,BHEL,291.02,2770,290.87,1690300,291.17,1280311
2026-08-13 19:12:33.569298,HUDCO,192.87,30569,192.77,1348249,192.97,2338089
2026-08-13 19:12:33.572620,PNB,113.44,899,113.38,1175261,113.5,1712316
2026-08-13 19:12:33.589136,NHPC,93.27,8763,93.22,2186786,93.32,1368691
2026-08-13 19:12:33.606099,SMALLCAP1,44.85,210,44.8,11404,44.9,17608
2026-08-13 19:12:33.622314,RELIANCE,2831.19,2320,2829.77,1637322,2832.61,1500569
2026-08-13 19:12:33.639793,TCS,3659.27,11563,3657.44,1265107,3661.1,2465081
2026-08-13 19:12:33.655976,INFY,1462.35,14657,1461.62,1833430,1463.08,1251778
2026-08-13 19:12:33.672239,PENNYSTOCK,14.6,7821,14.55,2179345,14.65,1087775
2026-08-13 19:12:48.407553,IDFCFIRSTB,72.65,1237,72.6,1294989,72.7,1425235
2026-08-13 19:12:48.437009,SUZLON,54.32,620,54.27,1127935,54.37,1058543
2026-08-13 19:12:48.439007,GMRINFRA,87.69,2329,87.64,2308632,87.74,2140091
2026-08-13 19:12:48.455738,SOUTHBANK,33.23,13811,33.18,1783715,33.28,1879463
2026-08-13 19:12:48.472771,IRB,62.71,2045,62.66,1144747,62.76,1667251
2026-08-13 19:12:48.489827,HFCL,119.0,12179,118.94,2298362,119.06,1260289
2026-08-13 19:12:48.508422,NMDC,219.51,6588,219.4,1259411,219.62,1664690
2026-08-13 19:12:48.522350,TATAPOWER,415.85,4451,415.64,2497695,416.06,2379274
2026-08-13 19:12:48.554661,BHEL,291.35,14165,291.2,2334218,291.5,2330140
2026-08-13 19:12:48.569298,HUDCO,192.44,545,192.34,1670962,192.54,1739332
2026-08-13 19:12:48.572620,PNB,113.7,10778,113.64,1633335,113.76,2387458
2026-08-13 19:12:48.589136,NHPC,93.47,14566,93.42,1987523,93.52,1637798
2026-08-13 19:12:48.606099,SMALLCAP1,44.76,729,44.71,7455,44.81,12675
2026-08-13 19:12:48.622314,RELIANCE,2830.62,11833,2829.2,2359431,2832.04,1128487
2026-08-13 19:12:48.639793,TCS,3657.4,3500,3655.57,2186066,3659.23,1281200
2026-08-13 19:12:48.655976,INFY,1465.02,13736,1464.29,1282156,1465.75,1485523
2026-08-13 19:12:48.672239,PENNYSTOCK,14.61,12813,14.56,1281503,14.66,2134900
2026-08-13 19:13:03.407553,IDFCFIRSTB,72.63,9373,72.58,1090232,72.68,1687533
2026-08-13 19:13:03.437009,SUZLON,54.28,107250,54.23,1057142,54.33,1176629
2026-08-13 19:13:03.439007,GMRINFRA,87.69,9827,87.64,1605916,87.74,2390742
2026-08-13 19:13:03.455738,SOUTHBANK,33.2,12505,33.15,1619282,33.25,2415794
2026-08-13 19:13:03.472771,IRB,62.62,8817,62.57,1797541,62.67,2398878
2026-08-13 19:13:03.489827,HFCL,118.83,124848,118.77,1190196,118.89,1332102
2026-08-13 19:13:03.508422,NMDC,219.87,49371,219.76,1649863,219.98,1801619
2026-08-13 19:13:03.522350,TATAPOWER,415.76,507,415.55,1836581,415.97,1572413
2026-08-13 19:13:03.554661,BHEL,291.52,11394,291.37,2186360,291.67,1052977
2026-08-13 19:13:03.569298,HUDCO,192.84,12035,192.74,1080903,192.94,1406717
2026-08-13 19:13:03.572620,PNB,113.44,11734,113.38,1850987,113.5,1491569
2026-08-13 19:13:03.589136,NHPC,93.32,653,93.27,1999592,93.37,2299759
2026-08-13 19:13:03.606099,SMALLCAP1,44.82,751,44.77,24626,44.87,21441
2026-08-13 19:13:03.622314,RELIANCE,2832.76,6471,2831.34,1776485,2834.18,2075478
2026-08-13 19:13:03.639793,TCS,3659.65,13460,3657.82,1785261,3661.48,1491221
2026-08-13 19:13:03.655976,INFY,1466.35,4534,1465.62,1894646,1467.08,1721582
2026-08-13 19:13:03.672239,PENNYSTOCK,14.59,2343,14.54,2137759,14.64,2397964
2026-08-13 19:13:18.407553,IDFCFIRSTB,72.67,79830,72.62,1952112,72.72,2013431
2026-08-13 19:13:18.437009,SUZLON,54.33,3951,54.28,1301351,54.38,1800168
2026-08-13 19:13:18.439007,GMRINFRA,87.63,6998,87.58,1426519,87.68,1562217
2026-08-13 19:13:18.455738,SOUTHBANK,33.12,5665,33.07,1556183,33.17,1138445
2026-08-13 19:13:18.472771,IRB,62.7,10562,62.65,1593045,62.75,2398245
2026-08-13 19:13:18.489827,HFCL,118.73,6779,118.67,1071351,118.79,2397252
2026-08-13 19:13:18.508422,NMDC,219.3,592,219.19,1345524,219.41,2011279
2026-08-13 19:13:18.522350,TATAPOWER,414.84,6406,414.63,1448571,415.05,1258825
2026-08-13 19:13:18.554661,BHEL,291.52,12183,291.37,1717349,291.67,1509206
2026-08-13 19:13:18.569298,HUDCO,192.73,158196,192.63,1429958,192.83,1914465
2026-08-13 19:13:18.572620,PNB,113.44,502,113.38,1627620,113.5,1438640
2026-08-13 19:13:18.589136,NHPC,93.3,9542,93.25,2390875,93.35,1096972
2026-08-13 19:13:18.606099,SMALLCAP1,44.78,128,44.73,23861,44.83,20737
2026-08-13 19:13:18.622314,RELIANCE,2836.4,11695,2834.98,1374321,2837.82,1702562
2026-08-13 19:13:18.639793,TCS,3665.6,1283,3663.77,1721170,3667.43,2109753
2026-08-13 19:13:18.655976,INFY,1469.26,11671,1468.53,2462933,1469.99,2051832
2026-08-13 19:13:18.672239,PENNYSTOCK,14.61,4613,14.56,1198654,14.66,2484244
2026-08-13 19:13:33.407553,IDFCFIRSTB,72.59,640,72.54,1053976,72.64,1400795
2026-08-13 19:13:33.437009,SUZLON,54.39,4134,54.34,2049503,54.44,2214700
2026-08-13 19:13:33.439007,GMRINFRA,87.75,6724,87.7,2372714,87.8,1944783
2026-08-13 19:13:33.455738,SOUTHBANK,33.08,9236,33.03,2491256,33.13,1278021
2026-08-13 19:13:33.472771,IRB,62.85,4721,62.8,1262416,62.9,1235132
2026-08-13 19:13:33.489827,HFCL,118.7,4077,118.64,2235793,118.76,1357521
2026-08-13 19:13:33.508422,NMDC,219.21,10160,219.1,1696361,219.32,2071922
2026-08-13 19:13:33.522350,TATAPOWER,416.17,14298,415.96,1861271,416.38,1506421
2026-08-13 19:13:33.554661,BHEL,290.64,2417,290.49,1878880,290.79,1993781
2026-08-13 19:13:33.569298,HUDCO,192.64,33222,192.54,2173903,192.74,1909838
2026-08-13 19:13:33.572620,PNB,113.32,9431,113.26,1525942,113.38,1504872
2026-08-13 19:13:33.589136,NHPC,93.38,3558,93.33,1109474,93.43,2045380
2026-08-13 19:13:33.606099,SMALLCAP1,44.72,582,44.67,6084,44.77,20227
2026-08-13 19:13:33.622314,RELIANCE,2833.09,10496,2831.67,1941646,2834.51,1490197
2026-08-13 19:13:33.639793,TCS,3661.35,4026,3659.52,1762189,3663.18,2423438
2026-08-13 19:13:33.655976,INFY,1476.54,8135,1475.8,2304484,1477.28,1285325
2026-08-13 19:13:33.672239,PENNYSTOCK,14.65,9805,14.6,1721212,14.7,1467167
2026-08-13 19:13:48.407553,IDFCFIRSTB,72.25,97428,72.2,2488639,72.3,2174251
2026-08-13 19:13:48.437009,SUZLON,54.27,748,54.22,1153846,54.32,2479166
2026-08-13 19:13:48.439007,GMRINFRA,87.71,11438,87.66,1548596,87.76,1719658
2026-08-13 19:13:48.455738,SOUTHBANK,33.01,8739,32.96,1502487,33.06,1381367
2026-08-13 19:13:48.472771,IRB,62.79,6863,62.74,2243629,62.84,1955599
2026-08-13 19:13:48.489827,HFCL,118.53,10834,118.47,1303701,118.59,1768143
2026-08-13 19:13:48.508422,NMDC,218.97,12668,218.86,1252092,219.08,1964422
2026-08-13 19:13:48.522350,TATAPOWER,415.94,14283,415.73,2289544,416.15,1872832
2026-08-13 19:13:48.554661,BHEL,290.76,14522,290.61,1660059,290.91,1254203
2026-08-13 19:13:48.569298,HUDCO,192.77,12023,192.67,1575812,192.87,1946706
2026-08-13 19:13:48.572620,PNB,113.26,12203,113.2,1897513,113.32,1486582
2026-08-13 19:13:48.589136,NHPC,93.29,10934,93.24,1974472,93.34,1657055
2026-08-13 19:13:48.606099,SMALLCAP1,44.7,562,44.65,7408,44.75,24533
2026-08-13 19:13:48.622314,RELIANCE,2828.6,2745,2827.19,1079452,2830.01,2324855
2026-08-13 19:13:48.639793,TCS,3654.61,2472,3652.78,1350470,3656.44,2350526
2026-08-13 19:13:48.655976,INFY,1478.49,1356,1477.75,2355970,1479.23,1356001
2026-08-13 19:13:48.672239,PENNYSTOCK,14.65,8642,14.6,2059882,14.7,2389839
2026-08-13 19:14:03.407553,IDFCFIRSTB,72.42,697,72.37,2367300,72.47,1321754
2026-08-13 19:14:03.437009,SUZLON,54.2,10292,54.15,2123803,54.25,2176263
2026-08-13 19:14:03.439007,GMRINFRA,87.84,2363,87.79,2018325,87.89,1923059
2026-08-13 19:14:03.455738,SOUTHBANK,32.94,12238,32.89,1403949,32.99,2065841
2026-08-13 19:14:03.472771,IRB,62.99,5710,62.94,1592556,63.04,1646787
2026-08-13 19:14:03.489827,HFCL,118.47,2051,118.41,2365403,118.53,1964409
2026-08-13 19:14:03.508422,NMDC,218.95,6784,218.84,1164086,219.06,1269808
2026-08-13 19:14:03.522350,TATAPOWER,415.97,14075,415.76,2338043,416.18,1742179
2026-08-13 19:14:03.554661,BHEL,291.02,5517,290.87,2064258,291.17,1983439
2026-08-13 19:14:03.569298,HUDCO,192.66,8229,192.56,2256661,192.76,1648793
2026-08-13 19:14:03.572620,PNB,113.31,11657,113.25,2054016,113.37,2229615
2026-08-13 19:14:03.589136,NHPC,93.31,2308,93.26,1936827,93.36,1821692
2026-08-13 19:14:03.606099,SMALLCAP1,44.75,978,44.7,20682,44.8,12167
2026-08-13 19:14:03.622314,RELIANCE,2834.19,10283,2832.77,1720566,2835.61,1058928
2026-08-13 19:14:03.639793,TCS,3654.51,6906,3652.68,1224996,3656.34,1595146
2026-08-13 19:14:03.655976,INFY,1477.73,7610,1476.99,1367280,1478.47,1531814
2026-08-13 19:14:03.672239,PENNYSTOCK,14.62,11861,14.57,2256633,14.67,1752990
2026-08-13 19:14:18.407553,IDFCFIRSTB,72.42,5460,72.37,2495814,72.47,1095593
2026-08-13 19:14:18.437009,SUZLON,54.22,2592,54.17,2484254,54.27,1077879
2026-08-13 19:14:18.439007,GMRINFRA,87.88,4610,87.83,1885493,87.93,1263014
2026-08-13 19:14:18.455738,SOUTHBANK,32.93,13393,32.88,1119716,32.98,2294667
2026-08-13 19:14:18.472771,IRB,63.07,5551,63.02,2300939,63.12,1510731
2026-08-13 19:14:18.489827,HFCL,118.46,14777,118.4,2042739,118.52,1211266
2026-08-13 19:14:18.508422,NMDC,218.42,1341,218.31,2006464,218.53,1736039
2026-08-13 19:14:18.522350,TATAPOWER,416.28,10170,416.07,1753245,416.49,1201609
2026-08-13 19:14:18.554661,BHEL,290.97,8047,290.82,2348466,291.12,1737419
2026-08-13 19:14:18.569298,HUDCO,192.35,7622,192.25,1383271,192.45,1332464
2026-08-13 19:14:18.572620,PNB,113.16,4961,113.1,2100635,113.22,1692384
2026-08-13 19:14:18.589136,NHPC,93.41,2909,93.36,1161206,93.46,1273809
2026-08-13 19:14:18.606099,SMALLCAP1,44.85,89,44.8,14124,44.9,5236
2026-08-13 19:14:18.622314,RELIANCE,2837.07,132451,2835.65,2327919,2838.49,1943734
2026-08-13 19:14:18.639793,TCS,3648.7,9429,3646.88,2016309,3650.52,1856810
2026-08-13 19:14:18.655976,INFY,1479.97,145794,1479.23,2120961,1480.71,1611065
2026-08-13 19:14:18.672239,PENNYSTOCK,14.61,881,14.56,2104067,14.66,1770526
2026-08-13 19:14:33.407553,IDFCFIRSTB,72.42,1166,72.37,1616694,72.47,1909835
2026-08-13 19:14:33.437009,SUZLON,54.18,64998,54.13,1549332,54.23,1525897
2026-08-13 19:14:33.439007,GMRINFRA,87.91,9527,87.86,2337194,87.96,1992459
2026-08-13 19:14:33.455738,SOUTHBANK,32.93,11513,32.88,1056916,32.98,1385126
2026-08-13 19:14:33.472771,IRB,63.1,7817,63.05,1642703,63.15,1344121
2026-08-13 19:14:33.489827,HFCL,118.27,10510,118.21,1063846,118.33,1433970
2026-08-13 19:14:33.508422,NMDC,217.96,8661,217.85,1877792,218.07,1441228
2026-08-13 19:14:33.522350,TATAPOWER,415.49,13585,415.28,2461219,415.7,2131207
2026-08-13 19:14:33.554661,BHEL,290.64,1334,290.49,1276167,290.79,1209513
2026-08-13 19:14:33.569298,HUDCO,192.23,853,192.13,1949192,192.33,1636466
2026-08-13 19:14:33.572620,PNB,113.16,11682,113.1,2368215,113.22,2229821
2026-08-13 19:14:33.589136,NHPC,93.46,3796,93.41,1535881,93.51,1689105
2026-08-13 19:14:33.606099,SMALLCAP1,44.88,305,44.83,23375,44.93,20164
2026-08-13 19:14:33.622314,RELIANCE,2842.36,2568,2840.94,1241296,2843.78,1732144
2026-08-13 19:14:33.639793,TCS,3660.69,10767,3658.86,1526316,3662.52,1861581
2026-08-13 19:14:33.655976,INFY,1480.05,5089,1479.31,1492338,1480.79,1343484
2026-08-13 19:14:33.672239,PENNYSTOCK,14.64,13710,14.59,1155971,14.69,2282407
2026-08-13 19:14:48.407553,IDFCFIRSTB,72.39,6373,72.34,1374874,72.44,1915404
2026-08-13 19:14:48.437009,SUZLON,54.08,5164,54.03,2205845,54.13,2460966
2026-08-13 19:14:48.439007,GMRINFRA,87.98,2158,87.93,2499861,88.03,2048415
2026-08-13 19:14:48.455738,SOUTHBANK,32.91,9653,32.86,1396360,32.96,1630057
2026-08-13 19:14:48.472771,IRB,63.12,13403,63.07,1876664,63.17,2198655
2026-08-13 19:14:48.489827,HFCL,118.54,3923,118.48,2164425,118.6,1180349
2026-08-13 19:14:48.508422,NMDC,218.63,11423,218.52,1616814,218.74,1441724
2026-08-13 19:14:48.522350,TATAPOWER,413.97,1349,413.76,1427151,414.18,2076026
2026-08-13 19:14:48.554661,BHEL,290.14,4791,289.99,2345935,290.29,2228963
2026-08-13 19:14:48.569298,HUDCO,192.63,11584,192.53,2283548,192.73,2309751
2026-08-13 19:14:48.572620,PNB,113.09,13975,113.03,1605998,113.15,1602462
2026-08-13 19:14:48.589136,NHPC,93.31,2929,93.26,1327509,93.36,1208878
2026-08-13 19:14:48.606099,SMALLCAP1,44.96,902,44.91,21361,45.01,22067
2026-08-13 19:14:48.622314,RELIANCE,2843.87,4440,2842.45,1712830,2845.29,1994515
2026-08-13 19:14:48.639793,TCS,3662.76,1983,3660.93,2405607,3664.59,1752853
2026-08-13 19:14:48.655976,INFY,1480.92,14515,1480.18,2358319,1481.66,1530653
2026-08-13 19:14:48.672239,PENNYSTOCK,14.62,13075,14.57,1703258,14.67,1121878
2026-08-13 19:15:03.407553,IDFCFIRSTB,72.32,7900,72.27,2069722,72.37,2054104
2026-08-13 19:15:03.437009,SUZLON,54.07,6785,54.02,1696842,54.12,2367830
2026-08-13 19:15:03.439007,GMRINFRA,87.99,12267,87.94,1598679,88.04,1677093
2026-08-13 19:15:03.455738,SOUTHBANK,33.0,10639,32.95,2422795,33.05,1154604
2026-08-13 19:15:03.472771,IRB,63.05,748,63.0,1855635,63.1,1288338
2026-08-13 19:15:03.489827,HFCL,118.88,12836,118.82,1327342,118.94,1204293
2026-08-13 19:15:03.508422,NMDC,218.63,13308,218.52,1996086,218.74,1496796
2026-08-13 19:15:03.522350,TATAPOWER,413.58,10976,413.37,1935636,413.79,1315413
2026-08-13 19:15:03.554661,BHEL,289.97,1893,289.83,1894207,290.11,1831993
2026-08-13 19:15:03.569298,HUDCO,193.12,2155,193.02,1946938,193.22,2144239
2026-08-13 19:15:03.572620,PNB,112.97,9091,112.91,1323389,113.03,1187070
2026-08-13 19:15:03.589136,NHPC,93.26,6432,93.21,1452255,93.31,1331205
2026-08-13 19:15:03.606099,SMALLCAP1,44.96,81,44.91,19145,45.01,21764
2026-08-13 19:15:03.622314,RELIANCE,2842.71,2800,2841.29,1498342,2844.13,1063692
2026-08-13 19:15:03.639793,TCS,3650.27,9901,3648.44,2073375,3652.1,1800785
2026-08-13 19:15:03.655976,INFY,1483.6,3509,1482.86,1970886,1484.34,2446107
2026-08-13 19:15:03.672239,PENNYSTOCK,14.62,11348,14.57,1556978,14.67,1349310
2026-08-13 19:15:18.407553,IDFCFIRSTB,72.31,11286,72.26,1154896,72.36,1672742
2026-08-13 19:15:18.437009,SUZLON,54.07,3072,54.02,1150255,54.12,1477263
2026-08-13 19:15:18.439007,GMRINFRA,87.86,5636,87.81,2228985,87.91,1482278
2026-08-13 19:15:18.455738,SOUTHBANK,33.04,14445,32.99,1292607,33.09,1566556
2026-08-13 19:15:18.472771,IRB,62.98,11671,62.93,1871475,63.03,1815106
2026-08-13 19:15:18.489827,HFCL,118.82,3616,118.76,1437671,118.88,1586196
2026-08-13 19:15:18.508422,NMDC,218.42,102852,218.31,1104690,218.53,1782326
2026-08-13 19:15:18.522350,TATAPOWER,412.77,9407,412.56,1197256,412.98,2008700
2026-08-13 19:15:18.554661,BHEL,290.04,12462,289.89,2379395,290.19,1761368
2026-08-13 19:15:18.569298,HUDCO,193.11,14873,193.01,2048163,193.21,2374539
2026-08-13 19:15:18.572620,PNB,112.71,16140,112.65,1844120,112.77,2134888
2026-08-13 19:15:18.589136,NHPC,93.48,11431,93.43,1571848,93.53,1819432
2026-08-13 19:15:18.606099,SMALLCAP1,44.84,863,44.79,17612,44.89,24391
2026-08-13 19:15:18.622314,RELIANCE,2846.72,6695,2845.3,1442552,2848.14,1490344
2026-08-13 19:15:18.639793,TCS,3645.89,11462,3644.07,1334418,3647.71,1799005
2026-08-13 19:15:18.655976,INFY,1485.24,7665,1484.5,1288544,1485.98,2295197
2026-08-13 19:15:18.672239,PENNYSTOCK,14.61,135600,14.56,2157000,14.66,1572225
2026-08-13 19:15:33.407553,IDFCFIRSTB,72.54,10079,72.49,2362725,72.59,2358796
2026-08-13 19:15:33.437009,SUZLON,54.09,11406,54.04,1305470,54.14,1441842
2026-08-13 19:15:33.439007,GMRINFRA,87.69,4190,87.64,2345722,87.74,1134266
2026-08-13 19:15:33.455738,SOUTHBANK,33.08,2573,33.03,1060347,33.13,1831668
2026-08-13 19:15:33.472771,IRB,63.03,10987,62.98,1160980,63.08,2010042
2026-08-13 19:15:33.489827,HFCL,118.78,7138,118.72,1671769,118.84,1120885
2026-08-13 19:15:33.508422,NMDC,218.17,2018,218.06,1322114,218.28,2036808
2026-08-13 19:15:33.522350,TATAPOWER,413.11,2118,412.9,1212232,413.32,2465257
2026-08-13 19:15:33.554661,BHEL,289.7,7365,289.56,1826548,289.84,1344660
2026-08-13 19:15:33.569298,HUDCO,193.3,14316,193.2,2020177,193.4,2106449
2026-08-13 19:15:33.572620,PNB,112.65,4514,112.59,2103284,112.71,1304033
2026-08-13 19:15:33.589136,NHPC,93.61,949,93.56,2075752,93.66,1370452
2026-08-13 19:15:33.606099,SMALLCAP1,44.94,648,44.89,9603,44.99,17949
2026-08-13 19:15:33.622314,RELIANCE,2846.28,7335,2844.86,2411495,2847.7,1535553
2026-08-13 19:15:33.639793,TCS,3649.52,2995,3647.7,1295610,3651.34,1616629
2026-08-13 19:15:33.655976,INFY,1485.32,7190,1484.58,1912949,1486.06,1560983
2026-08-13 19:15:33.672239,PENNYSTOCK,14.61,8179,14.56,1665573,14.66,2220903
2026-08-13 19:15:48.407553,IDFCFIRSTB,72.53,2895,72.48,1961596,72.58,1134907
2026-08-13 19:15:48.437009,SUZLON,54.17,5886,54.12,1654542,54.22,1535466
2026-08-13 19:15:48.439007,GMRINFRA,87.79,6056,87.74,2343893,87.84,2481855
2026-08-13 19:15:48.455738,SOUTHBANK,33.09,1270,33.04,1811985,33.14,1635020
2026-08-13 19:15:48.472771,IRB,63.03,7588,62.98,1367076,63.08,1347464
2026-08-13 19:15:48.489827,HFCL,119.01,13866,118.95,1774748,119.07,1634534
2026-08-13 19:15:48.508422,NMDC,218.16,11995,218.05,1701410,218.27,2386933
2026-08-13 19:15:48.522350,TATAPOWER,413.1,13342,412.89,1320348,413.31,2026621
2026-08-13 19:15:48.554661,BHEL,289.25,3507,289.11,2331692,289.39,2397645
2026-08-13 19:15:48.569298,HUDCO,193.43,10867,193.33,2430934,193.53,1420058
2026-08-13 19:15:48.572620,PNB,112.59,5723,112.53,1266751,112.65,2322412
2026-08-13 19:15:48.589136,NHPC,93.84,14743,93.79,1629092,93.89,2460227
2026-08-13 19:15:48.606099,SMALLCAP1,44.93,570,44.88,22034,44.98,14967
2026-08-13 19:15:48.622314,RELIANCE,2850.93,9828,2849.5,1304011,2852.36,1308665
2026-08-13 19:15:48.639793,TCS,3651.85,5255,3650.02,1474507,3653.68,1625328
2026-08-13 19:15:48.655976,INFY,1485.23,5370,1484.49,1707024,1485.97,2372662
2026-08-13 19:15:48.672239,PENNYSTOCK,14.6,1337,14.55,1192003,14.65,1995969
2026-08-13 19:16:03.407553,IDFCFIRSTB,72.73,3098,72.68,2238047,72.78,2178390
2026-08-13 19:16:03.437009,SUZLON,54.19,10682,54.14,1150476,54.24,2361701
2026-08-13 19:16:03.439007,GMRINFRA,87.98,5955,87.93,1666322,88.03,1560036
2026-08-13 19:16:03.455738,SOUTHBANK,33.03,11830,32.98,1407567,33.08,1573408
2026-08-13 19:16:03.472771,IRB,63.17,11624,63.12,1545643,63.22,1863914
2026-08-13 19:16:03.489827,HFCL,119.14,10826,119.08,2039004,119.2,1917212
2026-08-13 19:16:03.508422,NMDC,218.3,7939,218.19,2234411,218.41,2359292
2026-08-13 19:16:03.522350,TATAPOWER,412.88,5874,412.67,1761660,413.09,1209467
2026-08-13 19:16:03.554661,BHEL,289.46,4743,289.32,1710986,289.6,1287306
2026-08-13 19:16:03.569298,HUDCO,193.82,11764,193.72,1133940,193.92,2079597
2026-08-13 19:16:03.572620,PNB,112.46,6568,112.4,2316048,112.52,2110317
2026-08-13 19:16:03.589136,NHPC,93.9,10383,93.85,1830470,93.95,2220849
2026-08-13 19:16:03.606099,SMALLCAP1,44.99,801,44.94,24802,45.04,14731
2026-08-13 19:16:03.622314,RELIANCE,2855.76,6040,2854.33,1665573,2857.19,1357832
2026-08-13 19:16:03.639793,TCS,3652.09,13485,3650.26,2328701,3653.92,1992197
2026-08-13 19:16:03.655976,INFY,1484.82,7467,1484.08,1928697,1485.56,2168965
2026-08-13 19:16:03.672239,PENNYSTOCK,14.57,4330,14.52,1094692,14.62,1791258
2026-08-13 19:16:18.407553,IDFCFIRSTB,72.67,696,72.62,2178335,72.72,1958678
2026-08-13 19:16:18.437009,SUZLON,54.36,13018,54.31,1758613,54.41,2299624
2026-08-13 19:16:18.439007,GMRINFRA,87.95,7054,87.9,1322525,88.0,1885035
2026-08-13 19:16:18.455738,SOUTHBANK,33.02,2529,32.97,1180448,33.07,2281671
2026-08-13 19:16:18.472771,IRB,63.18,113094,63.13,1118237,63.23,1154543
2026-08-13 19:16:18.489827,HFCL,119.09,2647,119.03,2475751,119.15,1511532
2026-08-13 19:16:18.508422,NMDC,217.97,11229,217.86,1846290,218.08,1142928
2026-08-13 19:16:18.522350,TATAPOWER,413.22,6694,413.01,2369836,413.43,1157865
2026-08-13 19:16:18.554661,BHEL,289.61,8394,289.47,2049670,289.75,2399852
2026-08-13 19:16:18.569298,HUDCO,194.09,95249,193.99,2106798,194.19,1368069
2026-08-13 19:16:18.572620,PNB,112.3,3616,112.24,2444019,112.36,2390764
2026-08-13 19:16:18.589136,NHPC,93.95,4018,93.9,1560956,94.0,1794955
2026-08-13 19:16:18.606099,SMALLCAP1,44.97,748,44.92,16183,45.02,22892
2026-08-13 19:16:18.622314,RELIANCE,2855.42,9282,2853.99,2028966,2856.85,1895546
2026-08-13 19:16:18.639793,TCS,3660.23,4849,3658.4,1153280,3662.06,2231314
2026-08-13 19:16:18.655976,INFY,1484.13,10341,1483.39,1583976,1484.87,1621308
2026-08-13 19:16:18.672239,PENNYSTOCK,14.58,1131,14.53,1436376,14.63,1628598
2026-08-13 19:16:33.407553,IDFCFIRSTB,72.8,3308,72.75,1714154,72.85,1850874
2026-08-13 19:16:33.437009,SUZLON,54.42,7808,54.37,1605946,54.47,2335467
2026-08-13 19:16:33.439007,GMRINFRA,88.06,6023,88.01,2301328,88.11,1804484
2026-08-13 19:16:33.455738,SOUTHBANK,32.96,37224,32.91,1279798,33.01,2114721
2026-08-13 19:16:33.472771,IRB,63.27,9318,63.22,1507532,63.32,1427127
2026-08-13 19:16:33.489827,HFCL,118.96,14770,118.9,2421611,119.02,1847555
2026-08-13 19:16:33.508422,NMDC,218.16,6725,218.05,2125716,218.27,1529679
2026-08-13 19:16:33.522350,TATAPOWER,412.58,12797,412.37,2249084,412.79,1442394
2026-08-13 19:16:33.554661,BHEL,288.73,11942,288.59,1569004,288.87,1928106
2026-08-13 19:16:33.569298,HUDCO,194.32,14071,194.22,2185705,194.42,2030842
2026-08-13 19:16:33.572620,PNB,112.38,4376,112.32,1672542,112.44,2176317
2026-08-13 19:16:33.589136,NHPC,93.87,6602,93.82,2152392,93.92,2259398
2026-08-13 19:16:33.606099,SMALLCAP1,44.94,658,44.89,5372,44.99,7064
2026-08-13 19:16:33.622314,RELIANCE,2857.41,9379,2855.98,1488446,2858.84,1575258
2026-08-13 19:16:33.639793,TCS,3663.65,12045,3661.82,1890840,3665.48,2389536
2026-08-13 19:16:33.655976,INFY,1484.15,8385,1483.41,2051739,1484.89,1534203
2026-08-13 19:16:33.672239,PENNYSTOCK,14.58,5976,14.53,1667593,14.63,1226039
2026-08-13 19:16:48.407553,IDFCFIRSTB,72.87,14081,72.82,1127774,72.92,1233976
2026-08-13 19:16:48.437009,SUZLON,54.5,14033,54.45,1671842,54.55,1510782
2026-08-13 19:16:48.439007,GMRINFRA,88.29,9729,88.24,1518160,88.34,2061381
2026-08-13 19:16:48.455738,SOUTHBANK,32.97,7892,32.92,2279376,33.02,1641727
2026-08-13 19:16:48.472771,IRB,63.3,33628,63.25,2404805,63.35,1355678
2026-08-13 19:16:48.489827,HFCL,119.18,9610,119.12,2357316,119.24,2026079
2026-08-13 19:16:48.508422,NMDC,218.38,5351,218.27,1491735,218.49,2262118
2026-08-13 19:16:48.522350,TATAPOWER,412.99,1907,412.78,1102722,413.2,1143254
2026-08-13 19:16:48.554661,BHEL,289.02,6974,288.88,2324585,289.16,1063464
2026-08-13 19:16:48.569298,HUDCO,194.43,8207,194.33,1789375,194.53,1468593
2026-08-13 19:16:48.572620,PNB,112.63,13968,112.57,1464831,112.69,1170329
2026-08-13 19:16:48.589136,NHPC,94.04,6048,93.99,1409758,94.09,2142945
2026-08-13 19:16:48.606099,SMALLCAP1,44.9,436,44.85,19352,44.95,20680
2026-08-13 19:16:48.622314,RELIANCE,2860.22,7857,2858.79,1835763,2861.65,2049131
2026-08-13 19:16:48.639793,TCS,3659.97,4124,3658.14,2053108,3661.8,2027625
2026-08-13 19:16:48.655976,INFY,1488.01,9627,1487.27,1782296,1488.75,1602458
2026-08-13 19:16:48.672239,PENNYSTOCK,14.53,7408,14.48,2012172,14.58,1902872
2026-08-13 19:17:03.407553,IDFCFIRSTB,72.74,721,72.69,2434496,72.79,2135378
2026-08-13 19:17:03.437009,SUZLON,54.5,14686,54.45,1352266,54.55,1373996
2026-08-13 19:17:03.439007,GMRINFRA,88.21,11259,88.16,1914413,88.26,2173164
2026-08-13 19:17:03.455738,SOUTHBANK,32.92,804,32.87,1869076,32.97,1816154
2026-08-13 19:17:03.472771,IRB,63.36,1928,63.31,1389132,63.41,1648329
2026-08-13 19:17:03.489827,HFCL,118.93,1677,118.87,2170188,118.99,1100490
2026-08-13 19:17:03.508422,NMDC,218.53,6471,218.42,1868923,218.64,2011194
2026-08-13 19:17:03.522350,TATAPOWER,414.2,2356,413.99,1389417,414.41,2391656
2026-08-13 19:17:03.554661,BHEL,289.01,13908,288.87,1936092,289.15,1234440
2026-08-13 19:17:03.569298,HUDCO,194.54,2657,194.44,2274343,194.64,1952861
2026-08-13 19:17:03.572620,PNB,112.4,917,112.34,1052358,112.46,1919667
2026-08-13 19:17:03.589136,NHPC,93.86,5223,93.81,1458691,93.91,1415044
2026-08-13 19:17:03.606099,SMALLCAP1,44.87,5159,44.82,17238,44.92,19470
2026-08-13 19:17:03.622314,RELIANCE,2856.42,8857,2854.99,1570441,2857.85,1297374
2026-08-13 19:17:03.639793,TCS,3671.81,7848,3669.97,1749801,3673.65,2038956
2026-08-13 19:17:03.655976,INFY,1488.04,3125,1487.3,1263787,1488.78,1368350
2026-08-13 19:17:03.672239,PENNYSTOCK,14.55,14875,14.5,2079646,14.6,1580670
2026-08-13 19:17:18.407553,IDFCFIRSTB,72.67,7068,72.62,2005520,72.72,1969484
2026-08-13 19:17:18.437009,SUZLON,54.51,3687,54.46,1965259,54.56,1409678
2026-08-13 19:17:18.439007,GMRINFRA,88.07,3172,88.02,1858762,88.12,1614600
2026-08-13 19:17:18.455738,SOUTHBANK,32.99,4825,32.94,1160310,33.04,1405398
2026-08-13 19:17:18.472771,IRB,63.41,10856,63.36,1329648,63.46,1575201
2026-08-13 19:17:18.489827,HFCL,118.95,11119,118.89,1769573,119.01,2266526
2026-08-13 19:17:18.508422,NMDC,219.25,6826,219.14,1628293,219.36,2068992
2026-08-13 19:17:18.522350,TATAPOWER,413.9,2223,413.69,2497244,414.11,1168497
2026-08-13 19:17:18.554661,BHEL,288.24,11775,288.1,2308268,288.38,1174749
2026-08-13 19:17:18.569298,HUDCO,194.36,5713,194.26,2281438,194.46,1162840
2026-08-13 19:17:18.572620,PNB,112.18,2608,112.12,1313295,112.24,1919476
2026-08-13 19:17:18.589136,NHPC,94.04,8731,93.99,2054759,94.09,1122164
2026-08-13 19:17:18.606099,SMALLCAP1,44.84,195,44.79,16227,44.89,6080
2026-08-13 19:17:18.622314,RELIANCE,2858.4,13414,2856.97,2112359,2859.83,1407069
2026-08-13 19:17:18.639793,TCS,3674.45,2832,3672.61,1886128,3676.29,1716568
2026-08-13 19:17:18.655976,INFY,1487.29,10767,1486.55,1927459,1488.03,2372926
2026-08-13 19:17:18.672239,PENNYSTOCK,14.57,6375,14.52,2139907,14.62,1661939
2026-08-13 19:17:33.407553,IDFCFIRSTB,72.55,5866,72.5,2120711,72.6,1832805
2026-08-13 19:17:33.437009,SUZLON,54.52,7503,54.47,1995160,54.57,1176095
2026-08-13 19:17:33.439007,GMRINFRA,87.98,5865,87.93,2133165,88.03,2332747
2026-08-13 19:17:33.455738,SOUTHBANK,32.92,12218,32.87,1780888,32.97,1056889
2026-08-13 19:17:33.472771,IRB,63.63,13735,63.58,1380848,63.68,1210219
2026-08-13 19:17:33.489827,HFCL,118.48,10995,118.42,1558628,118.54,1269735
2026-08-13 19:17:33.508422,NMDC,219.21,12013,219.1,1531509,219.32,1059088
2026-08-13 19:17:33.522350,TATAPOWER,412.82,9350,412.61,2002484,413.03,2428547
2026-08-13 19:17:33.554661,BHEL,288.83,7433,288.69,1288798,288.97,1600031
2026-08-13 19:17:33.569298,HUDCO,194.71,12756,194.61,1815468,194.81,1597101
2026-08-13 19:17:33.572620,PNB,112.13,2186,112.07,2282262,112.19,1909986
2026-08-13 19:17:33.589136,NHPC,94.25,2035,94.2,1870450,94.3,1569661
2026-08-13 19:17:33.606099,SMALLCAP1,44.91,316,44.86,7172,44.96,9386
2026-08-13 19:17:33.622314,RELIANCE,2861.48,6034,2860.05,1371472,2862.91,2149403
2026-08-13 19:17:33.639793,TCS,3674.27,2187,3672.43,1781885,3676.11,2012389
2026-08-13 19:17:33.655976,INFY,1487.44,6443,1486.7,1052957,1488.18,1505287
2026-08-13 19:17:33.672239,PENNYSTOCK,14.55,3148,14.5,1577602,14.6,2188968
2026-08-13 19:17:48.407553,IDFCFIRSTB,72.55,28133,72.5,1807574,72.6,1302817
2026-08-13 19:17:48.437009,SUZLON,54.63,8929,54.58,2232221,54.68,1128588
2026-08-13 19:17:48.439007,GMRINFRA,87.85,2235,87.8,2228293,87.9,2339108
2026-08-13 19:17:48.455738,SOUTHBANK,32.87,3605,32.82,1288313,32.92,1913624
2026-08-13 19:17:48.472771,IRB,63.63,14310,63.58,1448973,63.68,1100739
2026-08-13 19:17:48.489827,HFCL,118.52,3264,118.46,1671142,118.58,2417747
2026-08-13 19:17:48.508422,NMDC,219.11,2670,219.0,2328396,219.22,1621697
2026-08-13 19:17:48.522350,TATAPOWER,412.9,8039,412.69,2335155,413.11,1922684
2026-08-13 19:17:48.554661,BHEL,289.67,5870,289.53,1904952,289.81,1152037
2026-08-13 19:17:48.569298,HUDCO,195.1,60319,195.0,1267169,195.2,1107386
2026-08-13 19:17:48.572620,PNB,112.15,6281,112.09,1465097,112.21,2426216
2026-08-13 19:17:48.589136,NHPC,94.52,7126,94.47,1246803,94.57,2378265
2026-08-13 19:17:48.606099,SMALLCAP1,44.87,867,44.82,19705,44.92,24643
2026-08-13 19:17:48.622314,RELIANCE,2861.59,2024,2860.16,2396766,2863.02,1910094
2026-08-13 19:17:48.639793,TCS,3676.87,634,3675.03,2035920,3678.71,2214178
2026-08-13 19:17:48.655976,INFY,1485.67,11320,1484.93,2442711,1486.41,1481754
2026-08-13 19:17:48.672239,PENNYSTOCK,14.54,14303,14.49,2020520,14.59,2102145
2026-08-13 19:18:03.407553,IDFCFIRSTB,72.71,13856,72.66,1976833,72.76,1118693
2026-08-13 19:18:03.437009,SUZLON,54.52,2041,54.47,1418048,54.57,1390422
2026-08-13 19:18:03.439007,GMRINFRA,88.02,9078,87.97,1415210,88.07,1470389
2026-08-13 19:18:03.455738,SOUTHBANK,32.92,6587,32.87,1366972,32.97,1500139
2026-08-13 19:18:03.472771,IRB,63.79,2164,63.74,1386528,63.84,1443998
2026-08-13 19:18:03.489827,HFCL,118.53,1700,118.47,2057278,118.59,2021615
2026-08-13 19:18:03.508422,NMDC,218.56,9947,218.45,1364199,218.67,1666573
2026-08-13 19:18:03.522350,TATAPOWER,412.89,9762,412.68,1599888,413.1,1689062
2026-08-13 19:18:03.554661,BHEL,290.14,11236,289.99,2125863,290.29,1846064
2026-08-13 19:18:03.569298,HUDCO,195.03,1037,194.93,1539319,195.13,1928777
2026-08-13 19:18:03.572620,PNB,112.34,7455,112.28,1328335,112.4,1222969
2026-08-13 19:18:03.589136,NHPC,94.5,9533,94.45,1460592,94.55,1267056
2026-08-13 19:18:03.606099,SMALLCAP1,44.87,184,44.82,13559,44.92,15226
2026-08-13 19:18:03.622314,RELIANCE,2860.89,6073,2859.46,2090172,2862.32,2122645
2026-08-13 19:18:03.639793,TCS,3681.6,7124,3679.76,2409226,3683.44,1837061
2026-08-13 19:18:03.655976,INFY,1487.94,3216,1487.2,2460015,1488.68,1592819
2026-08-13 19:18:03.672239,PENNYSTOCK,14.58,5014,14.53,1647770,14.63,2313791
2026-08-13 19:18:18.407553,IDFCFIRSTB,72.69,10695,72.64,1748818,72.74,1902130
2026-08-13 19:18:18.437009,SUZLON,54.49,5487,54.44,2100134,54.54,1091697
2026-08-13 19:18:18.439007,GMRINFRA,88.15,10174,88.1,2039647,88.2,2283114
2026-08-13 19:18:18.455738,SOUTHBANK,32.94,14914,32.89,2434814,32.99,1280588
2026-08-13 19:18:18.472771,IRB,63.75,2219,63.7,2252951,63.8,2425217
2026-08-13 19:18:18.489827,HFCL,118.28,5119,118.22,2460502,118.34,1514914
2026-08-13 19:18:18.508422,NMDC,218.61,6530,218.5,1610301,218.72,2490463
2026-08-13 19:18:18.522350,TATAPOWER,412.9,27036,412.69,1495815,413.11,1259229
2026-08-13 19:18:18.554661,BHEL,290.22,14845,290.07,1852896,290.37,2052792
2026-08-13 19:18:18.569298,HUDCO,195.0,8172,194.9,1568258,195.1,1796372
2026-08-13 19:18:18.572620,PNB,112.5,13501,112.44,2143097,112.56,1228271
2026-08-13 19:18:18.589136,NHPC,94.6,14523,94.55,2384473,94.65,2410438
2026-08-13 19:18:18.606099,SMALLCAP1,44.92,360,44.87,19420,44.97,16449
2026-08-13 19:18:18.622314,RELIANCE,2856.82,9046,2855.39,2107518,2858.25,1138326
2026-08-13 19:18:18.639793,TCS,3677.8,2170,3675.96,1771494,3679.64,1671222
2026-08-13 19:18:18.655976,INFY,1487.21,12248,1486.47,1758394,1487.95,1101065
2026-08-13 19:18:18.672239,PENNYSTOCK,14.59,1099,14.54,1702495,14.64,2471894
2026-08-13 19:18:33.407553,IDFCFIRSTB,72.6,12849,72.55,1666677,72.65,2380073
2026-08-13 19:18:33.437009,SUZLON,54.37,10853,54.32,1613713,54.42,2005302
2026-08-13 19:18:33.439007,GMRINFRA,88.16,11622,88.11,1170048,88.21,2072467
2026-08-13 19:18:33.455738,SOUTHBANK,33.0,7877,32.95,1801244,33.05,2133471
2026-08-13 19:18:33.472771,IRB,63.75,630,63.7,1707363,63.8,2474566
2026-08-13 19:18:33.489827,HFCL,118.47,626,118.41,2459742,118.53,1818228
2026-08-13 19:18:33.508422,NMDC,218.71,10992,218.6,1452343,218.82,2307180
2026-08-13 19:18:33.522350,TATAPOWER,413.35,13925,413.14,1897654,413.56,1210649
2026-08-13 19:18:33.554661,BHEL,290.31,10090,290.16,1555170,290.46,2337668
2026-08-13 19:18:33.569298,HUDCO,194.87,8790,194.77,1185453,194.97,2139263
2026-08-13 19:18:33.572620,PNB,112.56,14794,112.5,1472924,112.62,1454015
2026-08-13 19:18:33.589136,NHPC,94.58,3682,94.53,2267604,94.63,1555365
2026-08-13 19:18:33.606099,SMALLCAP1,45.04,783,44.99,14364,45.09,9231
2026-08-13 19:18:33.622314,RELIANCE,2860.54,3319,2859.11,1560001,2861.97,2297383
2026-08-13 19:18:33.639793,TCS,3677.42,8065,3675.58,1206966,3679.26,1566777
2026-08-13 19:18:33.655976,INFY,1487.96,5460,1487.22,2244881,1488.7,2370734
2026-08-13 19:18:33.672239,PENNYSTOCK,14.62,14572,14.57,1444087,14.67,1289531
2026-08-13 19:18:48.407553,IDFCFIRSTB,72.59,11936,72.54,2369879,72.64,1477074
2026-08-13 19:18:48.437009,SUZLON,54.4,1696,54.35,1784566,54.45,1224196
2026-08-13 19:18:48.439007,GMRINFRA,88.05,14180,88.0,1866052,88.1,1752377
2026-08-13 19:18:48.455738,SOUTHBANK,33.03,12997,32.98,1646377,33.08,1882795
2026-08-13 19:18:48.472771,IRB,63.68,7495,63.63,1752600,63.73,1612248
2026-08-13 19:18:48.489827,HFCL,118.58,8176,118.52,1737827,118.64,1213834
2026-08-13 19:18:48.508422,NMDC,218.97,14607,218.86,1506070,219.08,1337473
2026-08-13 19:18:48.522350,TATAPOWER,413.23,11729,413.02,1305044,413.44,1919257
2026-08-13 19:18:48.554661,BHEL,290.14,6770,289.99,2049499,290.29,2474618
2026-08-13 19:18:48.569298,HUDCO,194.49,7118,194.39,1377247,194.59,1482781
2026-08-13 19:18:48.572620,PNB,112.7,2734,112.64,1170489,112.76,1176471
2026-08-13 19:18:48.589136,NHPC,94.63,70740,94.58,2260406,94.68,1109619
2026-08-13 19:18:48.606099,SMALLCAP1,45.1,530,45.05,16614,45.15,16890
2026-08-13 19:18:48.622314,RELIANCE,2855.76,8969,2854.33,2030903,2857.19,2188430
2026-08-13 19:18:48.639793,TCS,3670.69,3604,3668.85,1717730,3672.53,2062878
2026-08-13 19:18:48.655976,INFY,1490.55,6351,1489.8,2144273,1491.3,2415108
2026-08-13 19:18:48.672239,PENNYSTOCK,14.59,12593,14.54,1380029,14.64,1166254
2026-08-13 19:19:03.407553,IDFCFIRSTB,72.56,14897,72.51,2424550,72.61,2142393
2026-08-13 19:19:03.437009,SUZLON,54.47,13370,54.42,1448695,54.52,2067401
2026-08-13 19:19:03.439007,GMRINFRA,87.97,6519,87.92,2148195,88.02,1808352
2026-08-13 19:19:03.455738,SOUTHBANK,33.01,12343,32.96,1782116,33.06,1519500
2026-08-13 19:19:03.472771,IRB,63.85,5453,63.8,1617323,63.9,1355118
2026-08-13 19:19:03.489827,HFCL,118.97,8068,118.91,1779325,119.03,1174173
2026-08-13 19:19:03.508422,NMDC,218.61,14742,218.5,1935233,218.72,2027541
2026-08-13 19:19:03.522350,TATAPOWER,413.76,12170,413.55,1974051,413.97,1153359
2026-08-13 19:19:03.554661,BHEL,289.38,5502,289.24,1470586,289.52,1362207
2026-08-13 19:19:03.569298,HUDCO,194.74,11651,194.64,1248015,194.84,1211798
2026-08-13 19:19:03.572620,PNB,112.8,5117,112.74,1688507,112.86,2185591
2026-08-13 19:19:03.589136,NHPC,94.6,1066,94.55,1581694,94.65,1505681
2026-08-13 19:19:03.606099,SMALLCAP1,45.12,328,45.07,24585,45.17,15242
2026-08-13 19:19:03.622314,RELIANCE,2848.77,71433,2847.35,1890340,2850.19,1948562
2026-08-13 19:19:03.639793,TCS,3662.9,9490,3661.07,2485849,3664.73,1861893
2026-08-13 19:19:03.655976,INFY,1488.96,6333,1488.22,2463480,1489.7,1526795
2026-08-13 19:19:03.672239,PENNYSTOCK,14.62,51008,14.57,1093723,14.67,1822811
2026-08-13 19:19:18.407553,IDFCFIRSTB,72.68,8009,72.63,1519603,72.73,2465919
2026-08-13 19:19:18.437009,SUZLON,54.5,13930,54.45,1798714,54.55,2392066
2026-08-13 19:19:18.439007,GMRINFRA,88.02,6922,87.97,1230170,88.07,1646239
2026-08-13 19:19:18.455738,SOUTHBANK,33.01,1824,32.96,1084337,33.06,2142375
2026-08-13 19:19:18.472771,IRB,63.98,2706,63.93,1102008,64.03,1484893
2026-08-13 19:19:18.489827,HFCL,119.3,6150,119.24,1675772,119.36,1232507
2026-08-13 19:19:18.508422,NMDC,218.33,1738,218.22,1549986,218.44,2374433
2026-08-13 19:19:18.522350,TATAPOWER,414.3,4126,414.09,1829820,414.51,2349462
2026-08-13 19:19:18.554661,BHEL,289.1,10479,288.96,1321156,289.24,1149060
2026-08-13 19:19:18.569298,HUDCO,194.81,14812,194.71,2498296,194.91,1542271
2026-08-13 19:19:18.572620,PNB,112.79,12172,112.73,2119105,112.85,2334154
2026-08-13 19:19:18.589136,NHPC,94.52,13648,94.47,2234760,94.57,1569233
2026-08-13 19:19:18.606099,SMALLCAP1,45.01,642,44.96,17602,45.06,6152
2026-08-13 19:19:18.622314,RELIANCE,2847.13,109998,2845.71,1568567,2848.55,2444828
2026-08-13 19:19:18.639793,TCS,3667.99,8571,3666.16,1560616,3669.82,1752526
2026-08-13 19:19:18.655976,INFY,1489.66,14931,1488.92,2432770,1490.4,2131704
2026-08-13 19:19:18.672239,PENNYSTOCK,14.6,13673,14.55,2175554,14.65,1652745
2026-08-13 19:19:33.407553,IDFCFIRSTB,72.77,8739,72.72,2208355,72.82,2237118
2026-08-13 19:19:33.437009,SUZLON,54.49,1482,54.44,1573412,54.54,1129911
2026-08-13 19:19:33.439007,GMRINFRA,88.15,13134,88.1,2110994,88.2,1807519
2026-08-13 19:19:33.455738,SOUTHBANK,32.95,1104,32.9,2384962,33.0,1110226
2026-08-13 19:19:33.472771,IRB,63.97,9618,63.92,2178888,64.02,1850959
2026-08-13 19:19:33.489827,HFCL,119.17,7030,119.11,1470834,119.23,1942756
2026-08-13 19:19:33.508422,NMDC,218.71,3817,218.6,2258072,218.82,2124030
2026-08-13 19:19:33.522350,TATAPOWER,414.71,5705,414.5,1703240,414.92,1308899
2026-08-13 19:19:33.554661,BHEL,289.09,5095,288.95,1250282,289.23,1177964
2026-08-13 19:19:33.569298,HUDCO,194.73,92115,194.63,1416461,194.83,2489059
2026-08-13 19:19:33.572620,PNB,112.76,14488,112.7,2136636,112.82,1515195
2026-08-13 19:19:33.589136,NHPC,94.66,1779,94.61,1740512,94.71,1683831
2026-08-13 19:19:33.606099,SMALLCAP1,45.01,841,44.96,19718,45.06,23304
2026-08-13 19:19:33.622314,RELIANCE,2840.58,9180,2839.16,2045987,2842.0,1851877
2026-08-13 19:19:33.639793,TCS,3672.35,9980,3670.51,1647925,3674.19,1163321
2026-08-13 19:19:33.655976,INFY,1489.57,11051,1488.83,2132562,1490.31,1715245
2026-08-13 19:19:33.672239,PENNYSTOCK,14.61,8358,14.56,1776337,14.66,2253736
2026-08-13 19:19:48.407553,IDFCFIRSTB,72.89,9640,72.84,2073794,72.94,1519029
2026-08-13 19:19:48.437009,SUZLON,54.63,6445,54.58,1133065,54.68,1439490
2026-08-13 19:19:48.439007,GMRINFRA,88.27,9477,88.22,1166791,88.32,1996001
2026-08-13 19:19:48.455738,SOUTHBANK,32.93,9501,32.88,2451007,32.98,1638077
2026-08-13 19:19:48.472771,IRB,63.9,5247,63.85,1382259,63.95,1307183
2026-08-13 19:19:48.489827,HFCL,119.14,9036,119.08,1198338,119.2,1111541
2026-08-13 19:19:48.508422,NMDC,218.86,8115,218.75,2089514,218.97,2237535
2026-08-13 19:19:48.522350,TATAPOWER,413.39,5562,413.18,1907367,413.6,2138456
2026-08-13 19:19:48.554661,BHEL,289.39,11441,289.25,1857837,289.53,1931256
2026-08-13 19:19:48.569298,HUDCO,194.79,10972,194.69,2156349,194.89,1838519
2026-08-13 19:19:48.572620,PNB,112.95,12206,112.89,1590162,113.01,1054117
2026-08-13 19:19:48.589136,NHPC,94.69,5548,94.64,1727567,94.74,2250499
2026-08-13 19:19:48.606099,SMALLCAP1,45.04,479,44.99,15390,45.09,24408
2026-08-13 19:19:48.622314,RELIANCE,2837.15,54549,2835.73,2270588,2838.57,1053873
2026-08-13 19:19:48.639793,TCS,3678.93,2522,3677.09,1405299,3680.77,2376714
2026-08-13 19:19:48.655976,INFY,1490.01,2945,1489.26,1911392,1490.76,2451201
2026-08-13 19:19:48.672239,PENNYSTOCK,14.62,2673,14.57,1736561,14.67,1172054
2026-08-13 19:20:03.407553,IDFCFIRSTB,72.83,14116,72.78,1985628,72.88,2203632
2026-08-13 19:20:03.437009,SUZLON,54.58,17688,54.53,1879242,54.63,2204869
2026-08-13 19:20:03.439007,GMRINFRA,88.37,3796,88.32,2041656,88.42,2476607
2026-08-13 19:20:03.455738,SOUTHBANK,33.0,11123,32.95,2462476,33.05,1272962
2026-08-13 19:20:03.472771,IRB,64.04,13845,63.99,2125925,64.09,1360432
2026-08-13 19:20:03.489827,HFCL,119.09,1097,119.03,2390841,119.15,1298532
2026-08-13 19:20:03.508422,NMDC,218.98,14716,218.87,1584375,219.09,2124029
2026-08-13 19:20:03.522350,TATAPOWER,413.08,1500,412.87,1972011,413.29,1323346
2026-08-13 19:20:03.554661,BHEL,288.82,13347,288.68,1115253,288.96,1440381
2026-08-13 19:20:03.569298,HUDCO,194.82,7534,194.72,1641388,194.92,1642974
2026-08-13 19:20:03.572620,PNB,112.66,5010,112.6,1436083,112.72,2095945
2026-08-13 19:20:03.589136,NHPC,94.71,2689,94.66,2340065,94.76,1764823
2026-08-13 19:20:03.606099,SMALLCAP1,45.02,790,44.97,10136,45.07,8143
2026-08-13 19:20:03.622314,RELIANCE,2833.8,1638,2832.38,1149165,2835.22,1262864
2026-08-13 19:20:03.639793,TCS,3682.59,14361,3680.75,1904420,3684.43,2344849
2026-08-13 19:20:03.655976,INFY,1489.72,694,1488.98,2108615,1490.46,1984090
2026-08-13 19:20:03.672239,PENNYSTOCK,14.62,13055,14.57,1895770,14.67,2088099
2026-08-13 19:20:18.407553,IDFCFIRSTB,72.73,10016,72.68,1116150,72.78,1507286
2026-08-13 19:20:18.437009,SUZLON,54.66,85092,54.61,2057281,54.71,2415526
2026-08-13 19:20:18.439007,GMRINFRA,88.31,3986,88.26,1452530,88.36,1312169
2026-08-13 19:20:18.455738,SOUTHBANK,33.0,7004,32.95,1460276,33.05,1487088
2026-08-13 19:20:18.472771,IRB,64.12,10691,64.07,1668049,64.17,1589863
2026-08-13 19:20:18.489827,HFCL,118.87,8939,118.81,2445762,118.93,1700790
2026-08-13 19:20:18.508422,NMDC,219.0,51048,218.89,1787363,219.11,1673145
2026-08-13 19:20:18.522350,TATAPOWER,412.61,13855,412.4,2051390,412.82,2497085
2026-08-13 19:20:18.554661,BHEL,288.16,6610,288.02,1767936,288.3,2340960
2026-08-13 19:20:18.569298,HUDCO,194.89,7729,194.79,1073976,194.99,1085666
2026-08-13 19:20:18.572620,PNB,112.81,14338,112.75,2375329,112.87,1752622
2026-08-13 19:20:18.589136,NHPC,94.6,2612,94.55,1823060,94.65,2310230
2026-08-13 19:20:18.606099,SMALLCAP1,45.04,501,44.99,10102,45.09,21753
2026-08-13 19:20:18.622314,RELIANCE,2827.61,12527,2826.2,2215578,2829.02,1797680
2026-08-13 19:20:18.639793,TCS,3682.52,67285,3680.68,1182649,3684.36,2467543
2026-08-13 19:20:18.655976,INFY,1489.17,9393,1488.43,2461810,1489.91,1283908
2026-08-13 19:20:18.672239,PENNYSTOCK,14.65,9250,14.6,1262333,14.7,2499606
2026-08-13 19:20:33.407553,IDFCFIRSTB,72.82,1051,72.77,2405806,72.87,2253047
2026-08-13 19:20:33.437009,SUZLON,54.53,9865,54.48,2212307,54.58,1913678
2026-08-13 19:20:33.439007,GMRINFRA,88.51,1189,88.46,1770918,88.56,2089556
2026-08-13 19:20:33.455738,SOUTHBANK,33.08,13099,33.03,1785908,33.13,1824004
2026-08-13 19:20:33.472771,IRB,64.27,25362,64.22,2074946,64.32,1676799
2026-08-13 19:20:33.489827,HFCL,118.83,8179,118.77,1296925,118.89,1406677
2026-08-13 19:20:33.508422,NMDC,219.25,18384,219.14,2124366,219.36,2215967
2026-08-13 19:20:33.522350,TATAPOWER,411.91,10801,411.7,1205168,412.12,1933159
2026-08-13 19:20:33.554661,BHEL,288.49,12783,288.35,1915461,288.63,1717374
2026-08-13 19:20:33.569298,HUDCO,195.25,1340,195.15,1196661,195.35,2043283
2026-08-13 19:20:33.572620,PNB,112.91,535,112.85,1956683,112.97,2333950
2026-08-13 19:20:33.589136,NHPC,94.5,13991,94.45,1714235,94.55,2248602
2026-08-13 19:20:33.606099,SMALLCAP1,44.97,721,44.92,20274,45.02,15208
2026-08-13 19:20:33.622314,RELIANCE,2827.76,8180,2826.35,1252523,2829.17,1071850
2026-08-13 19:20:33.639793,TCS,3678.05,3160,3676.21,1111618,3679.89,1893315
2026-08-13 19:20:33.655976,INFY,1490.97,5996,1490.22,2380097,1491.72,1371021
2026-08-13 19:20:33.672239,PENNYSTOCK,14.63,14063,14.58,1372963,14.68,1704233
2026-08-13 19:20:48.407553,IDFCFIRSTB,72.78,13245,72.73,1280981,72.83,1811155
2026-08-13 19:20:48.437009,SUZLON,54.51,4302,54.46,1869786,54.56,2409451
2026-08-13 19:20:48.439007,GMRINFRA,88.4,11118,88.35,2025567,88.45,1640163
2026-08-13 19:20:48.455738,SOUTHBANK,33.11,5566,33.06,2381158,33.16,1468602
2026-08-13 19:20:48.472771,IRB,64.08,9355,64.03,1564468,64.13,1307602
2026-08-13 19:20:48.489827,HFCL,118.8,4169,118.74,1094864,118.86,2492742
2026-08-13 19:20:48.508422,NMDC,218.96,2463,218.85,1962644,219.07,1729254
2026-08-13 19:20:48.522350,TATAPOWER,412.46,4782,412.25,2221097,412.67,2361127
2026-08-13 19:20:48.554661,BHEL,288.27,7549,288.13,1449641,288.41,1979840
2026-08-13 19:20:48.569298,HUDCO,194.7,710,194.6,1195202,194.8,1570883
2026-08-13 19:20:48.572620,PNB,112.7,9631,112.64,1893056,112.76,1746948
2026-08-13 19:20:48.589136,NHPC,94.61,6051,94.56,2327953,94.66,2128674
2026-08-13 19:20:48.606099,SMALLCAP1,45.03,241,44.98,18355,45.08,6605
2026-08-13 19:20:48.622314,RELIANCE,2820.5,1828,2819.09,2041416,2821.91,2101830
2026-08-13 19:20:48.639793,TCS,3670.28,15191,3668.44,2013856,3672.12,1592828
2026-08-13 19:20:48.655976,INFY,1490.44,668,1489.69,1142878,1491.19,2032167
2026-08-13 19:20:48.672239,PENNYSTOCK,14.6,5540,14.55,1329307,14.65,1646783
2026-08-13 19:21:03.407553,IDFCFIRSTB,72.78,54850,72.73,1340972,72.83,1727006
2026-08-13 19:21:03.437009,SUZLON,54.65,14691,54.6,2007746,54.7,2297864
2026-08-13 19:21:03.439007,GMRINFRA,88.33,13911,88.28,2000625,88.38,1141157
2026-08-13 19:21:03.455738,SOUTHBANK,33.13,517,33.08,1455654,33.18,1332212
2026-08-13 19:21:03.472771,IRB,64.1,11673,64.05,1693233,64.15,2043977
2026-08-13 19:21:03.489827,HFCL,118.7,5936,118.64,1151800,118.76,2286851
2026-08-13 19:21:03.508422,NMDC,219.26,3666,219.15,1136667,219.37,1246463
2026-08-13 19:21:03.522350,TATAPOWER,412.64,11672,412.43,1714756,412.85,1999065
2026-08-13 19:21:03.554661,BHEL,288.4,10812,288.26,2223427,288.54,2454685
2026-08-13 19:21:03.569298,HUDCO,194.86,11493,194.76,2457182,194.96,2495712
2026-08-13 19:21:03.572620,PNB,112.46,14651,112.4,1067432,112.52,2190841
2026-08-13 19:21:03.589136,NHPC,94.49,6483,94.44,1549718,94.54,2381038
2026-08-13 19:21:03.606099,SMALLCAP1,45.03,196,44.98,24965,45.08,24229
2026-08-13 19:21:03.622314,RELIANCE,2820.36,8258,2818.95,1848059,2821.77,2359353
2026-08-13 19:21:03.639793,TCS,3671.38,4547,3669.54,1228807,3673.22,1291976
2026-08-13 19:21:03.655976,INFY,1487.72,8454,1486.98,2032066,1488.46,2223642
2026-08-13 19:21:03.672239,PENNYSTOCK,14.63,13411,14.58,2372845,14.68,2311504
2026-08-13 19:21:18.407553,IDFCFIRSTB,72.91,3554,72.86,1939689,72.96,1277012
2026-08-13 19:21:18.437009,SUZLON,54.66,30961,54.61,1803583,54.71,1964449
2026-08-13 19:21:18.439007,GMRINFRA,88.39,10199,88.34,1176658,88.44,1976049
2026-08-13 19:21:18.455738,SOUTHBANK,33.25,6543,33.2,1740672,33.3,2097607
2026-08-13 19:21:18.472771,IRB,64.04,10328,63.99,1070670,64.09,2382383
2026-08-13 19:21:18.489827,HFCL,118.9,2057,118.84,2196424,118.96,2495482
2026-08-13 19:21:18.508422,NMDC,219.46,10423,219.35,1673672,219.57,1930042
2026-08-13 19:21:18.522350,TATAPOWER,411.91,13879,411.7,1182606,412.12,1411434
2026-08-13 19:21:18.554661,BHEL,288.53,9428,288.39,2099495,288.67,1637794
2026-08-13 19:21:18.569298,HUDCO,194.69,12424,194.59,1696353,194.79,1675996
2026-08-13 19:21:18.572620,PNB,112.43,12843,112.37,2203180,112.49,1359236
2026-08-13 19:21:18.589136,NHPC,94.43,84944,94.38,2015370,94.48,1285722
2026-08-13 19:21:18.606099,SMALLCAP1,45.01,263,44.96,7748,45.06,8696
2026-08-13 19:21:18.622314,RELIANCE,2822.61,7263,2821.2,1562164,2824.02,2167045
2026-08-13 19:21:18.639793,TCS,3673.88,7372,3672.04,2326178,3675.72,1181081
2026-08-13 19:21:18.655976,INFY,1487.87,8209,1487.13,1693101,1488.61,1073306
2026-08-13 19:21:18.672239,PENNYSTOCK,14.65,10817,14.6,1865594,14.7,2001304
2026-08-13 19:21:33.407553,IDFCFIRSTB,72.96,3622,72.91,2437321,73.01,1086841
2026-08-13 19:21:33.437009,SUZLON,54.59,14638,54.54,1939371,54.64,2169320
2026-08-13 19:21:33.439007,GMRINFRA,88.32,3214,88.27,2143773,88.37,1163776
2026-08-13 19:21:33.455738,SOUTHBANK,33.13,5090,33.08,1187821,33.18,1538588
2026-08-13 19:21:33.472771,IRB,64.24,13212,64.19,1802455,64.29,2403519
2026-08-13 19:21:33.489827,HFCL,118.87,10575,118.81,2457904,118.93,1231303
2026-08-13 19:21:33.508422,NMDC,219.82,5863,219.71,2253654,219.93,2171561
2026-08-13 19:21:33.522350,TATAPOWER,412.44,7167,412.23,1655706,412.65,1165023
2026-08-13 19:21:33.554661,BHEL,288.76,1437,288.62,1413932,288.9,1384673
2026-08-13 19:21:33.569298,HUDCO,194.69,11304,194.59,1909274,194.79,1473038
2026-08-13 19:21:33.572620,PNB,112.42,1258,112.36,2233173,112.48,1194332
2026-08-13 19:21:33.589136,NHPC,94.58,7554,94.53,1566628,94.63,1929281
2026-08-13 19:21:33.606099,SMALLCAP1,45.08,551,45.03,11976,45.13,18719
2026-08-13 19:21:33.622314,RELIANCE,2827.02,1208,2825.61,1635816,2828.43,2412464
2026-08-13 19:21:33.639793,TCS,3670.69,2602,3668.85,1969925,3672.53,1689929
2026-08-13 19:21:33.655976,INFY,1487.95,14221,1487.21,1928756,1488.69,1667249
2026-08-13 19:21:33.672239,PENNYSTOCK,14.64,5060,14.59,1423351,14.69,1231939
2026-08-13 19:21:48.407553,IDFCFIRSTB,73.16,6166,73.11,2160591,73.21,2403456
2026-08-13 19:21:48.437009,SUZLON,54.54,7211,54.49,1770750,54.59,2394004
2026-08-13 19:21:48.439007,GMRINFRA,88.47,6368,88.42,1652022,88.52,2374173
2026-08-13 19:21:48.455738,SOUTHBANK,33.14,8918,33.09,1613083,33.19,2330567
2026-08-13 19:21:48.472771,IRB,64.27,7722,64.22,2365962,64.32,2430412
2026-08-13 19:21:48.489827,HFCL,118.83,13370,118.77,1404502,118.89,2438541
2026-08-13 19:21:48.508422,NMDC,219.6,3677,219.49,1752952,219.71,1557967
2026-08-13 19:21:48.522350,TATAPOWER,412.4,1174,412.19,1923111,412.61,1319578
2026-08-13 19:21:48.554661,BHEL,288.68,10706,288.54,1539922,288.82,2016935
2026-08-13 19:21:48.569298,HUDCO,195.13,3193,195.03,2238251,195.23,2133029
2026-08-13 19:21:48.572620,PNB,112.57,8121,112.51,2232440,112.63,2018521
2026-08-13 19:21:48.589136,NHPC,94.62,11650,94.57,1982524,94.67,1854413
2026-08-13 19:21:48.606099,SMALLCAP1,45.08,618,45.03,16504,45.13,18445
2026-08-13 19:21:48.622314,RELIANCE,2826.66,2822,2825.25,2035080,2828.07,1374521
2026-08-13 19:21:48.639793,TCS,3673.74,72618,3671.9,1730104,3675.58,1867115
2026-08-13 19:21:48.655976,INFY,1488.41,12774,1487.67,1939995,1489.15,2499497
2026-08-13 19:21:48.672239,PENNYSTOCK,14.62,1760,14.57,2055413,14.67,1198968
2026-08-13 19:22:03.407553,IDFCFIRSTB,73.26,8425,73.21,1363209,73.31,1952071
2026-08-13 19:22:03.437009,SUZLON,54.53,12101,54.48,1099384,54.58,1244153
2026-08-13 19:22:03.439007,GMRINFRA,88.55,9306,88.5,1182077,88.6,2488279
2026-08-13 19:22:03.455738,SOUTHBANK,33.15,8964,33.1,1824596,33.2,1603700
2026-08-13 19:22:03.472771,IRB,64.16,5273,64.11,1599014,64.21,1783596
2026-08-13 19:22:03.489827,HFCL,118.87,11567,118.81,1877525,118.93,1181252
2026-08-13 19:22:03.508422,NMDC,219.64,1402,219.53,1236282,219.75,2218018
2026-08-13 19:22:03.522350,TATAPOWER,412.67,11795,412.46,1946935,412.88,1227428
2026-08-13 19:22:03.554661,BHEL,288.58,712,288.44,1768253,288.72,2478238
2026-08-13 19:22:03.569298,HUDCO,194.93,6720,194.83,1653710,195.03,1243030
2026-08-13 19:22:03.572620,PNB,112.59,704,112.53,1560302,112.65,2151398
2026-08-13 19:22:03.589136,NHPC,94.51,11917,94.46,1954406,94.56,1749092
2026-08-13 19:22:03.606099,SMALLCAP1,45.07,275,45.02,13477,45.12,7490
2026-08-13 19:22:03.622314,RELIANCE,2824.54,7175,2823.13,2180318,2825.95,1331601
2026-08-13 19:22:03.639793,TCS,3682.72,6078,3680.88,1796754,3684.56,2284771
2026-08-13 19:22:03.655976,INFY,1484.1,10166,1483.36,2020236,1484.84,2326836
2026-08-13 19:22:03.672239,PENNYSTOCK,14.66,4827,14.61,1090095,14.71,2453278
2026-08-13 19:22:18.407553,IDFCFIRSTB,73.22,8810,73.17,1733233,73.27,1338506
2026-08-13 19:22:18.437009,SUZLON,54.38,9585,54.33,2199360,54.43,1675396
2026-08-13 19:22:18.439007,GMRINFRA,88.57,8286,88.52,1541401,88.62,1173348
2026-08-13 19:22:18.455738,SOUTHBANK,33.17,2915,33.12,2057568,33.22,1919577
2026-08-13 19:22:18.472771,IRB,64.21,13671,64.16,1955318,64.26,1766529
2026-08-13 19:22:18.489827,HFCL,119.01,11161,118.95,2317712,119.07,2299397
2026-08-13 19:22:18.508422,NMDC,219.34,1863,219.23,2216421,219.45,1650197
2026-08-13 19:22:18.522350,TATAPOWER,413.16,11491,412.95,1089858,413.37,2360461
2026-08-13 19:22:18.554661,BHEL,287.77,1611,287.63,1379062,287.91,1865141
2026-08-13 19:22:18.569298,HUDCO,194.56,13327,194.46,1675112,194.66,1862203
2026-08-13 19:22:18.572620,PNB,112.49,13049,112.43,1470289,112.55,2483469
2026-08-13 19:22:18.589136,NHPC,94.88,4527,94.83,1634995,94.93,2027352
2026-08-13 19:22:18.606099,SMALLCAP1,45.06,345,45.01,22265,45.11,10852
2026-08-13 19:22:18.622314,RELIANCE,2824.88,80486,2823.47,1964447,2826.29,2012227
2026-08-13 19:22:18.639793,TCS,3687.0,7639,3685.16,1111682,3688.84,2423799
2026-08-13 19:22:18.655976,INFY,1485.18,11552,1484.44,1310643,1485.92,1133952
2026-08-13 19:22:18.672239,PENNYSTOCK,14.68,8813,14.63,2364482,14.73,1160791
2026-08-13 19:22:33.407553,IDFCFIRSTB,73.11,9406,73.06,1244006,73.16,1212591
2026-08-13 19:22:33.437009,SUZLON,54.34,3342,54.29,1251113,54.39,1117813
2026-08-13 19:22:33.439007,GMRINFRA,88.38,14863,88.33,2369993,88.43,2174445
2026-08-13 19:22:33.455738,SOUTHBANK,33.27,14757,33.22,2392995,33.32,2388740
2026-08-13 19:22:33.472771,IRB,64.12,12085,64.07,1161597,64.17,1816798
2026-08-13 19:22:33.489827,HFCL,118.83,7531,118.77,1827649,118.89,1714834
2026-08-13 19:22:33.508422,NMDC,218.95,11243,218.84,1465045,219.06,1390056
2026-08-13 19:22:33.522350,TATAPOWER,413.61,11622,413.4,1329697,413.82,2241221
2026-08-13 19:22:33.554661,BHEL,287.73,4645,287.59,2333196,287.87,1216849
2026-08-13 19:22:33.569298,HUDCO,194.39,1637,194.29,1493168,194.49,1790961
2026-08-13 19:22:33.572620,PNB,112.25,8567,112.19,1879599,112.31,1735441
2026-08-13 19:22:33.589136,NHPC,94.81,9843,94.76,2176751,94.86,2061815
2026-08-13 19:22:33.606099,SMALLCAP1,45.12,681,45.07,9252,45.17,14343
2026-08-13 19:22:33.622314,RELIANCE,2827.54,26040,2826.13,1393217,2828.95,1335599
2026-08-13 19:22:33.639793,TCS,3688.91,4529,3687.07,1848344,3690.75,2042498
2026-08-13 19:22:33.655976,INFY,1486.68,7106,1485.94,2366666,1487.42,1445680
2026-08-13 19:22:33.672239,PENNYSTOCK,14.66,5623,14.61,1389288,14.71,1520665
2026-08-13 19:22:48.407553,IDFCFIRSTB,73.05,49756,73.0,1858483,73.1,1302408
2026-08-13 19:22:48.437009,SUZLON,54.32,5162,54.27,2291765,54.37,1205421
2026-08-13 19:22:48.439007,GMRINFRA,88.52,5994,88.47,1797872,88.57,1886365
2026-08-13 19:22:48.455738,SOUTHBANK,33.3,9086,33.25,1823475,33.35,1110069
2026-08-13 19:22:48.472771,IRB,64.01,8920,63.96,1134736,64.06,2322550
2026-08-13 19:22:48.489827,HFCL,119.04,13228,118.98,1643196,119.1,2213646
2026-08-13 19:22:48.508422,NMDC,219.07,12878,218.96,2300513,219.18,2375875
2026-08-13 19:22:48.522350,TATAPOWER,413.83,13642,413.62,1599900,414.04,2140332
2026-08-13 19:22:48.554661,BHEL,288.48,923,288.34,2134058,288.62,2318986
2026-08-13 19:22:48.569298,HUDCO,194.04,7297,193.94,1557486,194.14,2354994
2026-08-13 19:22:48.572620,PNB,112.0,2612,111.94,2169403,112.06,2307666
2026-08-13 19:22:48.589136,NHPC,94.76,12943,94.71,2277738,94.81,1517431
2026-08-13 19:22:48.606099,SMALLCAP1,45.14,634,45.09,10197,45.19,16001
2026-08-13 19:22:48.622314,RELIANCE,2820.22,14900,2818.81,2306333,2821.63,2099475
2026-08-13 19:22:48.639793,TCS,3687.41,10150,3685.57,1603379,3689.25,1468106
2026-08-13 19:22:48.655976,INFY,1483.92,13686,1483.18,1418707,1484.66,1354539
2026-08-13 19:22:48.672239,PENNYSTOCK,14.7,933,14.65,2384239,14.75,1903402
2026-08-13 19:23:03.407553,IDFCFIRSTB,72.9,14775,72.85,2485282,72.95,1745819
2026-08-13 19:23:03.437009,SUZLON,54.32,1528,54.27,1445132,54.37,2378437
2026-08-13 19:23:03.439007,GMRINFRA,88.56,8916,88.51,1417115,88.61,1916226
2026-08-13 19:23:03.455738,SOUTHBANK,33.29,7669,33.24,1750284,33.34,1657111
2026-08-13 19:23:03.472771,IRB,63.97,10073,63.92,2213862,64.02,2064475
2026-08-13 19:23:03.489827,HFCL,118.88,7682,118.82,1213351,118.94,2348166
2026-08-13 19:23:03.508422,NMDC,219.8,3243,219.69,1615761,219.91,1962230
2026-08-13 19:23:03.522350,TATAPOWER,412.99,14084,412.78,1513947,413.2,2480812
2026-08-13 19:23:03.554661,BHEL,289.8,7025,289.66,1983491,289.94,1939888
2026-08-13 19:23:03.569298,HUDCO,194.16,9642,194.06,1186221,194.26,1882633
2026-08-13 19:23:03.572620,PNB,112.17,4256,112.11,1604701,112.23,1918228
2026-08-13 19:23:03.589136,NHPC,94.79,4068,94.74,1240417,94.84,1281077
2026-08-13 19:23:03.606099,SMALLCAP1,45.15,439,45.1,24817,45.2,18936
2026-08-13 19:23:03.622314,RELIANCE,2815.35,12076,2813.94,1582018,2816.76,1900898
2026-08-13 19:23:03.639793,TCS,3689.02,13626,3687.18,1332288,3690.86,1443027
2026-08-13 19:23:03.655976,INFY,1486.3,965,1485.56,1711143,1487.04,1177396
2026-08-13 19:23:03.672239,PENNYSTOCK,14.72,8237,14.67,1574798,14.77,2225535
2026-08-13 19:23:18.407553,IDFCFIRSTB,72.88,9822,72.83,1113473,72.93,2255768
2026-08-13 19:23:18.437009,SUZLON,54.25,7105,54.2,2430068,54.3,1769386
2026-08-13 19:23:18.439007,GMRINFRA,88.41,11278,88.36,1530246,88.46,1613338
2026-08-13 19:23:18.455738,SOUTHBANK,33.29,6104,33.24,1480606,33.34,1101004
2026-08-13 19:23:18.472771,IRB,63.97,28190,63.92,2015299,64.02,2483481
2026-08-13 19:23:18.489827,HFCL,119.11,4709,119.05,1691842,119.17,1635561
2026-08-13 19:23:18.508422,NMDC,220.06,8021,219.95,2189872,220.17,2301649
2026-08-13 19:23:18.522350,TATAPOWER,413.94,9021,413.73,2404958,414.15,1587152
2026-08-13 19:23:18.554661,BHEL,289.68,7222,289.54,1862065,289.82,2222193
2026-08-13 19:23:18.569298,HUDCO,194.21,13142,194.11,1943547,194.31,2284692
2026-08-13 19:23:18.572620,PNB,112.41,12462,112.35,1892081,112.47,2347873
2026-08-13 19:23:18.589136,NHPC,94.68,9111,94.63,2247375,94.73,2093697
2026-08-13 19:23:18.606099,SMALLCAP1,45.07,909,45.02,23186,45.12,21437
2026-08-13 19:23:18.622314,RELIANCE,2818.84,9885,2817.43,1426514,2820.25,2295131
2026-08-13 19:23:18.639793,TCS,3687.48,1882,3685.64,2402403,3689.32,2266321
2026-08-13 19:23:18.655976,INFY,1485.43,10159,1484.69,2299424,1486.17,2110463
2026-08-13 19:23:18.672239,PENNYSTOCK,14.72,12201,14.67,1746268,14.77,2405174
2026-08-13 19:23:33.407553,IDFCFIRSTB,72.84,7875,72.79,1903576,72.89,2412812
2026-08-13 19:23:33.437009,SUZLON,54.12,6016,54.07,1597929,54.17,2167900
2026-08-13 19:23:33.439007,GMRINFRA,88.15,8118,88.1,2025809,88.2,1434109
2026-08-13 19:23:33.455738,SOUTHBANK,33.35,8752,33.3,2453479,33.4,1753398
2026-08-13 19:23:33.472771,IRB,63.98,2789,63.93,1688558,64.03,1190719
2026-08-13 19:23:33.489827,HFCL,119.07,14933,119.01,1253314,119.13,1125046
2026-08-13 19:23:33.508422,NMDC,220.34,12105,220.23,1420158,220.45,1680326
2026-08-13 19:23:33.522350,TATAPOWER,413.83,2836,413.62,1467933,414.04,2026959
2026-08-13 19:23:33.554661,BHEL,289.61,873,289.47,1379760,289.75,2387764
2026-08-13 19:23:33.569298,HUDCO,194.03,4869,193.93,1733429,194.13,1319756
2026-08-13 19:23:33.572620,PNB,112.38,13629,112.32,1914893,112.44,1298487
2026-08-13 19:23:33.589136,NHPC,94.71,7382,94.66,1300559,94.76,1924770
2026-08-13 19:23:33.606099,SMALLCAP1,45.12,63,45.07,13399,45.17,11567
2026-08-13 19:23:33.622314,RELIANCE,2820.0,7239,2818.59,1589106,2821.41,1132477
2026-08-13 19:23:33.639793,TCS,3688.88,10123,3687.04,2275805,3690.72,1857430
2026-08-13 19:23:33.655976,INFY,1485.89,8311,1485.15,2365222,1486.63,2029833
2026-08-13 19:23:33.672239,PENNYSTOCK,14.69,8254,14.64,1730822,14.74,2027869
2026-08-13 19:23:48.407553,IDFCFIRSTB,72.86,4663,72.81,2076171,72.91,1338244
2026-08-13 19:23:48.437009,SUZLON,54.06,10615,54.01,1264800,54.11,2080929
2026-08-13 19:23:48.439007,GMRINFRA,88.12,11778,88.07,1311638,88.17,2272090
2026-08-13 19:23:48.455738,SOUTHBANK,33.39,12086,33.34,2488948,33.44,1215137
2026-08-13 19:23:48.472771,IRB,64.02,14039,63.97,2264856,64.07,1770654
2026-08-13 19:23:48.489827,HFCL,119.05,4098,118.99,1363820,119.11,1671310
2026-08-13 19:23:48.508422,NMDC,220.39,3520,220.28,1875093,220.5,1701190
2026-08-13 19:23:48.522350,TATAPOWER,413.07,8187,412.86,1528048,413.28,1212010
2026-08-13 19:23:48.554661,BHEL,289.13,61512,288.99,1830230,289.27,2296250
2026-08-13 19:23:48.569298,HUDCO,194.4,1003,194.3,1518202,194.5,1694521
2026-08-13 19:23:48.572620,PNB,112.03,4600,111.97,1965664,112.09,1231959
2026-08-13 19:23:48.589136,NHPC,94.88,14469,94.83,2302383,94.93,1642033
2026-08-13 19:23:48.606099,SMALLCAP1,45.12,627,45.07,19607,45.17,7474
2026-08-13 19:23:48.622314,RELIANCE,2814.32,11907,2812.91,1797718,2815.73,1854214
2026-08-13 19:23:48.639793,TCS,3685.35,12499,3683.51,2467038,3687.19,1295262
2026-08-13 19:23:48.655976,INFY,1490.82,89340,1490.07,1976561,1491.57,1946139
2026-08-13 19:23:48.672239,PENNYSTOCK,14.67,14066,14.62,1947126,14.72,1945750
2026-08-13 19:24:03.407553,IDFCFIRSTB,72.84,6731,72.79,1724553,72.89,1234175
2026-08-13 19:24:03.437009,SUZLON,54.11,9262,54.06,2404207,54.16,2012086
2026-08-13 19:24:03.439007,GMRINFRA,87.99,4963,87.94,1355271,88.04,1277172
2026-08-13 19:24:03.455738,SOUTHBANK,33.41,2173,33.36,1054759,33.46,1651211
2026-08-13 19:24:03.472771,IRB,64.08,826,64.03,1456500,64.13,1636993
2026-08-13 19:24:03.489827,HFCL,118.88,14578,118.82,1724128,118.94,2277844
2026-08-13 19:24:03.508422,NMDC,220.41,533,220.3,1159508,220.52,2323996
2026-08-13 19:24:03.522350,TATAPOWER,413.78,4521,413.57,1932179,413.99,1828962
2026-08-13 19:24:03.554661,BHEL,289.61,4427,289.47,1735794,289.75,2348929
2026-08-13 19:24:03.569298,HUDCO,194.57,11219,194.47,1176211,194.67,1342387
2026-08-13 19:24:03.572620,PNB,112.23,14665,112.17,2181650,112.29,2168401
2026-08-13 19:24:03.589136,NHPC,94.88,6278,94.83,2051567,94.93,1972843
2026-08-13 19:24:03.606099,SMALLCAP1,45.16,923,45.11,23160,45.21,24067
2026-08-13 19:24:03.622314,RELIANCE,2814.47,2230,2813.06,2121849,2815.88,1818087
2026-08-13 19:24:03.639793,TCS,3673.43,5515,3671.59,1378091,3675.27,1932669
2026-08-13 19:24:03.655976,INFY,1494.67,14481,1493.92,2474428,1495.42,1972485
2026-08-13 19:24:03.672239,PENNYSTOCK,14.67,2597,14.62,2136653,14.72,1800549
2026-08-13 19:24:18.407553,IDFCFIRSTB,72.8,121930,72.75,2160780,72.85,1310156
2026-08-13 19:24:18.437009,SUZLON,54.02,12008,53.97,1785052,54.07,1652973
2026-08-13 19:24:18.439007,GMRINFRA,87.87,13518,87.82,1205347,87.92,1528102
2026-08-13 19:24:18.455738,SOUTHBANK,33.46,1091,33.41,1630460,33.51,1811272
2026-08-13 19:24:18.472771,IRB,63.97,1675,63.92,2422643,64.02,1735092
2026-08-13 19:24:18.489827,HFCL,118.74,14129,118.68,2350416,118.8,1624722
2026-08-13 19:24:18.508422,NMDC,220.59,37384,220.48,1267785,220.7,1949809
2026-08-13 19:24:18.522350,TATAPOWER,412.86,3022,412.65,1093056,413.07,2454170
2026-08-13 19:24:18.554661,BHEL,289.54,13544,289.4,2290308,289.68,1233008
2026-08-13 19:24:18.569298,HUDCO,194.88,9701,194.78,1098975,194.98,1237389
2026-08-13 19:24:18.572620,PNB,112.39,6704,112.33,2005066,112.45,1809401
2026-08-13 19:24:18.589136,NHPC,94.93,10540,94.88,1967761,94.98,1476396
2026-08-13 19:24:18.606099,SMALLCAP1,45.26,741,45.21,20656,45.31,15359
2026-08-13 19:24:18.622314,RELIANCE,2810.89,13105,2809.48,1366017,2812.3,1704096
2026-08-13 19:24:18.639793,TCS,3682.68,12581,3680.84,1658660,3684.52,1745795
2026-08-13 19:24:18.655976,INFY,1498.21,837,1497.46,2005386,1498.96,1952787
2026-08-13 19:24:18.672239,PENNYSTOCK,14.65,1583,14.6,1247190,14.7,2384670
2026-08-13 19:24:33.407553,IDFCFIRSTB,72.94,10514,72.89,1765166,72.99,1431337
2026-08-13 19:24:33.437009,SUZLON,53.91,9568,53.86,1181686,53.96,1130433
2026-08-13 19:24:33.439007,GMRINFRA,87.99,6232,87.94,1236704,88.04,1344860
2026-08-13 19:24:33.455738,SOUTHBANK,33.45,11851,33.4,2407718,33.5,1891977
2026-08-13 19:24:33.472771,IRB,64.12,5169,64.07,1077246,64.17,1878285
2026-08-13 19:24:33.489827,HFCL,118.68,10700,118.62,2216320,118.74,2380257
2026-08-13 19:24:33.508422,NMDC,220.97,11068,220.86,1786672,221.08,2007020
2026-08-13 19:24:33.522350,TATAPOWER,411.36,745,411.15,2094848,411.57,2314520
2026-08-13 19:24:33.554661,BHEL,289.3,2759,289.16,1057209,289.44,1710224
2026-08-13 19:24:33.569298,HUDCO,195.22,7459,195.12,1775544,195.32,1403760
2026-08-13 19:24:33.572620,PNB,112.47,13810,112.41,2085122,112.53,2259031
2026-08-13 19:24:33.589136,NHPC,94.98,79470,94.93,1147419,95.03,1891238
2026-08-13 19:24:33.606099,SMALLCAP1,45.27,231,45.22,8130,45.32,6074
2026-08-13 19:24:33.622314,RELIANCE,2810.24,2251,2808.83,2106293,2811.65,1694211
2026-08-13 19:24:33.639793,TCS,3678.64,4578,3676.8,1747078,3680.48,1238754
2026-08-13 19:24:33.655976,INFY,1500.75,6719,1500.0,1239192,1501.5,1297287
2026-08-13 19:24:33.672239,PENNYSTOCK,14.66,11771,14.61,1359052,14.71,1956929
2026-08-13 19:24:48.407553,IDFCFIRSTB,72.88,12594,72.83,1955841,72.93,2441314
2026-08-13 19:24:48.437009,SUZLON,53.92,3875,53.87,2323668,53.97,2153285
2026-08-13 19:24:48.439007,GMRINFRA,87.89,9805,87.84,2137640,87.94,1994899
2026-08-13 19:24:48.455738,SOUTHBANK,33.4,2178,33.35,1097141,33.45,1655549
2026-08-13 19:24:48.472771,IRB,63.95,1948,63.9,1622252,64.0,2469150
2026-08-13 19:24:48.489827,HFCL,118.84,55340,118.78,1366684,118.9,2493598
2026-08-13 19:24:48.508422,NMDC,220.96,13506,220.85,2120063,221.07,1277901
2026-08-13 19:24:48.522350,TATAPOWER,410.72,5139,410.51,1389259,410.93,1655556
2026-08-13 19:24:48.554661,BHEL,289.33,4923,289.19,1231072,289.47,1345040
2026-08-13 19:24:48.569298,HUDCO,195.05,11174,194.95,1129202,195.15,2186310
2026-08-13 19:24:48.572620,PNB,112.32,2578,112.26,2410894,112.38,2483780
2026-08-13 19:24:48.589136,NHPC,95.12,9845,95.07,2216446,95.17,1078950
2026-08-13 19:24:48.606099,SMALLCAP1,45.31,111,45.26,5063,45.36,10662
2026-08-13 19:24:48.622314,RELIANCE,2806.86,12682,2805.46,2305973,2808.26,1180929
2026-08-13 19:24:48.639793,TCS,3678.87,2254,3677.03,2140616,3680.71,1567929
2026-08-13 19:24:48.655976,INFY,1495.48,9971,1494.73,2323462,1496.23,2006369
2026-08-13 19:24:48.672239,PENNYSTOCK,14.68,8964,14.63,1704697,14.73,2125801
2026-08-13 19:25:03.407553,IDFCFIRSTB,72.92,12064,72.87,2259932,72.97,2285571
2026-08-13 19:25:03.437009,SUZLON,53.91,10716,53.86,2186472,53.96,2491614
2026-08-13 19:25:03.439007,GMRINFRA,87.89,10753,87.84,1211968,87.94,2264576
2026-08-13 19:25:03.455738,SOUTHBANK,33.35,13032,33.3,2481084,33.4,1254478
2026-08-13 19:25:03.472771,IRB,64.09,9108,64.04,1916459,64.14,1986836
2026-08-13 19:25:03.489827,HFCL,118.97,5961,118.91,1186495,119.03,2209875
2026-08-13 19:25:03.508422,NMDC,220.97,9376,220.86,1758038,221.08,1702043
2026-08-13 19:25:03.522350,TATAPOWER,411.06,2820,410.85,2386949,411.27,1313872
2026-08-13 19:25:03.554661,BHEL,289.5,1701,289.36,2316044,289.64,1416492
2026-08-13 19:25:03.569298,HUDCO,195.17,12204,195.07,1343300,195.27,1341888
2026-08-13 19:25:03.572620,PNB,112.56,1099,112.5,1511319,112.62,1689873
2026-08-13 19:25:03.589136,NHPC,95.11,8052,95.06,1261313,95.16,1415570
2026-08-13 19:25:03.606099,SMALLCAP1,45.42,702,45.37,7283,45.47,13143
2026-08-13 19:25:03.622314,RELIANCE,2803.96,23024,2802.56,1827560,2805.36,1668390
2026-08-13 19:25:03.639793,TCS,3686.11,14460,3684.27,1171925,3687.95,2451754
2026-08-13 19:25:03.655976,INFY,1496.81,7624,1496.06,2219071,1497.56,2220547
2026-08-13 19:25:03.672239,PENNYSTOCK,14.72,11949,14.67,1084587,14.77,2098354
2026-08-13 19:25:18.407553,IDFCFIRSTB,73.0,119024,72.95,2038016,73.05,2417185
2026-08-13 19:25:18.437009,SUZLON,53.85,36428,53.8,1649350,53.9,2085232
2026-08-13 19:25:18.439007,GMRINFRA,87.84,12220,87.79,2248000,87.89,1524299
2026-08-13 19:25:18.455738,SOUTHBANK,33.39,5146,33.34,2387164,33.44,1830057
2026-08-13 19:25:18.472771,IRB,64.2,8587,64.15,1162259,64.25,1796042
2026-08-13 19:25:18.489827,HFCL,119.15,2271,119.09,2343246,119.21,1703257
2026-08-13 19:25:18.508422,NMDC,220.82,3390,220.71,2056857,220.93,2165335
2026-08-13 19:25:18.522350,TATAPOWER,410.57,14083,410.36,1203015,410.78,1463682
2026-08-13 19:25:18.554661,BHEL,288.96,5948,288.82,1076214,289.1,1131747
2026-08-13 19:25:18.569298,HUDCO,195.23,566,195.13,2338378,195.33,1536371
2026-08-13 19:25:18.572620,PNB,112.64,6742,112.58,2381550,112.7,1102612
2026-08-13 19:25:18.589136,NHPC,95.18,10050,95.13,1615594,95.23,2128812
2026-08-13 19:25:18.606099,SMALLCAP1,45.44,299,45.39,17817,45.49,13430
2026-08-13 19:25:18.622314,RELIANCE,2801.98,8848,2800.58,1817622,2803.38,1173335
2026-08-13 19:25:18.639793,TCS,3685.96,11411,3684.12,2312136,3687.8,1112687
2026-08-13 19:25:18.655976,INFY,1497.19,14463,1496.44,2442641,1497.94,1487770
2026-08-13 19:25:18.672239,PENNYSTOCK,14.75,6825,14.7,2138264,14.8,2241799
2026-08-13 19:25:33.407553,IDFCFIRSTB,72.99,2299,72.94,2334185,73.04,2234331
2026-08-13 19:25:33.437009,SUZLON,53.88,1486,53.83,2274922,53.93,1608406
2026-08-13 19:25:33.439007,GMRINFRA,88.04,5597,87.99,2286066,88.09,2158099
2026-08-13 19:25:33.455738,SOUTHBANK,33.49,10979,33.44,1640716,33.54,2432882
2026-08-13 19:25:33.472771,IRB,64.0,7023,63.95,2489746,64.05,1371559
2026-08-13 19:25:33.489827,HFCL,119.46,5096,119.4,2420940,119.52,2235765
2026-08-13 19:25:33.508422,NMDC,220.71,12639,220.6,1823072,220.82,1772241
2026-08-13 19:25:33.522350,TATAPOWER,410.88,4023,410.67,1779858,411.09,1842440
2026-08-13 19:25:33.554661,BHEL,288.77,14041,288.63,1213210,288.91,1478481
2026-08-13 19:25:33.569298,HUDCO,195.11,14915,195.01,1918320,195.21,2439340
2026-08-13 19:25:33.572620,PNB,112.61,14041,112.55,2099380,112.67,1401257
2026-08-13 19:25:33.589136,NHPC,95.14,9572,95.09,1415597,95.19,2492413
2026-08-13 19:25:33.606099,SMALLCAP1,45.41,768,45.36,11122,45.46,20146
2026-08-13 19:25:33.622314,RELIANCE,2805.67,4671,2804.27,1530643,2807.07,2236155
2026-08-13 19:25:33.639793,TCS,3684.34,1517,3682.5,2101541,3686.18,2467649
2026-08-13 19:25:33.655976,INFY,1495.55,9141,1494.8,1983699,1496.3,1620318
2026-08-13 19:25:33.672239,PENNYSTOCK,14.75,14760,14.7,2172480,14.8,2392257
2026-08-13 19:25:48.407553,IDFCFIRSTB,73.11,7835,73.06,1270606,73.16,2323431
2026-08-13 19:25:48.437009,SUZLON,53.73,8779,53.68,1666943,53.78,1896865
2026-08-13 19:25:48.439007,GMRINFRA,88.11,9327,88.06,1315304,88.16,1171867
2026-08-13 19:25:48.455738,SOUTHBANK,33.53,2349,33.48,1393528,33.58,1889553
2026-08-13 19:25:48.472771,IRB,64.12,8543,64.07,2361527,64.17,1475808
2026-08-13 19:25:48.489827,HFCL,119.21,1092,119.15,1189884,119.27,1542939
2026-08-13 19:25:48.508422,NMDC,220.83,10903,220.72,1289978,220.94,2045419
2026-08-13 19:25:48.522350,TATAPOWER,409.5,2980,409.3,2448148,409.7,2115118
2026-08-13 19:25:48.554661,BHEL,288.91,12427,288.77,1466617,289.05,1854134
2026-08-13 19:25:48.569298,HUDCO,195.41,788,195.31,1453447,195.51,1380766
2026-08-13 19:25:48.572620,PNB,112.78,11634,112.72,2234188,112.84,2031803
2026-08-13 19:25:48.589136,NHPC,94.98,3107,94.93,1607844,95.03,1161715
2026-08-13 19:25:48.606099,SMALLCAP1,45.42,685,45.37,13930,45.47,11891
2026-08-13 19:25:48.622314,RELIANCE,2805.47,859,2804.07,1560233,2806.87,1550872
2026-08-13 19:25:48.639793,TCS,3681.69,1015,3679.85,1885182,3683.53,1525687
2026-08-13 19:25:48.655976,INFY,1497.14,11722,1496.39,1202509,1497.89,1307488
2026-08-13 19:25:48.672239,PENNYSTOCK,14.72,4405,14.67,1582907,14.77,2105941
2026-08-13 19:26:03.407553,IDFCFIRSTB,73.09,1127,73.04,1980323,73.14,2175750
2026-08-13 19:26:03.437009,SUZLON,53.84,8315,53.79,1705816,53.89,1771859
2026-08-13 19:26:03.439007,GMRINFRA,88.22,1705,88.17,1213343,88.27,1412242
2026-08-13 19:26:03.455738,SOUTHBANK,33.57,2365,33.52,1515226,33.62,1214297
2026-08-13 19:26:03.472771,IRB,64.1,7515,64.05,2010140,64.15,1775698
2026-08-13 19:26:03.489827,HFCL,119.12,4932,119.06,1887597,119.18,1446515
2026-08-13 19:26:03.508422,NMDC,220.69,12488,220.58,1346026,220.8,1599511
2026-08-13 19:26:03.522350,TATAPOWER,409.82,9589,409.62,2444989,410.02,2222583
2026-08-13 19:26:03.554661,BHEL,288.32,2345,288.18,1359490,288.46,1727116
2026-08-13 19:26:03.569298,HUDCO,195.51,4312,195.41,1767902,195.61,1135532
2026-08-13 19:26:03.572620,PNB,112.83,13804,112.77,2394577,112.89,2167091
2026-08-13 19:26:03.589136,NHPC,94.79,13926,94.74,1284075,94.84,2131179
2026-08-13 19:26:03.606099,SMALLCAP1,45.36,1113,45.31,15297,45.41,10029
2026-08-13 19:26:03.622314,RELIANCE,2799.77,3709,2798.37,2312208,2801.17,1815181
2026-08-13 19:26:03.639793,TCS,3688.61,11844,3686.77,2127204,3690.45,1977327
2026-08-13 19:26:03.655976,INFY,1497.21,7323,1496.46,1335604,1497.96,1287442
2026-08-13 19:26:03.672239,PENNYSTOCK,14.75,9797,14.7,1747776,14.8,1291269
2026-08-13 19:26:18.407553,IDFCFIRSTB,73.2,5733,73.15,1461099,73.25,1088909
2026-08-13 19:26:18.437009,SUZLON,53.62,1565,53.57,1106351,53.67,2001180
2026-08-13 19:26:18.439007,GMRINFRA,88.21,3819,88.16,1072148,88.26,1260860
2026-08-13 19:26:18.455738,SOUTHBANK,33.56,19385,33.51,2466852,33.61,1423156
2026-08-13 19:26:18.472771,IRB,64.09,8739,64.04,1999005,64.14,1959644
2026-08-13 19:26:18.489827,HFCL,118.82,14548,118.76,1977006,118.88,1702273
2026-08-13 19:26:18.508422,NMDC,220.4,13566,220.29,2100970,220.51,2015606
2026-08-13 19:26:18.522350,TATAPOWER,409.85,7031,409.65,1303305,410.05,1163468
2026-08-13 19:26:18.554661,BHEL,287.73,1318,287.59,1697810,287.87,1213036
2026-08-13 19:26:18.569298,HUDCO,195.63,540,195.53,1994857,195.73,1710196
2026-08-13 19:26:18.572620,PNB,112.97,1928,112.91,1762706,113.03,1139034
2026-08-13 19:26:18.589136,NHPC,94.93,8746,94.88,1303109,94.98,1412689
2026-08-13 19:26:18.606099,SMALLCAP1,45.48,754,45.43,10834,45.53,13968
2026-08-13 19:26:18.622314,RELIANCE,2804.61,7577,2803.21,2302604,2806.01,1247375
2026-08-13 19:26:18.639793,TCS,3691.1,4454,3689.25,1952084,3692.95,1081716
2026-08-13 19:26:18.655976,INFY,1496.69,6692,1495.94,2324027,1497.44,1282526
2026-08-13 19:26:18.672239,PENNYSTOCK,14.73,141810,14.68,2167859,14.78,1315401
2026-08-13 19:26:33.407553,IDFCFIRSTB,73.3,9124,73.25,1583879,73.35,1995699
2026-08-13 19:26:33.437009,SUZLON,53.52,11453,53.47,2000046,53.57,2426211
2026-08-13 19:26:33.439007,GMRINFRA,88.29,760,88.24,1570433,88.34,1863979
2026-08-13 19:26:33.455738,SOUTHBANK,33.61,9332,33.56,2207074,33.66,2415341
2026-08-13 19:26:33.472771,IRB,64.15,20349,64.1,1153333,64.2,1236283
2026-08-13 19:26:33.489827,HFCL,118.73,9413,118.67,2227709,118.79,1058369
2026-08-13 19:26:33.508422,NMDC,220.46,7032,220.35,1694077,220.57,1259168
2026-08-13 19:26:33.522350,TATAPOWER,410.84,4360,410.63,1376985,411.05,1455841
2026-08-13 19:26:33.554661,BHEL,287.94,14489,287.8,2257435,288.08,1843993
2026-08-13 19:26:33.569298,HUDCO,195.87,7922,195.77,1741666,195.97,1964480
2026-08-13 19:26:33.572620,PNB,113.0,7648,112.94,1372035,113.06,1730125
2026-08-13 19:26:33.589136,NHPC,94.94,9231,94.89,1101002,94.99,2177131
2026-08-13 19:26:33.606099,SMALLCAP1,45.38,948,45.33,9412,45.43,18659
2026-08-13 19:26:33.622314,RELIANCE,2805.32,5026,2803.92,1756461,2806.72,2102848
2026-08-13 19:26:33.639793,TCS,3696.49,5771,3694.64,1892348,3698.34,1670371
2026-08-13 19:26:33.655976,INFY,1498.19,9442,1497.44,1692415,1498.94,1297793
2026-08-13 19:26:33.672239,PENNYSTOCK,14.73,3426,14.68,1550479,14.78,1685544
2026-08-13 19:26:48.407553,IDFCFIRSTB,73.12,8122,73.07,2285302,73.17,2000278
2026-08-13 19:26:48.437009,SUZLON,53.59,1947,53.54,1217386,53.64,2260120
2026-08-13 19:26:48.439007,GMRINFRA,88.27,1812,88.22,2034041,88.32,2139417
2026-08-13 19:26:48.455738,SOUTHBANK,33.65,5231,33.6,1644199,33.7,2367284
2026-08-13 19:26:48.472771,IRB,64.25,3337,64.2,2080812,64.3,2285788
2026-08-13 19:26:48.489827,HFCL,118.62,8041,118.56,2268369,118.68,2368559
2026-08-13 19:26:48.508422,NMDC,220.62,8554,220.51,2358304,220.73,1531101
2026-08-13 19:26:48.522350,TATAPOWER,410.8,11734,410.59,1469722,411.01,1219368
2026-08-13 19:26:48.554661,BHEL,288.73,6354,288.59,1654672,288.87,2428443
2026-08-13 19:26:48.569298,HUDCO,195.54,11793,195.44,2194097,195.64,2252573
2026-08-13 19:26:48.572620,PNB,113.04,2002,112.98,2480888,113.1,2048976
2026-08-13 19:26:48.589136,NHPC,95.06,8084,95.01,1794331,95.11,2025705
2026-08-13 19:26:48.606099,SMALLCAP1,45.36,430,45.31,6928,45.41,10330
2026-08-13 19:26:48.622314,RELIANCE,2803.65,14310,2802.25,1157467,2805.05,1563772
2026-08-13 19:26:48.639793,TCS,3699.21,7203,3697.36,1166649,3701.06,2000404
2026-08-13 19:26:48.655976,INFY,1496.7,7518,1495.95,2379448,1497.45,1064938
2026-08-13 19:26:48.672239,PENNYSTOCK,14.71,12586,14.66,2356445,14.76,1100766
2026-08-13 19:27:03.407553,IDFCFIRSTB,73.13,6015,73.08,1986781,73.18,2276567
2026-08-13 19:27:03.437009,SUZLON,53.56,6040,53.51,1251787,53.61,2014973
2026-08-13 19:27:03.439007,GMRINFRA,88.0,10758,87.95,2382335,88.05,2442373
2026-08-13 19:27:03.455738,SOUTHBANK,33.75,7225,33.7,2425356,33.8,2302253
2026-08-13 19:27:03.472771,IRB,64.21,7246,64.16,2284721,64.26,1290288
2026-08-13 19:27:03.489827,HFCL,118.55,11981,118.49,2154751,118.61,2040521
2026-08-13 19:27:03.508422,NMDC,221.34,14341,221.23,1763505,221.45,1260021
2026-08-13 19:27:03.522350,TATAPOWER,410.67,1627,410.46,1992924,410.88,1478755
2026-08-13 19:27:03.554661,BHEL,288.99,12905,288.85,2257324,289.13,2082418
2026-08-13 19:27:03.569298,HUDCO,195.88,37741,195.78,1187787,195.98,1161369
2026-08-13 19:27:03.572620,PNB,113.11,7563,113.05,1978526,113.17,1290320
2026-08-13 19:27:03.589136,NHPC,95.07,46960,95.02,1555850,95.12,1641059
2026-08-13 19:27:03.606099,SMALLCAP1,45.31,636,45.26,18732,45.36,10321
2026-08-13 19:27:03.622314,RELIANCE,2805.45,11245,2804.05,1282341,2806.85,1338483
2026-08-13 19:27:03.639793,TCS,3700.25,9547,3698.4,2264676,3702.1,2311059
2026-08-13 19:27:03.655976,INFY,1492.21,12568,1491.46,1578275,1492.96,1983196
2026-08-13 19:27:03.672239,PENNYSTOCK,14.68,12406,14.63,2021608,14.73,1521095
2026-08-13 19:27:18.407553,IDFCFIRSTB,73.08,4670,73.03,1138025,73.13,1370446
2026-08-13 19:27:18.437009,SUZLON,53.49,8895,53.44,1907530,53.54,2245527
2026-08-13 19:27:18.439007,GMRINFRA,87.93,6614,87.88,1164837,87.98,1093614
2026-08-13 19:27:18.455738,SOUTHBANK,33.71,4089,33.66,2035203,33.76,1285031
2026-08-13 19:27:18.472771,IRB,64.19,11283,64.14,2293783,64.24,1688608
2026-08-13 19:27:18.489827,HFCL,118.47,13321,118.41,1255658,118.53,1502142
2026-08-13 19:27:18.508422,NMDC,221.02,7585,220.91,1102760,221.13,1072898
2026-08-13 19:27:18.522350,TATAPOWER,410.36,10213,410.15,1244527,410.57,1494481
2026-08-13 19:27:18.554661,BHEL,289.89,10667,289.75,2465385,290.03,1844627
2026-08-13 19:27:18.569298,HUDCO,195.73,13352,195.63,2445213,195.83,2495263
2026-08-13 19:27:18.572620,PNB,113.14,7560,113.08,1667128,113.2,2173940
2026-08-13 19:27:18.589136,NHPC,95.23,6434,95.18,2384253,95.28,2001789
2026-08-13 19:27:18.606099,SMALLCAP1,45.38,644,45.33,16666,45.43,17071
2026-08-13 19:27:18.622314,RELIANCE,2810.01,8694,2808.6,1418570,2811.42,1699407
2026-08-13 19:27:18.639793,TCS,3707.46,5528,3705.61,1505951,3709.31,1691979
2026-08-13 19:27:18.655976,INFY,1494.94,14375,1494.19,1063738,1495.69,2023284
2026-08-13 19:27:18.672239,PENNYSTOCK,14.69,13676,14.64,1690273,14.74,1698502
2026-08-13 19:27:33.407553,IDFCFIRSTB,72.98,4306,72.93,1988724,73.03,2421119
2026-08-13 19:27:33.437009,SUZLON,53.47,45122,53.42,1975937,53.52,2441777
2026-08-13 19:27:33.439007,GMRINFRA,87.81,11058,87.76,2106132,87.86,1379851
2026-08-13 19:27:33.455738,SOUTHBANK,33.75,5188,33.7,1127299,33.8,1838108
2026-08-13 19:27:33.472771,IRB,64.03,1922,63.98,2375225,64.08,2177142
2026-08-13 19:27:33.489827,HFCL,118.28,13610,118.22,1292737,118.34,2256014
2026-08-13 19:27:33.508422,NMDC,221.27,1494,221.16,1616984,221.38,1471620
2026-08-13 19:27:33.522350,TATAPOWER,412.02,5196,411.81,2453706,412.23,1927731
2026-08-13 19:27:33.554661,BHEL,289.96,9961,289.82,1524218,290.1,1054196
2026-08-13 19:27:33.569298,HUDCO,195.94,9881,195.84,1239496,196.04,1358621
2026-08-13 19:27:33.572620,PNB,113.38,9373,113.32,1455901,113.44,1510464
2026-08-13 19:27:33.589136,NHPC,94.87,6674,94.82,2383303,94.92,1738231
2026-08-13 19:27:33.606099,SMALLCAP1,45.47,300,45.42,21003,45.52,6565
2026-08-13 19:27:33.622314,RELIANCE,2809.28,11891,2807.88,1380688,2810.68,1716235
2026-08-13 19:27:33.639793,TCS,3705.27,5990,3703.42,1977298,3707.12,1845571
2026-08-13 19:27:33.655976,INFY,1494.9,10731,1494.15,1834711,1495.65,1118042
2026-08-13 19:27:33.672239,PENNYSTOCK,14.68,3063,14.63,1630776,14.73,1294308
2026-08-13 19:27:48.407553,IDFCFIRSTB,72.96,11033,72.91,1676466,73.01,1845268
2026-08-13 19:27:48.437009,SUZLON,53.36,1209,53.31,1428842,53.41,1623603
2026-08-13 19:27:48.439007,GMRINFRA,88.09,7260,88.04,1081967,88.14,1767023
2026-08-13 19:27:48.455738,SOUTHBANK,33.8,4245,33.75,1247858,33.85,1410418
2026-08-13 19:27:48.472771,IRB,63.81,2551,63.76,2283958,63.86,1272148
2026-08-13 19:27:48.489827,HFCL,118.2,9186,118.14,1842575,118.26,1488907
2026-08-13 19:27:48.508422,NMDC,221.76,13595,221.65,1534636,221.87,2153903
2026-08-13 19:27:48.522350,TATAPOWER,411.83,8426,411.62,1698057,412.04,2199925
2026-08-13 19:27:48.554661,BHEL,290.3,11653,290.15,2270942,290.45,2064139
2026-08-13 19:27:48.569298,HUDCO,195.69,8234,195.59,1612570,195.79,2486909
2026-08-13 19:27:48.572620,PNB,113.29,14282,113.23,2093118,113.35,2008138
2026-08-13 19:27:48.589136,NHPC,94.8,67265,94.75,2443614,94.85,2302744
2026-08-13 19:27:48.606099,SMALLCAP1,45.47,695,45.42,21155,45.52,17952
2026-08-13 19:27:48.622314,RELIANCE,2811.24,4651,2809.83,1223107,2812.65,1805522
2026-08-13 19:27:48.639793,TCS,3704.22,2855,3702.37,2054149,3706.07,1472209
2026-08-13 19:27:48.655976,INFY,1495.31,9955,1494.56,1922331,1496.06,1634738
2026-08-13 19:27:48.672239,PENNYSTOCK,14.69,5082,14.64,2456538,14.74,1085583
2026-08-13 19:28:03.407553,IDFCFIRSTB,73.06,11876,73.01,2277234,73.11,1688591
2026-08-13 19:28:03.437009,SUZLON,53.46,13420,53.41,2073462,53.51,1228780
2026-08-13 19:28:03.439007,GMRINFRA,88.22,14142,88.17,2429810,88.27,2061386
2026-08-13 19:28:03.455738,SOUTHBANK,33.8,12599,33.75,1867427,33.85,1244422
2026-08-13 19:28:03.472771,IRB,63.89,13598,63.84,1184879,63.94,1102234
2026-08-13 19:28:03.489827,HFCL,118.22,8767,118.16,2220548,118.28,1626710
2026-08-13 19:28:03.508422,NMDC,221.95,12543,221.84,1985053,222.06,1235204
2026-08-13 19:28:03.522350,TATAPOWER,412.18,11152,411.97,1419108,412.39,1674332
2026-08-13 19:28:03.554661,BHEL,290.87,9864,290.72,1869983,291.02,1871051
2026-08-13 19:28:03.569298,HUDCO,195.47,11111,195.37,1765901,195.57,1610309
2026-08-13 19:28:03.572620,PNB,113.54,9685,113.48,2013711,113.6,1751316
2026-08-13 19:28:03.589136,NHPC,94.75,9175,94.7,1069238,94.8,2090919
2026-08-13 19:28:03.606099,SMALLCAP1,45.55,204,45.5,19578,45.6,22047
2026-08-13 19:28:03.622314,RELIANCE,2811.95,1274,2810.54,2250132,2813.36,1117832
2026-08-13 19:28:03.639793,TCS,3705.14,12189,3703.29,1153546,3706.99,2357374
2026-08-13 19:28:03.655976,INFY,1491.39,11125,1490.64,2166321,1492.14,2339590
2026-08-13 19:28:03.672239,PENNYSTOCK,14.67,3106,14.62,1498478,14.72,2402971
2026-08-13 19:28:18.407553,IDFCFIRSTB,73.3,9906,73.25,1910796,73.35,2223489
2026-08-13 19:28:18.437009,SUZLON,53.48,12137,53.43,1841535,53.53,2490049
2026-08-13 19:28:18.439007,GMRINFRA,87.96,11333,87.91,1976532,88.01,1181226
2026-08-13 19:28:18.455738,SOUTHBANK,33.78,7933,33.73,2004842,33.83,2220287
2026-08-13 19:28:18.472771,IRB,63.76,62328,63.71,1317672,63.81,2184539
2026-08-13 19:28:18.489827,HFCL,118.1,7699,118.04,2227166,118.16,2179632
2026-08-13 19:28:18.508422,NMDC,221.87,6775,221.76,1206160,221.98,2256986
2026-08-13 19:28:18.522350,TATAPOWER,411.94,8441,411.73,2357939,412.15,2071416
2026-08-13 19:28:18.554661,BHEL,291.23,3880,291.08,2447690,291.38,2102952
2026-08-13 19:28:18.569298,HUDCO,194.87,13985,194.77,1292795,194.97,1280375
2026-08-13 19:28:18.572620,PNB,113.82,12433,113.76,1163226,113.88,1451232
2026-08-13 19:28:18.589136,NHPC,94.79,2666,94.74,1062302,94.84,2418821
2026-08-13 19:28:18.606099,SMALLCAP1,45.55,890,45.5,17433,45.6,19435
2026-08-13 19:28:18.622314,RELIANCE,2813.56,5781,2812.15,1742859,2814.97,1341706
2026-08-13 19:28:18.639793,TCS,3696.08,73185,3694.23,1606158,3697.93,2101756
2026-08-13 19:28:18.655976,INFY,1489.85,3712,1489.11,1079452,1490.59,1081794
2026-08-13 19:28:18.672239,PENNYSTOCK,14.66,10192,14.61,2168432,14.71,1651157
2026-08-13 19:28:33.407553,IDFCFIRSTB,73.19,7590,73.14,2063735,73.24,1656170
2026-08-13 19:28:33.437009,SUZLON,53.55,3782,53.5,1245309,53.6,1432971
2026-08-13 19:28:33.439007,GMRINFRA,87.89,6167,87.84,1342833,87.94,2017202
2026-08-13 19:28:33.455738,SOUTHBANK,33.86,7360,33.81,1112032,33.91,1516008
2026-08-13 19:28:33.472771,IRB,63.75,4570,63.7,2439523,63.8,1246262
2026-08-13 19:28:33.489827,HFCL,118.03,6765,117.97,1238483,118.09,2126573
2026-08-13 19:28:33.508422,NMDC,221.97,10798,221.86,2246190,222.08,2296040
2026-08-13 19:28:33.522350,TATAPOWER,411.39,2628,411.18,1523962,411.6,1631331
2026-08-13 19:28:33.554661,BHEL,290.81,7544,290.66,2406561,290.96,1987455
2026-08-13 19:28:33.569298,HUDCO,195.06,2975,194.96,2154700,195.16,1872546
2026-08-13 19:28:33.572620,PNB,113.78,10689,113.72,2177032,113.84,2205087
2026-08-13 19:28:33.589136,NHPC,95.11,13217,95.06,1219008,95.16,2222155
2026-08-13 19:28:33.606099,SMALLCAP1,45.46,964,45.41,12216,45.51,9274
2026-08-13 19:28:33.622314,RELIANCE,2809.07,1965,2807.67,1996992,2810.47,1501860
2026-08-13 19:28:33.639793,TCS,3691.8,7441,3689.95,2242218,3693.65,1061105
2026-08-13 19:28:33.655976,INFY,1490.17,10719,1489.42,2241533,1490.92,1865534
2026-08-13 19:28:33.672239,PENNYSTOCK,14.65,8020,14.6,1949619,14.7,1396267
2026-08-13 19:28:48.407553,IDFCFIRSTB,73.24,5783,73.19,1672669,73.29,1129044
2026-08-13 19:28:48.437009,SUZLON,53.6,11303,53.55,2174392,53.65,2258740
2026-08-13 19:28:48.439007,GMRINFRA,87.85,4372,87.8,1591513,87.9,2235490
2026-08-13 19:28:48.455738,SOUTHBANK,33.82,1315,33.77,1955838,33.87,2458693
2026-08-13 19:28:48.472771,IRB,63.66,12278,63.61,1506277,63.71,2354218
2026-08-13 19:28:48.489827,HFCL,118.01,12284,117.95,1365894,118.07,1388007
2026-08-13 19:28:48.508422,NMDC,221.38,6477,221.27,2306325,221.49,2440657
2026-08-13 19:28:48.522350,TATAPOWER,411.77,11702,411.56,2258055,411.98,1454810
2026-08-13 19:28:48.554661,BHEL,291.68,7225,291.53,1243145,291.83,1178225
2026-08-13 19:28:48.569298,HUDCO,195.08,4175,194.98,2086572,195.18,1451990
2026-08-13 19:28:48.572620,PNB,113.78,1775,113.72,2240809,113.84,1517716
2026-08-13 19:28:48.589136,NHPC,95.12,794,95.07,1385667,95.17,2477108
2026-08-13 19:28:48.606099,SMALLCAP1,45.5,537,45.45,11147,45.55,19884
2026-08-13 19:28:48.622314,RELIANCE,2808.86,11218,2807.46,2039111,2810.26,1984971
2026-08-13 19:28:48.639793,TCS,3689.83,13789,3687.99,2462331,3691.67,1164283
2026-08-13 19:28:48.655976,INFY,1489.09,7488,1488.35,1365791,1489.83,1628562
2026-08-13 19:28:48.672239,PENNYSTOCK,14.66,9393,14.61,1699582,14.71,1600723
2026-08-13 19:29:03.407553,IDFCFIRSTB,73.32,1763,73.27,1127180,73.37,2091893
2026-08-13 19:29:03.437009,SUZLON,53.81,12454,53.76,2097233,53.86,1215395
2026-08-13 19:29:03.439007,GMRINFRA,87.9,12404,87.85,1883251,87.95,1127168
2026-08-13 19:29:03.455738,SOUTHBANK,33.79,12895,33.74,1067675,33.84,1661523
2026-08-13 19:29:03.472771,IRB,63.56,5880,63.51,1715392,63.61,2206432
2026-08-13 19:29:03.489827,HFCL,118.11,8750,118.05,1708504,118.17,1362765
2026-08-13 19:29:03.508422,NMDC,221.14,6574,221.03,1130528,221.25,1981991
2026-08-13 19:29:03.522350,TATAPOWER,411.38,4326,411.17,1782632,411.59,2351821
2026-08-13 19:29:03.554661,BHEL,291.29,6041,291.14,1540434,291.44,1982990
2026-08-13 19:29:03.569298,HUDCO,195.17,14661,195.07,2048776,195.27,1773037
2026-08-13 19:29:03.572620,PNB,113.52,3557,113.46,1267299,113.58,2482387
2026-08-13 19:29:03.589136,NHPC,95.04,5375,94.99,2206953,95.09,1473846
2026-08-13 19:29:03.606099,SMALLCAP1,45.49,121,45.44,9851,45.54,17325
2026-08-13 19:29:03.622314,RELIANCE,2812.4,11795,2810.99,1253923,2813.81,2320962
2026-08-13 19:29:03.639793,TCS,3692.76,2239,3690.91,1112497,3694.61,1495853
2026-08-13 19:29:03.655976,INFY,1486.5,12162,1485.76,1965191,1487.24,1562196
2026-08-13 19:29:03.672239,PENNYSTOCK,14.65,10204,14.6,2151089,14.7,1294760
2026-08-13 19:29:18.407553,IDFCFIRSTB,73.38,8978,73.33,1836380,73.43,1786598
2026-08-13 19:29:18.437009,SUZLON,53.78,7341,53.73,1185370,53.83,1426545
2026-08-13 19:29:18.439007,GMRINFRA,88.05,2000,88.0,2465079,88.1,2108947
2026-08-13 19:29:18.455738,SOUTHBANK,33.82,2200,33.77,1742933,33.87,1685600
2026-08-13 19:29:18.472771,IRB,63.51,7292,63.46,1711344,63.56,1509770
2026-08-13 19:29:18.489827,HFCL,118.36,13497,118.3,1575724,118.42,1226297
2026-08-13 19:29:18.508422,NMDC,220.74,9552,220.63,2420055,220.85,2116086
2026-08-13 19:29:18.522350,TATAPOWER,411.18,10366,410.97,1700390,411.39,1745604
2026-08-13 19:29:18.554661,BHEL,291.18,1156,291.03,1522478,291.33,1849047
2026-08-13 19:29:18.569298,HUDCO,195.15,7154,195.05,1245790,195.25,1989442
2026-08-13 19:29:18.572620,PNB,113.5,10247,113.44,1431591,113.56,1755693
2026-08-13 19:29:18.589136,NHPC,94.96,1679,94.91,2415472,95.01,1548985
2026-08-13 19:29:18.606099,SMALLCAP1,45.63,909,45.58,11934,45.68,6542
2026-08-13 19:29:18.622314,RELIANCE,2819.5,11886,2818.09,2407772,2820.91,2448062
2026-08-13 19:29:18.639793,TCS,3689.82,12663,3687.98,1446232,3691.66,1478940
2026-08-13 19:29:18.655976,INFY,1487.98,2535,1487.24,1309545,1488.72,1909167
2026-08-13 19:29:18.672239,PENNYSTOCK,14.6,3722,14.55,1240743,14.65,2329962
2026-08-13 19:29:33.407553,IDFCFIRSTB,73.32,9034,73.27,1300690,73.37,2054284
2026-08-13 19:29:33.437009,SUZLON,53.61,8566,53.56,1441311,53.66,1359140
2026-08-13 19:29:33.439007,GMRINFRA,88.09,6389,88.04,1854401,88.14,1674447
2026-08-13 19:29:33.455738,SOUTHBANK,33.82,9984,33.77,2493695,33.87,1849081
2026-08-13 19:29:33.472771,IRB,63.66,4538,63.61,2384888,63.71,2481809
2026-08-13 19:29:33.489827,HFCL,118.22,4660,118.16,1862593,118.28,2475417
2026-08-13 19:29:33.508422,NMDC,221.09,6968,220.98,1923586,221.2,1283428
2026-08-13 19:29:33.522350,TATAPOWER,411.2,13995,410.99,2208020,411.41,1722229
2026-08-13 19:29:33.554661,BHEL,291.66,12178,291.51,2100097,291.81,2190132
2026-08-13 19:29:33.569298,HUDCO,195.01,9695,194.91,1706385,195.11,1290339
2026-08-13 19:29:33.572620,PNB,113.34,4406,113.28,1333471,113.4,2086517
2026-08-13 19:29:33.589136,NHPC,94.97,11938,94.92,2245729,95.02,2122016
2026-08-13 19:29:33.606099,SMALLCAP1,45.66,814,45.61,12431,45.71,13132
2026-08-13 19:29:33.622314,RELIANCE,2817.67,13613,2816.26,1204359,2819.08,1296122
2026-08-13 19:29:33.639793,TCS,3689.95,5177,3688.11,1138870,3691.79,1621312
2026-08-13 19:29:33.655976,INFY,1490.67,8694,1489.92,1452222,1491.42,1662743
2026-08-13 19:29:33.672239,PENNYSTOCK,14.64,11693,14.59,1445793,14.69,2399094
2026-08-13 19:29:48.407553,IDFCFIRSTB,73.25,3107,73.2,1641579,73.3,2037202
2026-08-13 19:29:48.437009,SUZLON,53.8,2104,53.75,1768692,53.85,2455873
2026-08-13 19:29:48.439007,GMRINFRA,88.19,10063,88.14,1947209,88.24,1286571
2026-08-13 19:29:48.455738,SOUTHBANK,33.85,10293,33.8,1873056,33.9,1822191
2026-08-13 19:29:48.472771,IRB,63.66,3064,63.61,2452827,63.71,1873494
2026-08-13 19:29:48.489827,HFCL,118.35,12008,118.29,1992225,118.41,2365946
2026-08-13 19:29:48.508422,NMDC,221.05,7795,220.94,1636506,221.16,2362643
2026-08-13 19:29:48.522350,TATAPOWER,411.87,1154,411.66,2089159,412.08,2414614
2026-08-13 19:29:48.554661,BHEL,292.34,3552,292.19,1764665,292.49,1938717
2026-08-13 19:29:48.569298,HUDCO,195.41,10464,195.31,1356642,195.51,2177227
2026-08-13 19:29:48.572620,PNB,113.3,5128,113.24,1453455,113.36,1803927
2026-08-13 19:29:48.589136,NHPC,95.14,11780,95.09,1342832,95.19,2114411
2026-08-13 19:29:48.606099,SMALLCAP1,45.84,683,45.79,10815,45.89,10570
2026-08-13 19:29:48.622314,RELIANCE,2812.75,5895,2811.34,1406618,2814.16,1233752
2026-08-13 19:29:48.639793,TCS,3694.53,11960,3692.68,1867532,3696.38,1123586
2026-08-13 19:29:48.655976,INFY,1489.58,14870,1488.84,2334510,1490.32,1971762
2026-08-13 19:29:48.672239,PENNYSTOCK,14.64,7739,14.59,1760937,14.69,2420895
2026-08-13 19:30:03.407553,IDFCFIRSTB,73.39,3172,73.34,1353642,73.44,2057833
2026-08-13 19:30:03.437009,SUZLON,53.78,12584,53.73,2027008,53.83,2184353
2026-08-13 19:30:03.439007,GMRINFRA,88.26,10503,88.21,1328768,88.31,1842322
2026-08-13 19:30:03.455738,SOUTHBANK,33.85,858,33.8,2125871,33.9,2464573
2026-08-13 19:30:03.472771,IRB,63.6,9032,63.55,1282247,63.65,2412721
2026-08-13 19:30:03.489827,HFCL,118.04,10959,117.98,2445924,118.1,2302067
2026-08-13 19:30:03.508422,NMDC,221.14,11583,221.03,1751052,221.25,1190424
2026-08-13 19:30:03.522350,TATAPOWER,411.98,1945,411.77,1352821,412.19,1192286
2026-08-13 19:30:03.554661,BHEL,292.05,10006,291.9,1842352,292.2,1908766
2026-08-13 19:30:03.569298,HUDCO,195.37,1160,195.27,1113934,195.47,1363207
2026-08-13 19:30:03.572620,PNB,113.28,8441,113.22,1927001,113.34,2323101
2026-08-13 19:30:03.589136,NHPC,95.09,4965,95.04,1419515,95.14,2016420
2026-08-13 19:30:03.606099,SMALLCAP1,45.75,895,45.7,24577,45.8,14692
2026-08-13 19:30:03.622314,RELIANCE,2813.54,2941,2812.13,1843520,2814.95,2366448
2026-08-13 19:30:03.639793,TCS,3696.71,3960,3694.86,2072279,3698.56,1317426
2026-08-13 19:30:03.655976,INFY,1490.21,7082,1489.46,2173466,1490.96,1380436
2026-08-13 19:30:03.672239,PENNYSTOCK,14.65,122430,14.6,1588901,14.7,1272825
2026-08-13 19:30:18.407553,IDFCFIRSTB,73.5,10162,73.45,2003672,73.55,2281072
2026-08-13 19:30:18.437009,SUZLON,53.87,5457,53.82,1595115,53.92,2295368
2026-08-13 19:30:18.439007,GMRINFRA,88.44,54730,88.39,1961055,88.49,2190428
2026-08-13 19:30:18.455738,SOUTHBANK,33.82,13874,33.77,2422619,33.87,1966139
2026-08-13 19:30:18.472771,IRB,63.55,6743,63.5,1755624,63.6,2245209
2026-08-13 19:30:18.489827,HFCL,118.01,12967,117.95,1769506,118.07,1399374
2026-08-13 19:30:18.508422,NMDC,221.57,8710,221.46,1309388,221.68,2410521
2026-08-13 19:30:18.522350,TATAPOWER,411.19,7874,410.98,1540736,411.4,1805527
2026-08-13 19:30:18.554661,BHEL,293.19,1993,293.04,1485481,293.34,1284780
2026-08-13 19:30:18.569298,HUDCO,195.42,581,195.32,1759995,195.52,1604052
2026-08-13 19:30:18.572620,PNB,113.42,6524,113.36,1287545,113.48,1313112
2026-08-13 19:30:18.589136,NHPC,95.02,5626,94.97,1163267,95.07,1080219
2026-08-13 19:30:18.606099,SMALLCAP1,45.73,126,45.68,17072,45.78,16142
2026-08-13 19:30:18.622314,RELIANCE,2808.2,3525,2806.8,2004304,2809.6,2422896
2026-08-13 19:30:18.639793,TCS,3698.15,8495,3696.3,1292996,3700.0,1216552
2026-08-13 19:30:18.655976,INFY,1489.37,13504,1488.63,1770062,1490.11,1787347
2026-08-13 19:30:18.672239,PENNYSTOCK,14.65,10051,14.6,2323506,14.7,1810969
2026-08-13 19:30:33.407553,IDFCFIRSTB,73.32,7436,73.27,1430841,73.37,1359528
2026-08-13 19:30:33.437009,SUZLON,53.9,12142,53.85,1311035,53.95,2496420
2026-08-13 19:30:33.439007,GMRINFRA,88.51,649,88.46,2137456,88.56,2115906
2026-08-13 19:30:33.455738,SOUTHBANK,33.8,3572,33.75,1672805,33.85,2222074
2026-08-13 19:30:33.472771,IRB,63.61,2611,63.56,2473571,63.66,1435803
2026-08-13 19:30:33.489827,HFCL,117.91,8081,117.85,1731365,117.97,2070475
2026-08-13 19:30:33.508422,NMDC,221.23,9580,221.12,2370387,221.34,2111399
2026-08-13 19:30:33.522350,TATAPOWER,411.87,4094,411.66,1781474,412.08,1726512
2026-08-13 19:30:33.554661,BHEL,292.35,3216,292.2,1759783,292.5,2312192
2026-08-13 19:30:33.569298,HUDCO,194.94,3427,194.84,1689011,195.04,1911414
2026-08-13 19:30:33.572620,PNB,113.17,5518,113.11,1435035,113.23,1122179
2026-08-13 19:30:33.589136,NHPC,95.25,11143,95.2,1717842,95.3,1977045
2026-08-13 19:30:33.606099,SMALLCAP1,45.72,95,45.67,24421,45.77,22508
2026-08-13 19:30:33.622314,RELIANCE,2809.57,14291,2808.17,1315990,2810.97,1756402
2026-08-13 19:30:33.639793,TCS,3700.29,12693,3698.44,2462594,3702.14,1946676
2026-08-13 19:30:33.655976,INFY,1492.2,7635,1491.45,1738514,1492.95,1665676
2026-08-13 19:30:33.672239,PENNYSTOCK,14.62,62080,14.57,1493168,14.67,1103319
2026-08-13 19:30:48.407553,IDFCFIRSTB,73.37,1398,73.32,1710277,73.42,1436324
2026-08-13 19:30:48.437009,SUZLON,54.01,10002,53.96,1701814,54.06,1869881
2026-08-13 19:30:48.439007,GMRINFRA,88.33,10555,88.28,2144626,88.38,1189240
2026-08-13 19:30:48.455738,SOUTHBANK,33.85,4463,33.8,2051577,33.9,1844330
2026-08-13 19:30:48.472771,IRB,63.83,13535,63.78,2183337,63.88,2495045
2026-08-13 19:30:48.489827,HFCL,118.06,3738,118.0,1687145,118.12,1180637
2026-08-13 19:30:48.508422,NMDC,221.66,3641,221.55,2363078,221.77,1973515
2026-08-13 19:30:48.522350,TATAPOWER,411.5,734,411.29,1097754,411.71,2390439
2026-08-13 19:30:48.554661,BHEL,292.32,14842,292.17,2276753,292.47,1312539
2026-08-13 19:30:48.569298,HUDCO,194.54,2929,194.44,1838348,194.64,1255800
2026-08-13 19:30:48.572620,PNB,113.38,1631,113.32,2445171,113.44,1740432
2026-08-13 19:30:48.589136,NHPC,95.33,4824,95.28,1561890,95.38,2087867
2026-08-13 19:30:48.606099,SMALLCAP1,45.7,104,45.65,10415,45.75,12858
2026-08-13 19:30:48.622314,RELIANCE,2811.68,5617,2810.27,1984217,2813.09,1519159
2026-08-13 19:30:48.639793,TCS,3700.82,11393,3698.97,1777596,3702.67,1176013
2026-08-13 19:30:48.655976,INFY,1491.41,13231,1490.66,1902807,1492.16,1690706
2026-08-13 19:30:48.672239,PENNYSTOCK,14.6,5905,14.55,2108449,14.65,2143508
2026-08-13 19:31:03.407553,IDFCFIRSTB,73.35,2539,73.3,1055961,73.4,2213436
2026-08-13 19:31:03.437009,SUZLON,53.99,6527,53.94,2497814,54.04,1641983
2026-08-13 19:31:03.439007,GMRINFRA,88.36,6058,88.31,2069417,88.41,2389260
2026-08-13 19:31:03.455738,SOUTHBANK,33.82,3844,33.77,2423646,33.87,1849970
2026-08-13 19:31:03.472771,IRB,63.8,2065,63.75,1535191,63.85,2418936
2026-08-13 19:31:03.489827,HFCL,118.17,13573,118.11,2356240,118.23,1171593
2026-08-13 19:31:03.508422,NMDC,222.43,1307,222.32,1274229,222.54,1413087
2026-08-13 19:31:03.522350,TATAPOWER,411.23,2794,411.02,2215067,411.44,2477814
2026-08-13 19:31:03.554661,BHEL,292.17,1284,292.02,1844275,292.32,1715917
2026-08-13 19:31:03.569298,HUDCO,194.69,2264,194.59,2180494,194.79,2077196
2026-08-13 19:31:03.572620,PNB,113.44,831,113.38,2340211,113.5,1799415
2026-08-13 19:31:03.589136,NHPC,95.35,12872,95.3,1441280,95.4,1359689
2026-08-13 19:31:03.606099,SMALLCAP1,45.72,354,45.67,24348,45.77,5708
2026-08-13 19:31:03.622314,RELIANCE,2805.29,13356,2803.89,1122211,2806.69,2289149
2026-08-13 19:31:03.639793,TCS,3707.28,12114,3705.43,1380824,3709.13,2298128
2026-08-13 19:31:03.655976,INFY,1492.38,2447,1491.63,2116148,1493.13,1539101
2026-08-13 19:31:03.672239,PENNYSTOCK,14.58,10693,14.53,1869553,14.63,2118478
2026-08-13 19:31:18.407553,IDFCFIRSTB,73.3,7534,73.25,2164994,73.35,2194747
2026-08-13 19:31:18.437009,SUZLON,54.05,5812,54.0,1815446,54.1,1680405
2026-08-13 19:31:18.439007,GMRINFRA,88.37,6868,88.32,2488799,88.42,2271137
2026-08-13 19:31:18.455738,SOUTHBANK,33.89,12710,33.84,1841395,33.94,1213891
2026-08-13 19:31:18.472771,IRB,63.83,7298,63.78,1904945,63.88,1800751
2026-08-13 19:31:18.489827,HFCL,118.31,2878,118.25,1408470,118.37,2215564
2026-08-13 19:31:18.508422,NMDC,222.06,9418,221.95,1784154,222.17,1717707
2026-08-13 19:31:18.522350,TATAPOWER,411.42,7988,411.21,1640644,411.63,1115813
2026-08-13 19:31:18.554661,BHEL,292.05,10593,291.9,1227145,292.2,1649561
2026-08-13 19:31:18.569298,HUDCO,194.61,8150,194.51,1933876,194.71,2108316
2026-08-13 19:31:18.572620,PNB,113.76,3439,113.7,1286353,113.82,1303012
2026-08-13 19:31:18.589136,NHPC,95.55,1303,95.5,1911705,95.6,2144607
2026-08-13 19:31:18.606099,SMALLCAP1,45.75,77,45.7,9472,45.8,17362
2026-08-13 19:31:18.622314,RELIANCE,2809.58,8756,2808.18,1363316,2810.98,1823217
2026-08-13 19:31:18.639793,TCS,3708.91,8056,3707.06,1660210,3710.76,1422190
2026-08-13 19:31:18.655976,INFY,1491.79,10927,1491.04,1906083,1492.54,2097249
2026-08-13 19:31:18.672239,PENNYSTOCK,14.56,3823,14.51,1173678,14.61,1814093
2026-08-13 19:31:33.407553,IDFCFIRSTB,73.18,12089,73.13,2131089,73.23,1324191
2026-08-13 19:31:33.437009,SUZLON,53.93,1514,53.88,1513695,53.98,1911721
2026-08-13 19:31:33.439007,GMRINFRA,88.36,10573,88.31,1373572,88.41,2465162
2026-08-13 19:31:33.455738,SOUTHBANK,33.97,5790,33.92,1495927,34.02,2424452
2026-08-13 19:31:33.472771,IRB,63.79,2672,63.74,1947859,63.84,1389243
2026-08-13 19:31:33.489827,HFCL,118.72,7392,118.66,1279486,118.78,1314395
2026-08-13 19:31:33.508422,NMDC,222.3,4329,222.19,1480693,222.41,1471863
2026-08-13 19:31:33.522350,TATAPOWER,410.94,14910,410.73,1954065,411.15,1636210
2026-08-13 19:31:33.554661,BHEL,291.98,878,291.83,2263999,292.13,1213579
2026-08-13 19:31:33.569298,HUDCO,194.81,8606,194.71,2058774,194.91,1124163
2026-08-13 19:31:33.572620,PNB,114.03,3781,113.97,1925626,114.09,1291026
2026-08-13 19:31:33.589136,NHPC,95.53,14240,95.48,1257738,95.58,1233463
2026-08-13 19:31:33.606099,SMALLCAP1,45.79,770,45.74,5512,45.84,23285
2026-08-13 19:31:33.622314,RELIANCE,2807.02,2960,2805.62,1720838,2808.42,1480561
2026-08-13 19:31:33.639793,TCS,3699.75,14674,3697.9,1177147,3701.6,1229476
2026-08-13 19:31:33.655976,INFY,1493.86,2589,1493.11,1247660,1494.61,2191833
2026-08-13 19:31:33.672239,PENNYSTOCK,14.57,5830,14.52,1643579,14.62,2152314
2026-08-13 19:31:48.407553,IDFCFIRSTB,73.01,12101,72.96,1067071,73.06,1560543
2026-08-13 19:31:48.437009,SUZLON,53.85,14322,53.8,1432840,53.9,1267944
2026-08-13 19:31:48.439007,GMRINFRA,88.29,8955,88.24,2093761,88.34,2201659
2026-08-13 19:31:48.455738,SOUTHBANK,33.94,4511,33.89,1988817,33.99,1857507
2026-08-13 19:31:48.472771,IRB,63.81,3158,63.76,2310180,63.86,1276280
2026-08-13 19:31:48.489827,HFCL,118.83,91900,118.77,2034612,118.89,1704647
2026-08-13 19:31:48.508422,NMDC,222.12,2131,222.01,1800658,222.23,1694498
2026-08-13 19:31:48.522350,TATAPOWER,410.49,7001,410.28,1774480,410.7,2411938
2026-08-13 19:31:48.554661,BHEL,292.95,6684,292.8,2365787,293.1,2448314
2026-08-13 19:31:48.569298,HUDCO,194.56,5182,194.46,1637645,194.66,1104374
2026-08-13 19:31:48.572620,PNB,113.83,6605,113.77,1949039,113.89,1233180
2026-08-13 19:31:48.589136,NHPC,95.48,3224,95.43,2486433,95.53,2319707
2026-08-13 19:31:48.606099,SMALLCAP1,45.79,537,45.74,6969,45.84,17807
2026-08-13 19:31:48.622314,RELIANCE,2804.98,13329,2803.58,1480604,2806.38,1483518
2026-08-13 19:31:48.639793,TCS,3704.22,12930,3702.37,2103573,3706.07,2050117
2026-08-13 19:31:48.655976,INFY,1496.05,9010,1495.3,1606799,1496.8,2324503
2026-08-13 19:31:48.672239,PENNYSTOCK,14.58,521,14.53,1766973,14.63,2046185
2026-08-13 19:32:03.407553,IDFCFIRSTB,72.79,8292,72.74,1525710,72.84,1106324
2026-08-13 19:32:03.437009,SUZLON,53.88,11263,53.83,1650964,53.93,1075365
2026-08-13 19:32:03.439007,GMRINFRA,88.2,9709,88.15,1874550,88.25,1841055
2026-08-13 19:32:03.455738,SOUTHBANK,33.92,13697,33.87,1869180,33.97,1980241
2026-08-13 19:32:03.472771,IRB,63.97,10772,63.92,2457172,64.02,2205265
2026-08-13 19:32:03.489827,HFCL,118.86,4143,118.8,1862996,118.92,1621332
2026-08-13 19:32:03.508422,NMDC,222.59,3342,222.48,2013027,222.7,2376516
2026-08-13 19:32:03.522350,TATAPOWER,411.88,13162,411.67,2397848,412.09,1279712
2026-08-13 19:32:03.554661,BHEL,293.11,6612,292.96,2057154,293.26,1459127
2026-08-13 19:32:03.569298,HUDCO,194.83,13762,194.73,2361649,194.93,1063720
2026-08-13 19:32:03.572620,PNB,113.55,5549,113.49,2097134,113.61,2287218
2026-08-13 19:32:03.589136,NHPC,95.43,12784,95.38,1276075,95.48,2151251
2026-08-13 19:32:03.606099,SMALLCAP1,45.81,601,45.76,10080,45.86,14647
2026-08-13 19:32:03.622314,RELIANCE,2799.75,45760,2798.35,2114523,2801.15,2119607
2026-08-13 19:32:03.639793,TCS,3700.69,1712,3698.84,2379458,3702.54,1726579
2026-08-13 19:32:03.655976,INFY,1494.67,4329,1493.92,1791946,1495.42,1711608
2026-08-13 19:32:03.672239,PENNYSTOCK,14.54,9937,14.49,1444619,14.59,1958696
2026-08-13 19:32:18.407553,IDFCFIRSTB,72.88,4807,72.83,2446266,72.93,1908545
2026-08-13 19:32:18.437009,SUZLON,53.97,3701,53.92,1440286,54.02,1975211
2026-08-13 19:32:18.439007,GMRINFRA,88.41,11230,88.36,2269466,88.46,1931309
2026-08-13 19:32:18.455738,SOUTHBANK,33.92,9466,33.87,2383314,33.97,1148964
2026-08-13 19:32:18.472771,IRB,63.83,8813,63.78,1995599,63.88,1367393
2026-08-13 19:32:18.489827,HFCL,118.88,4101,118.82,1529698,118.94,1149535
2026-08-13 19:32:18.508422,NMDC,222.44,1707,222.33,2079738,222.55,2367090
2026-08-13 19:32:18.522350,TATAPOWER,413.19,8678,412.98,1753524,413.4,1166744
2026-08-13 19:32:18.554661,BHEL,293.26,6787,293.11,1986758,293.41,1508224
2026-08-13 19:32:18.569298,HUDCO,194.72,1818,194.62,2051029,194.82,2144580
2026-08-13 19:32:18.572620,PNB,113.6,4046,113.54,1770859,113.66,1091417
2026-08-13 19:32:18.589136,NHPC,95.17,3196,95.12,1963562,95.22,1716440
2026-08-13 19:32:18.606099,SMALLCAP1,45.72,353,45.67,22383,45.77,23302
2026-08-13 19:32:18.622314,RELIANCE,2798.72,12579,2797.32,1986263,2800.12,1336397
2026-08-13 19:32:18.639793,TCS,3709.23,1803,3707.38,2220903,3711.08,2473721
2026-08-13 19:32:18.655976,INFY,1494.14,7443,1493.39,2195667,1494.89,1805150
2026-08-13 19:32:18.672239,PENNYSTOCK,14.51,2204,14.46,1224907,14.56,2073913
2026-08-13 19:32:33.407553,IDFCFIRSTB,73.05,10320,73.0,1521051,73.1,1092535
2026-08-13 19:32:33.437009,SUZLON,53.95,3158,53.9,2268726,54.0,1575412
2026-08-13 19:32:33.439007,GMRINFRA,88.4,2529,88.35,1937444,88.45,1972649
2026-08-13 19:32:33.455738,SOUTHBANK,33.9,9153,33.85,1911026,33.95,1730895
2026-08-13 19:32:33.472771,IRB,63.89,1000,63.84,1576650,63.94,2350767
2026-08-13 19:32:33.489827,HFCL,119.03,13160,118.97,1818393,119.09,1648683
2026-08-13 19:32:33.508422,NMDC,222.38,12262,222.27,2479875,222.49,1699273
2026-08-13 19:32:33.522350,TATAPOWER,412.31,7306,412.1,2180801,412.52,1337231
2026-08-13 19:32:33.554661,BHEL,292.93,3763,292.78,1842121,293.08,1472266
2026-08-13 19:32:33.569298,HUDCO,194.54,10860,194.44,2465827,194.64,1163432
2026-08-13 19:32:33.572620,PNB,113.64,4361,113.58,1746677,113.7,1476377
2026-08-13 19:32:33.589136,NHPC,95.0,6976,94.95,2052021,95.05,2430197
2026-08-13 19:32:33.606099,SMALLCAP1,45.76,331,45.71,24466,45.81,5080
2026-08-13 19:32:33.622314,RELIANCE,2801.84,117864,2800.44,1615383,2803.24,2356366
2026-08-13 19:32:33.639793,TCS,3712.86,14953,3711.0,1571194,3714.72,1435558
2026-08-13 19:32:33.655976,INFY,1494.31,500,1493.56,1994109,1495.06,1178016
2026-08-13 19:32:33.672239,PENNYSTOCK,14.52,6524,14.47,1353641,14.57,1944904
2026-08-13 19:32:48.407553,IDFCFIRSTB,73.02,2968,72.97,1061570,73.07,2394808
2026-08-13 19:32:48.437009,SUZLON,53.97,12182,53.92,2380716,54.02,2456712
2026-08-13 19:32:48.439007,GMRINFRA,88.37,92400,88.32,1293251,88.42,1716867
2026-08-13 19:32:48.455738,SOUTHBANK,33.81,9328,33.76,1351701,33.86,1447939
2026-08-13 19:32:48.472771,IRB,63.82,708,63.77,1943187,63.87,1628323
2026-08-13 19:32:48.489827,HFCL,118.86,4184,118.8,2478294,118.92,1259905
2026-08-13 19:32:48.508422,NMDC,222.3,6299,222.19,2469195,222.41,2202691
2026-08-13 19:32:48.522350,TATAPOWER,412.37,7847,412.16,1569493,412.58,1840103
2026-08-13 19:32:48.554661,BHEL,293.3,8833,293.15,1285644,293.45,1900242
2026-08-13 19:32:48.569298,HUDCO,194.39,1626,194.29,1709654,194.49,2034391
2026-08-13 19:32:48.572620,PNB,113.47,14424,113.41,2296960,113.53,1056293
2026-08-13 19:32:48.589136,NHPC,95.21,3185,95.16,1551361,95.26,2170305
2026-08-13 19:32:48.606099,SMALLCAP1,45.64,603,45.59,24439,45.69,8051
2026-08-13 19:32:48.622314,RELIANCE,2808.92,5508,2807.52,1916491,2810.32,1252777
2026-08-13 19:32:48.639793,TCS,3715.18,14844,3713.32,1798025,3717.04,2132657
2026-08-13 19:32:48.655976,INFY,1494.09,1713,1493.34,1616714,1494.84,1385327
2026-08-13 19:32:48.672239,PENNYSTOCK,14.55,10838,14.5,2259548,14.6,1267882
2026-08-13 19:33:03.407553,IDFCFIRSTB,73.11,14334,73.06,1276758,73.16,2217353
2026-08-13 19:33:03.437009,SUZLON,54.12,5183,54.07,1161141,54.17,2078117
2026-08-13 19:33:03.439007,GMRINFRA,88.45,1061,88.4,1855283,88.5,2014330
2026-08-13 19:33:03.455738,SOUTHBANK,33.82,1781,33.77,1957133,33.87,1226950
2026-08-13 19:33:03.472771,IRB,63.85,4861,63.8,1912787,63.9,2211050
2026-08-13 19:33:03.489827,HFCL,119.01,12209,118.95,2447166,119.07,1407727
2026-08-13 19:33:03.508422,NMDC,222.68,8265,222.57,1096871,222.79,2299415
2026-08-13 19:33:03.522350,TATAPOWER,412.42,5235,412.21,2481338,412.63,1775956
2026-08-13 19:33:03.554661,BHEL,293.44,14891,293.29,1064013,293.59,1845252
2026-08-13 19:33:03.569298,HUDCO,193.96,11108,193.86,1847865,194.06,2052077
2026-08-13 19:33:03.572620,PNB,113.39,5809,113.33,2259283,113.45,2390932
2026-08-13 19:33:03.589136,NHPC,95.21,8230,95.16,2217839,95.26,1956020
2026-08-13 19:33:03.606099,SMALLCAP1,45.64,710,45.59,13351,45.69,22005
2026-08-13 19:33:03.622314,RELIANCE,2809.42,4383,2808.02,1590874,2810.82,2440659
2026-08-13 19:33:03.639793,TCS,3725.93,11495,3724.07,1870045,3727.79,1308403
2026-08-13 19:33:03.655976,INFY,1495.51,12706,1494.76,2120852,1496.26,2248952
2026-08-13 19:33:03.672239,PENNYSTOCK,14.58,11168,14.53,1915376,14.63,2353460
2026-08-13 19:33:18.407553,IDFCFIRSTB,73.21,11652,73.16,1502787,73.26,1140717
2026-08-13 19:33:18.437009,SUZLON,54.09,13866,54.04,2403119,54.14,1304440
2026-08-13 19:33:18.439007,GMRINFRA,88.52,10520,88.47,2404052,88.57,2245002
2026-08-13 19:33:18.455738,SOUTHBANK,33.81,4499,33.76,2347370,33.86,1407459
2026-08-13 19:33:18.472771,IRB,63.94,14700,63.89,1860837,63.99,1746204
2026-08-13 19:33:18.489827,HFCL,118.96,6774,118.9,2437868,119.02,1766070
2026-08-13 19:33:18.508422,NMDC,222.47,9901,222.36,2053872,222.58,2321138
2026-08-13 19:33:18.522350,TATAPOWER,412.91,2894,412.7,1498512,413.12,1462148
2026-08-13 19:33:18.554661,BHEL,293.68,3516,293.53,1992946,293.83,1784325
2026-08-13 19:33:18.569298,HUDCO,194.11,9741,194.01,1414782,194.21,2180485
2026-08-13 19:33:18.572620,PNB,113.44,10243,113.38,1571402,113.5,1777231
2026-08-13 19:33:18.589136,NHPC,95.18,12763,95.13,1269532,95.23,1724533
2026-08-13 19:33:18.606099,SMALLCAP1,45.7,664,45.65,5295,45.75,5927
2026-08-13 19:33:18.622314,RELIANCE,2816.25,11447,2814.84,2198130,2817.66,1387898
2026-08-13 19:33:18.639793,TCS,3728.16,2798,3726.3,1471838,3730.02,1800056
2026-08-13 19:33:18.655976,INFY,1496.02,5230,1495.27,2315178,1496.77,2459271
2026-08-13 19:33:18.672239,PENNYSTOCK,14.61,10144,14.56,1985819,14.66,1507420
2026-08-13 19:33:33.407553,IDFCFIRSTB,73.02,806,72.97,1787736,73.07,1371750
2026-08-13 19:33:33.437009,SUZLON,54.05,10096,54.0,1764895,54.1,2288326
2026-08-13 19:33:33.439007,GMRINFRA,88.5,3975,88.45,1154089,88.55,2340900
2026-08-13 19:33:33.455738,SOUTHBANK,33.89,8766,33.84,1380471,33.94,2295505
2026-08-13 19:33:33.472771,IRB,63.9,5783,63.85,1270507,63.95,1362216
2026-08-13 19:33:33.489827,HFCL,119.07,13464,119.01,1221055,119.13,2002252
2026-08-13 19:33:33.508422,NMDC,222.66,659,222.55,1998553,222.77,2320299
2026-08-13 19:33:33.522350,TATAPOWER,412.69,4938,412.48,1710377,412.9,1591943
2026-08-13 19:33:33.554661,BHEL,294.13,9273,293.98,1917981,294.28,1434549
2026-08-13 19:33:33.569298,HUDCO,194.01,6621,193.91,1988348,194.11,1994456
2026-08-13 19:33:33.572620,PNB,113.36,6913,113.3,2388090,113.42,1687165
2026-08-13 19:33:33.589136,NHPC,95.18,4439,95.13,1326792,95.23,2280415
2026-08-13 19:33:33.606099,SMALLCAP1,45.62,423,45.57,14218,45.67,9970
2026-08-13 19:33:33.622314,RELIANCE,2810.59,1272,2809.18,1053357,2812.0,1256629
2026-08-13 19:33:33.639793,TCS,3726.56,14147,3724.7,2263231,3728.42,2120496
2026-08-13 19:33:33.655976,INFY,1494.22,1618,1493.47,1785172,1494.97,2300796
2026-08-13 19:33:33.672239,PENNYSTOCK,14.59,11779,14.54,2127879,14.64,2013392
2026-08-13 19:33:48.407553,IDFCFIRSTB,73.01,5669,72.96,1327135,73.06,1163327
2026-08-13 19:33:48.437009,SUZLON,54.13,10309,54.08,1610421,54.18,1445258
2026-08-13 19:33:48.439007,GMRINFRA,88.39,2637,88.34,1644039,88.44,1457202
2026-08-13 19:33:48.455738,SOUTHBANK,33.85,5570,33.8,1744909,33.9,1243171
2026-08-13 19:33:48.472771,IRB,63.77,2229,63.72,1345314,63.82,1406175
2026-08-13 19:33:48.489827,HFCL,118.92,9017,118.86,2165055,118.98,2147795
2026-08-13 19:33:48.508422,NMDC,222.67,11200,222.56,2479361,222.78,1083756
2026-08-13 19:33:48.522350,TATAPOWER,411.15,4122,410.94,1070903,411.36,1885759
2026-08-13 19:33:48.554661,BHEL,294.5,1190,294.35,1474223,294.65,1704885
2026-08-13 19:33:48.569298,HUDCO,194.2,11613,194.1,2074083,194.3,1387153
2026-08-13 19:33:48.572620,PNB,113.53,1944,113.47,1292016,113.59,1724804
2026-08-13 19:33:48.589136,NHPC,95.25,8676,95.2,1809267,95.3,1660931
2026-08-13 19:33:48.606099,SMALLCAP1,45.65,512,45.6,18491,45.7,20645
2026-08-13 19:33:48.622314,RELIANCE,2813.59,958,2812.18,2024308,2815.0,1370884
2026-08-13 19:33:48.639793,TCS,3726.84,12116,3724.98,2001461,3728.7,1355643
2026-08-13 19:33:48.655976,INFY,1491.54,3864,1490.79,1288233,1492.29,2190810
2026-08-13 19:33:48.672239,PENNYSTOCK,14.6,11651,14.55,2398878,14.65,1635640
2026-08-13 19:34:03.407553,IDFCFIRSTB,72.85,5676,72.8,1660434,72.9,1859925
2026-08-13 19:34:03.437009,SUZLON,54.1,4966,54.05,2153028,54.15,1889210
2026-08-13 19:34:03.439007,GMRINFRA,88.59,7482,88.54,1948667,88.64,1425009
2026-08-13 19:34:03.455738,SOUTHBANK,33.8,6212,33.75,2224446,33.85,2035909
2026-08-13 19:34:03.472771,IRB,63.68,14515,63.63,1296798,63.73,1514296
2026-08-13 19:34:03.489827,HFCL,118.98,47676,118.92,1914444,119.04,1711032
2026-08-13 19:34:03.508422,NMDC,222.56,7359,222.45,1992186,222.67,1349210
2026-08-13 19:34:03.522350,TATAPOWER,411.67,10667,411.46,2098044,411.88,2103009
2026-08-13 19:34:03.554661,BHEL,294.02,3593,293.87,1498982,294.17,1237132
2026-08-13 19:34:03.569298,HUDCO,194.29,14525,194.19,2223501,194.39,1404323
2026-08-13 19:34:03.572620,PNB,113.53,2441,113.47,2244181,113.59,1536313
2026-08-13 19:34:03.589136,NHPC,94.93,7186,94.88,2280447,94.98,2126183
2026-08-13 19:34:03.606099,SMALLCAP1,45.69,368,45.64,8259,45.74,13405
2026-08-13 19:34:03.622314,RELIANCE,2815.33,4910,2813.92,2050188,2816.74,1718877
2026-08-13 19:34:03.639793,TCS,3726.93,1372,3725.07,1069447,3728.79,1143609
2026-08-13 19:34:03.655976,INFY,1491.76,6624,1491.01,2366966,1492.51,1665222
2026-08-13 19:34:03.672239,PENNYSTOCK,14.61,11965,14.56,1775235,14.66,1395665
2026-08-13 19:34:18.407553,IDFCFIRSTB,72.95,4525,72.9,1860634,73.0,1224888
2026-08-13 19:34:18.437009,SUZLON,54.06,4258,54.01,1494648,54.11,2410186
2026-08-13 19:34:18.439007,GMRINFRA,88.67,575,88.62,1844981,88.72,2420952
2026-08-13 19:34:18.455738,SOUTHBANK,33.83,11566,33.78,2199217,33.88,1531885
2026-08-13 19:34:18.472771,IRB,63.67,5765,63.62,2205536,63.72,2406799
2026-08-13 19:34:18.489827,HFCL,119.2,1388,119.14,1741993,119.26,1722995
2026-08-13 19:34:18.508422,NMDC,223.1,7459,222.99,2367227,223.21,1931876
2026-08-13 19:34:18.522350,TATAPOWER,410.57,14063,410.36,1747224,410.78,1906829
2026-08-13 19:34:18.554661,BHEL,294.26,12538,294.11,2296152,294.41,1462800
2026-08-13 19:34:18.569298,HUDCO,194.43,8177,194.33,1145159,194.53,1980486
2026-08-13 19:34:18.572620,PNB,113.73,10338,113.67,1169603,113.79,1248696
2026-08-13 19:34:18.589136,NHPC,94.95,13930,94.9,2371055,95.0,1502597
2026-08-13 19:34:18.606099,SMALLCAP1,45.65,521,45.6,16368,45.7,24710
2026-08-13 19:34:18.622314,RELIANCE,2805.98,6929,2804.58,1812752,2807.38,1516553
2026-08-13 19:34:18.639793,TCS,3722.58,9027,3720.72,1143798,3724.44,1683687
2026-08-13 19:34:18.655976,INFY,1487.61,581,1486.87,2149199,1488.35,1390451
2026-08-13 19:34:18.672239,PENNYSTOCK,14.57,4439,14.52,1243098,14.62,2246753
2026-08-13 19:34:33.407553,IDFCFIRSTB,72.94,13997,72.89,1207688,72.99,1170623
2026-08-13 19:34:33.437009,SUZLON,54.08,10630,54.03,2495240,54.13,2051138
2026-08-13 19:34:33.439007,GMRINFRA,88.67,9047,88.62,1280957,88.72,1780880
2026-08-13 19:34:33.455738,SOUTHBANK,33.87,6609,33.82,1734268,33.92,1274915
2026-08-13 19:34:33.472771,IRB,63.6,6175,63.55,2497385,63.65,2212330
2026-08-13 19:34:33.489827,HFCL,119.24,6145,119.18,1314688,119.3,1195030
2026-08-13 19:34:33.508422,NMDC,222.68,5898,222.57,1683385,222.79,1348301
2026-08-13 19:34:33.522350,TATAPOWER,411.42,4925,411.21,1052174,411.63,1073766
2026-08-13 19:34:33.554661,BHEL,293.21,13924,293.06,1428838,293.36,2418027
2026-08-13 19:34:33.569298,HUDCO,195.11,4765,195.01,1774148,195.21,1606092
2026-08-13 19:34:33.572620,PNB,113.84,6002,113.78,2168095,113.9,1308616
2026-08-13 19:34:33.589136,NHPC,95.15,12539,95.1,1102945,95.2,1980106
2026-08-13 19:34:33.606099,SMALLCAP1,45.71,470,45.66,6302,45.76,15007
2026-08-13 19:34:33.622314,RELIANCE,2804.75,8399,2803.35,2366109,2806.15,2262212
2026-08-13 19:34:33.639793,TCS,3728.12,4440,3726.26,1435124,3729.98,1991281
2026-08-13 19:34:33.655976,INFY,1489.33,4087,1488.59,2050946,1490.07,1756120
2026-08-13 19:34:33.672239,PENNYSTOCK,14.59,10302,14.54,1272338,14.64,1358240
2026-08-13 19:34:48.407553,IDFCFIRSTB,73.0,2461,72.95,2152416,73.05,1727515
2026-08-13 19:34:48.437009,SUZLON,54.11,2429,54.06,1924875,54.16,1457121
2026-08-13 19:34:48.439007,GMRINFRA,88.6,710,88.55,1467964,88.65,2404623
2026-08-13 19:34:48.455738,SOUTHBANK,33.9,4857,33.85,1096518,33.95,1058573
2026-08-13 19:34:48.472771,IRB,63.33,10282,63.28,1465052,63.38,2215881
2026-08-13 19:34:48.489827,HFCL,119.35,4657,119.29,1829607,119.41,2224065
2026-08-13 19:34:48.508422,NMDC,221.96,6067,221.85,2377092,222.07,2303437
2026-08-13 19:34:48.522350,TATAPOWER,411.23,9959,411.02,2495230,411.44,1668035
2026-08-13 19:34:48.554661,BHEL,293.48,5008,293.33,1272491,293.63,1760988
2026-08-13 19:34:48.569298,HUDCO,195.36,5081,195.26,1370283,195.46,2423857
2026-08-13 19:34:48.572620,PNB,113.94,8085,113.88,1963525,114.0,2062358
2026-08-13 19:34:48.589136,NHPC,95.19,3477,95.14,1284674,95.24,2112088
2026-08-13 19:34:48.606099,SMALLCAP1,45.75,112,45.7,24352,45.8,13092
2026-08-13 19:34:48.622314,RELIANCE,2794.68,7498,2793.28,1113020,2796.08,1413578
2026-08-13 19:34:48.639793,TCS,3729.07,6183,3727.21,2013736,3730.93,1809666
2026-08-13 19:34:48.655976,INFY,1487.87,3052,1487.13,1347857,1488.61,2097765
2026-08-13 19:34:48.672239,PENNYSTOCK,14.59,2295,14.54,1302869,14.64,2065875
2026-08-13 19:35:03.407553,IDFCFIRSTB,73.03,1265,72.98,1504604,73.08,1912808
2026-08-13 19:35:03.437009,SUZLON,54.16,10549,54.11,2080752,54.21,1092427
2026-08-13 19:35:03.439007,GMRINFRA,88.42,927,88.37,1250013,88.47,2291307
2026-08-13 19:35:03.455738,SOUTHBANK,33.94,8212,33.89,1690485,33.99,1481880
2026-08-13 19:35:03.472771,IRB,63.23,10823,63.18,1280469,63.28,2101675
2026-08-13 19:35:03.489827,HFCL,119.02,5326,118.96,2058039,119.08,1284898
2026-08-13 19:35:03.508422,NMDC,221.7,8282,221.59,1985237,221.81,2136369
2026-08-13 19:35:03.522350,TATAPOWER,410.58,3757,410.37,1637150,410.79,1219695
2026-08-13 19:35:03.554661,BHEL,294.26,4886,294.11,1315352,294.41,2198956
2026-08-13 19:35:03.569298,HUDCO,194.65,1203,194.55,1691854,194.75,1823265
2026-08-13 19:35:03.572620,PNB,114.1,8375,114.04,1926375,114.16,1205314
2026-08-13 19:35:03.589136,NHPC,95.16,1249,95.11,1874750,95.21,2102431
2026-08-13 19:35:03.606099,SMALLCAP1,45.67,746,45.62,21429,45.72,11844
2026-08-13 19:35:03.622314,RELIANCE,2795.89,8748,2794.49,1758160,2797.29,1279863
2026-08-13 19:35:03.639793,TCS,3729.81,10489,3727.95,1345285,3731.67,1339127
2026-08-13 19:35:03.655976,INFY,1489.67,6599,1488.93,2094582,1490.41,1319436
2026-08-13 19:35:03.672239,PENNYSTOCK,14.6,9291,14.55,1130950,14.65,1061039
2026-08-13 19:35:18.407553,IDFCFIRSTB,73.0,4964,72.95,1377896,73.05,1472051
2026-08-13 19:35:18.437009,SUZLON,54.24,12150,54.19,1071506,54.29,1520190
2026-08-13 19:35:18.439007,GMRINFRA,88.52,520,88.47,1354245,88.57,2200261
2026-08-13 19:35:18.455738,SOUTHBANK,33.92,1171,33.87,2409229,33.97,1993737
2026-08-13 19:35:18.472771,IRB,63.3,12253,63.25,2010969,63.35,2259209
2026-08-13 19:35:18.489827,HFCL,119.39,6026,119.33,1538724,119.45,2077757
2026-08-13 19:35:18.508422,NMDC,221.14,14131,221.03,1423611,221.25,1282657
2026-08-13 19:35:18.522350,TATAPOWER,411.01,3877,410.8,2114255,411.22,2315869
2026-08-13 19:35:18.554661,BHEL,294.73,1845,294.58,2313267,294.88,2223326
2026-08-13 19:35:18.569298,HUDCO,194.75,5924,194.65,2049943,194.85,2000365
2026-08-13 19:35:18.572620,PNB,114.11,3932,114.05,2248425,114.17,1265702
2026-08-13 19:35:18.589136,NHPC,95.07,5881,95.02,1997800,95.12,1788548
2026-08-13 19:35:18.606099,SMALLCAP1,45.67,221,45.62,23811,45.72,19125
2026-08-13 19:35:18.622314,RELIANCE,2794.45,11618,2793.05,1779795,2795.85,2461160
2026-08-13 19:35:18.639793,TCS,3729.97,10890,3728.11,1503383,3731.83,1108516
2026-08-13 19:35:18.655976,INFY,1485.65,3146,1484.91,2108554,1486.39,2356589
2026-08-13 19:35:18.672239,PENNYSTOCK,14.58,3485,14.53,2378940,14.63,1758827
2026-08-13 19:35:33.407553,IDFCFIRSTB,73.07,9126,73.02,2359038,73.12,2313134
2026-08-13 19:35:33.437009,SUZLON,54.3,14147,54.25,2470168,54.35,1954093
2026-08-13 19:35:33.439007,GMRINFRA,88.68,9801,88.63,1251098,88.73,1182349
2026-08-13 19:35:33.455738,SOUTHBANK,33.85,13739,33.8,1676703,33.9,1983224
2026-08-13 19:35:33.472771,IRB,63.29,9013,63.24,1358656,63.34,1196265
2026-08-13 19:35:33.489827,HFCL,119.1,14968,119.04,1365043,119.16,1753038
2026-08-13 19:35:33.508422,NMDC,221.42,2672,221.31,2252434,221.53,1226947
2026-08-13 19:35:33.522350,TATAPOWER,411.1,6862,410.89,1484712,411.31,1827268
2026-08-13 19:35:33.554661,BHEL,294.76,955,294.61,2085759,294.91,1227517
2026-08-13 19:35:33.569298,HUDCO,195.01,8978,194.91,2349532,195.11,2191764
2026-08-13 19:35:33.572620,PNB,113.96,13012,113.9,1562835,114.02,1467490
2026-08-13 19:35:33.589136,NHPC,94.93,75336,94.88,2084731,94.98,2301903
2026-08-13 19:35:33.606099,SMALLCAP1,45.61,563,45.56,21716,45.66,5576
2026-08-13 19:35:33.622314,RELIANCE,2789.98,700,2788.59,1275763,2791.37,2094416
2026-08-13 19:35:33.639793,TCS,3726.19,7734,3724.33,1738715,3728.05,1361735
2026-08-13 19:35:33.655976,INFY,1484.02,6646,1483.28,2183372,1484.76,2462148
2026-08-13 19:35:33.672239,PENNYSTOCK,14.58,3952,14.53,1757301,14.63,1706950
2026-08-13 19:35:48.407553,IDFCFIRSTB,73.15,11798,73.1,1925797,73.2,2201345
2026-08-13 19:35:48.437009,SUZLON,54.32,9972,54.27,1128320,54.37,1400382
2026-08-13 19:35:48.439007,GMRINFRA,88.73,11253,88.68,1985343,88.78,1240093
2026-08-13 19:35:48.455738,SOUTHBANK,33.87,5686,33.82,1409452,33.92,2030694
2026-08-13 19:35:48.472771,IRB,63.32,13753,63.27,1873263,63.37,1950055
2026-08-13 19:35:48.489827,HFCL,119.38,4631,119.32,1780552,119.44,1680920
2026-08-13 19:35:48.508422,NMDC,221.22,4027,221.11,2375968,221.33,1375519
2026-08-13 19:35:48.522350,TATAPOWER,411.44,13794,411.23,1605973,411.65,1559739
2026-08-13 19:35:48.554661,BHEL,295.11,5391,294.96,1897109,295.26,1565134
2026-08-13 19:35:48.569298,HUDCO,194.56,8020,194.46,1913589,194.66,1960346
2026-08-13 19:35:48.572620,PNB,113.65,11798,113.59,1518825,113.71,1921532
2026-08-13 19:35:48.589136,NHPC,95.0,10422,94.95,1130300,95.05,1060425
2026-08-13 19:35:48.606099,SMALLCAP1,45.68,587,45.63,24701,45.73,13247
2026-08-13 19:35:48.622314,RELIANCE,2795.71,14535,2794.31,1238028,2797.11,1467529
2026-08-13 19:35:48.639793,TCS,3724.76,12964,3722.9,1712388,3726.62,1197234
2026-08-13 19:35:48.655976,INFY,1484.69,1034,1483.95,1777076,1485.43,1810085
2026-08-13 19:35:48.672239,PENNYSTOCK,14.59,1505,14.54,2201268,14.64,1615821
2026-08-13 19:36:03.407553,IDFCFIRSTB,73.28,4983,73.23,1152893,73.33,1637995
2026-08-13 19:36:03.437009,SUZLON,54.4,45450,54.35,1662850,54.45,1526541
2026-08-13 19:36:03.439007,GMRINFRA,88.56,14846,88.51,1638118,88.61,1989202
2026-08-13 19:36:03.455738,SOUTHBANK,33.82,14132,33.77,1291908,33.87,1376135
2026-08-13 19:36:03.472771,IRB,63.18,11136,63.13,2489347,63.23,1355618
2026-08-13 19:36:03.489827,HFCL,119.76,7351,119.7,2342494,119.82,1811860
2026-08-13 19:36:03.508422,NMDC,220.69,3422,220.58,1761492,220.8,2098243
2026-08-13 19:36:03.522350,TATAPOWER,412.26,7145,412.05,1601577,412.47,1544962
2026-08-13 19:36:03.554661,BHEL,295.27,14107,295.12,1657805,295.42,1965748
2026-08-13 19:36:03.569298,HUDCO,194.29,9708,194.19,1319795,194.39,1589432
2026-08-13 19:36:03.572620,PNB,113.69,4730,113.63,2292762,113.75,1767537
2026-08-13 19:36:03.589136,NHPC,94.85,17760,94.8,1674040,94.9,1872116
2026-08-13 19:36:03.606099,SMALLCAP1,45.69,281,45.64,19148,45.74,17097
2026-08-13 19:36:03.622314,RELIANCE,2802.39,10428,2800.99,1924713,2803.79,2375471
2026-08-13 19:36:03.639793,TCS,3708.13,11021,3706.28,1544486,3709.98,1706201
2026-08-13 19:36:03.655976,INFY,1485.39,7812,1484.65,2127533,1486.13,2451764
2026-08-13 19:36:03.672239,PENNYSTOCK,14.6,7683,14.55,1863641,14.65,2364407
2026-08-13 19:36:18.407553,IDFCFIRSTB,73.24,3030,73.19,2039139,73.29,1809243
2026-08-13 19:36:18.437009,SUZLON,54.39,4796,54.34,1060702,54.44,1203369
2026-08-13 19:36:18.439007,GMRINFRA,88.52,14145,88.47,1810947,88.57,2082909
2026-08-13 19:36:18.455738,SOUTHBANK,33.78,3367,33.73,1158898,33.83,1356841
2026-08-13 19:36:18.472771,IRB,63.25,6753,63.2,2104944,63.3,2103639
2026-08-13 19:36:18.489827,HFCL,119.82,6040,119.76,1689035,119.88,1110602
2026-08-13 19:36:18.508422,NMDC,221.21,2335,221.1,1450368,221.32,1612686
2026-08-13 19:36:18.522350,TATAPOWER,411.08,5843,410.87,2443742,411.29,2204276
2026-08-13 19:36:18.554661,BHEL,295.36,14151,295.21,1714379,295.51,1139107
2026-08-13 19:36:18.569298,HUDCO,194.36,3194,194.26,1493476,194.46,1691918
2026-08-13 19:36:18.572620,PNB,113.84,3545,113.78,2312559,113.9,1080253
2026-08-13 19:36:18.589136,NHPC,94.82,715,94.77,2057756,94.87,1232717
2026-08-13 19:36:18.606099,SMALLCAP1,45.6,487,45.55,14292,45.65,23346
2026-08-13 19:36:18.622314,RELIANCE,2796.76,4684,2795.36,1509915,2798.16,1919959
2026-08-13 19:36:18.639793,TCS,3714.81,4045,3712.95,1857193,3716.67,1179327
2026-08-13 19:36:18.655976,INFY,1483.36,13073,1482.62,2444168,1484.1,1892278
2026-08-13 19:36:18.672239,PENNYSTOCK,14.6,1520,14.55,2053822,14.65,2005341
2026-08-13 19:36:33.407553,IDFCFIRSTB,73.03,9490,72.98,1391902,73.08,2061796
2026-08-13 19:36:33.437009,SUZLON,54.45,6182,54.4,1197440,54.5,2185611
2026-08-13 19:36:33.439007,GMRINFRA,88.67,8665,88.62,1665925,88.72,1554363
2026-08-13 19:36:33.455738,SOUTHBANK,33.76,11208,33.71,1285991,33.81,2290017
2026-08-13 19:36:33.472771,IRB,63.13,9968,63.08,1642001,63.18,1089896
2026-08-13 19:36:33.489827,HFCL,120.04,2370,119.98,1749734,120.1,2375610
2026-08-13 19:36:33.508422,NMDC,221.1,3509,220.99,2039998,221.21,1218352
2026-08-13 19:36:33.522350,TATAPOWER,411.66,2897,411.45,2424337,411.87,1203529
2026-08-13 19:36:33.554661,BHEL,295.6,13178,295.45,2036592,295.75,1334860
2026-08-13 19:36:33.569298,HUDCO,194.36,7733,194.26,1936660,194.46,1291293
2026-08-13 19:36:33.572620,PNB,113.98,6391,113.92,2312168,114.04,1451828
2026-08-13 19:36:33.589136,NHPC,94.81,6367,94.76,2279259,94.86,2146048
2026-08-13 19:36:33.606099,SMALLCAP1,45.63,853,45.58,13451,45.68,14956
2026-08-13 19:36:33.622314,RELIANCE,2795.38,3013,2793.98,1917374,2796.78,2291170
2026-08-13 19:36:33.639793,TCS,3723.21,963,3721.35,1275435,3725.07,1251642
2026-08-13 19:36:33.655976,INFY,1486.93,10419,1486.19,1065486,1487.67,1170455
2026-08-13 19:36:33.672239,PENNYSTOCK,14.59,10311,14.54,1258617,14.64,2190832
2026-08-13 19:36:48.407553,IDFCFIRSTB,72.93,6522,72.88,1794210,72.98,1599605
2026-08-13 19:36:48.437009,SUZLON,54.48,10155,54.43,1268921,54.53,1519013
2026-08-13 19:36:48.439007,GMRINFRA,88.79,5012,88.74,1446828,88.84,2481398
2026-08-13 19:36:48.455738,SOUTHBANK,33.78,6989,33.73,1474484,33.83,1606576
2026-08-13 19:36:48.472771,IRB,63.07,11851,63.02,2221342,63.12,2220580
2026-08-13 19:36:48.489827,HFCL,119.85,7472,119.79,1913567,119.91,1295308
2026-08-13 19:36:48.508422,NMDC,221.03,12603,220.92,1284258,221.14,1157283
2026-08-13 19:36:48.522350,TATAPOWER,412.42,12020,412.21,2157974,412.63,1960079
2026-08-13 19:36:48.554661,BHEL,296.12,8919,295.97,2095489,296.27,2349622
2026-08-13 19:36:48.569298,HUDCO,195.01,5720,194.91,1374086,195.11,2401543
2026-08-13 19:36:48.572620,PNB,113.99,3765,113.93,2346962,114.05,2425722
2026-08-13 19:36:48.589136,NHPC,94.73,5675,94.68,1961177,94.78,1362260
2026-08-13 19:36:48.606099,SMALLCAP1,45.62,4896,45.57,17977,45.67,24406
2026-08-13 19:36:48.622314,RELIANCE,2795.75,10689,2794.35,1090439,2797.15,1745073
2026-08-13 19:36:48.639793,TCS,3723.28,6929,3721.42,1135106,3725.14,1286576
2026-08-13 19:36:48.655976,INFY,1484.51,8529,1483.77,1421747,1485.25,1296529
2026-08-13 19:36:48.672239,PENNYSTOCK,14.62,7789,14.57,1722390,14.67,2330709
2026-08-13 19:37:03.407553,IDFCFIRSTB,72.94,8075,72.89,1970188,72.99,2454896
2026-08-13 19:37:03.437009,SUZLON,54.49,7567,54.44,2018418,54.54,1656710
2026-08-13 19:37:03.439007,GMRINFRA,88.87,10074,88.82,2456908,88.92,1709686
2026-08-13 19:37:03.455738,SOUTHBANK,33.72,6256,33.67,1878114,33.77,2466809
2026-08-13 19:37:03.472771,IRB,62.96,7578,62.91,1859598,63.01,1318373
2026-08-13 19:37:03.489827,HFCL,119.92,13869,119.86,1263596,119.98,1836319
2026-08-13 19:37:03.508422,NMDC,220.86,13158,220.75,2085919,220.97,2117500
2026-08-13 19:37:03.522350,TATAPOWER,412.05,2044,411.84,1259069,412.26,2181164
2026-08-13 19:37:03.554661,BHEL,296.97,9459,296.82,1907835,297.12,1237921
2026-08-13 19:37:03.569298,HUDCO,194.77,13576,194.67,1587168,194.87,1484969
2026-08-13 19:37:03.572620,PNB,114.24,49548,114.18,2253943,114.3,1158653
2026-08-13 19:37:03.589136,NHPC,94.69,1705,94.64,1182474,94.74,1533829
2026-08-13 19:37:03.606099,SMALLCAP1,45.62,600,45.57,13155,45.67,21617
2026-08-13 19:37:03.622314,RELIANCE,2800.36,10409,2798.96,1245015,2801.76,1770111
2026-08-13 19:37:03.639793,TCS,3720.8,9436,3718.94,1896003,3722.66,1486962
2026-08-13 19:37:03.655976,INFY,1480.11,10815,1479.37,1490221,1480.85,1477028
2026-08-13 19:37:03.672239,PENNYSTOCK,14.61,12194,14.56,1296583,14.66,1920405
2026-08-13 19:37:18.407553,IDFCFIRSTB,73.0,1904,72.95,1057232,73.05,2441481
2026-08-13 19:37:18.437009,SUZLON,54.63,7857,54.58,2051945,54.68,2145382
2026-08-13 19:37:18.439007,GMRINFRA,88.89,7529,88.84,1148028,88.94,1167404
2026-08-13 19:37:18.455738,SOUTHBANK,33.74,48480,33.69,2422031,33.79,1778990
2026-08-13 19:37:18.472771,IRB,62.85,10555,62.8,2425630,62.9,1984524
2026-08-13 19:37:18.489827,HFCL,120.45,7676,120.39,2406300,120.51,1322939
2026-08-13 19:37:18.508422,NMDC,221.04,4918,220.93,2039611,221.15,2443271
2026-08-13 19:37:18.522350,TATAPOWER,411.78,8466,411.57,1209861,411.99,1867937
2026-08-13 19:37:18.554661,BHEL,297.16,1691,297.01,1674373,297.31,1727545
2026-08-13 19:37:18.569298,HUDCO,194.89,7854,194.79,2017086,194.99,1470230
2026-08-13 19:37:18.572620,PNB,114.15,9508,114.09,2335018,114.21,1235205
2026-08-13 19:37:18.589136,NHPC,94.92,43040,94.87,1106556,94.97,1587992
2026-08-13 19:37:18.606099,SMALLCAP1,45.62,365,45.57,20769,45.67,16119
2026-08-13 19:37:18.622314,RELIANCE,2792.52,2167,2791.12,2292983,2793.92,1378055
2026-08-13 19:37:18.639793,TCS,3717.66,12806,3715.8,1688137,3719.52,2021120
2026-08-13 19:37:18.655976,INFY,1481.23,5292,1480.49,1385328,1481.97,1349650
2026-08-13 19:37:18.672239,PENNYSTOCK,14.63,3698,14.58,1642784,14.68,1668836
2026-08-13 19:37:33.407553,IDFCFIRSTB,72.78,3701,72.73,2072182,72.83,2247184
2026-08-13 19:37:33.437009,SUZLON,54.54,14116,54.49,2060212,54.59,2379640
2026-08-13 19:37:33.439007,GMRINFRA,88.88,8501,88.83,2495497,88.93,1269238
2026-08-13 19:37:33.455738,SOUTHBANK,33.8,3083,33.75,1963630,33.85,1799828
2026-08-13 19:37:33.472771,IRB,62.97,9155,62.92,1508219,63.02,1050047
2026-08-13 19:37:33.489827,HFCL,120.44,12031,120.38,1542966,120.5,1147303
2026-08-13 19:37:33.508422,NMDC,220.26,6046,220.15,1348395,220.37,2253820
2026-08-13 19:37:33.522350,TATAPOWER,411.49,9997,411.28,2091559,411.7,1175327
2026-08-13 19:37:33.554661,BHEL,297.58,8789,297.43,2416471,297.73,1221949
2026-08-13 19:37:33.569298,HUDCO,195.22,7291,195.12,1109646,195.32,1763081
2026-08-13 19:37:33.572620,PNB,114.45,13373,114.39,2063004,114.51,2323789
2026-08-13 19:37:33.589136,NHPC,95.08,8014,95.03,1364539,95.13,1973425
2026-08-13 19:37:33.606099,SMALLCAP1,45.56,403,45.51,5899,45.61,19218
2026-08-13 19:37:33.622314,RELIANCE,2795.03,14040,2793.63,1675063,2796.43,1827248
2026-08-13 19:37:33.639793,TCS,3724.25,13258,3722.39,1576535,3726.11,1730603
2026-08-13 19:37:33.655976,INFY,1483.78,10466,1483.04,1282735,1484.52,1965243
2026-08-13 19:37:33.672239,PENNYSTOCK,14.64,1334,14.59,1589724,14.69,2253262
2026-08-13 19:37:48.407553,IDFCFIRSTB,72.96,14286,72.91,1140865,73.01,2289438
2026-08-13 19:37:48.437009,SUZLON,54.56,8779,54.51,1338507,54.61,1532325
2026-08-13 19:37:48.439007,GMRINFRA,88.66,2416,88.61,1288243,88.71,1223932
2026-08-13 19:37:48.455738,SOUTHBANK,33.88,10765,33.83,1769308,33.93,1322555
2026-08-13 19:37:48.472771,IRB,62.96,51036,62.91,2137589,63.01,1730413
2026-08-13 19:37:48.489827,HFCL,120.47,1090,120.41,1593015,120.53,1823843
2026-08-13 19:37:48.508422,NMDC,220.25,14001,220.14,2362864,220.36,2179024
2026-08-13 19:37:48.522350,TATAPOWER,411.53,6015,411.32,1519821,411.74,1917518
2026-08-13 19:37:48.554661,BHEL,297.33,7517,297.18,1759981,297.48,2360196
2026-08-13 19:37:48.569298,HUDCO,195.46,8517,195.36,2322337,195.56,1860192
2026-08-13 19:37:48.572620,PNB,114.37,9419,114.31,1841625,114.43,1947094
2026-08-13 19:37:48.589136,NHPC,94.98,10549,94.93,1616320,95.03,2175251
2026-08-13 19:37:48.606099,SMALLCAP1,45.62,571,45.57,8741,45.67,8928
2026-08-13 19:37:48.622314,RELIANCE,2789.21,7282,2787.82,1233877,2790.6,1641297
2026-08-13 19:37:48.639793,TCS,3723.27,2189,3721.41,2028955,3725.13,1641873
2026-08-13 19:37:48.655976,INFY,1481.82,6219,1481.08,1127805,1482.56,1783376
2026-08-13 19:37:48.672239,PENNYSTOCK,14.61,13758,14.56,1844397,14.66,1851668
2026-08-13 19:38:03.407553,IDFCFIRSTB,73.07,118728,73.02,1628994,73.12,1755762
2026-08-13 19:38:03.437009,SUZLON,54.56,3946,54.51,1529465,54.61,2312706
2026-08-13 19:38:03.439007,GMRINFRA,88.57,5054,88.52,1983531,88.62,1951774
2026-08-13 19:38:03.455738,SOUTHBANK,33.96,9284,33.91,2118737,34.01,2484827
2026-08-13 19:38:03.472771,IRB,62.84,11321,62.79,2424283,62.89,1505097
2026-08-13 19:38:03.489827,HFCL,120.29,5682,120.23,2189353,120.35,1710373
2026-08-13 19:38:03.508422,NMDC,219.84,13192,219.73,1547413,219.95,2100304
2026-08-13 19:38:03.522350,TATAPOWER,410.86,2070,410.65,1602754,411.07,1380362
2026-08-13 19:38:03.554661,BHEL,296.9,7808,296.75,2113162,297.05,1210116
2026-08-13 19:38:03.569298,HUDCO,195.89,5742,195.79,2140539,195.99,2434586
2026-08-13 19:38:03.572620,PNB,114.32,12023,114.26,1336637,114.38,2111804
2026-08-13 19:38:03.589136,NHPC,94.89,4022,94.84,1444820,94.94,2146083
2026-08-13 19:38:03.606099,SMALLCAP1,45.68,51,45.63,6890,45.73,5052
2026-08-13 19:38:03.622314,RELIANCE,2783.44,12235,2782.05,1159322,2784.83,1674853
2026-08-13 19:38:03.639793,TCS,3723.19,8398,3721.33,2498431,3725.05,2025906
2026-08-13 19:38:03.655976,INFY,1481.82,8143,1481.08,1620795,1482.56,2426917
2026-08-13 19:38:03.672239,PENNYSTOCK,14.58,20944,14.53,1531937,14.63,1102228
2026-08-13 19:38:18.407553,IDFCFIRSTB,73.08,4945,73.03,1598981,73.13,1052806
2026-08-13 19:38:18.437009,SUZLON,54.7,6312,54.65,1079481,54.75,1660717
2026-08-13 19:38:18.439007,GMRINFRA,88.93,5625,88.88,1931240,88.98,1352018
2026-08-13 19:38:18.455738,SOUTHBANK,33.98,5827,33.93,2227356,34.03,2374660
2026-08-13 19:38:18.472771,IRB,62.91,4679,62.86,2314473,62.96,2403850
2026-08-13 19:38:18.489827,HFCL,120.32,36747,120.26,2081934,120.38,1141555
2026-08-13 19:38:18.508422,NMDC,219.86,3872,219.75,1788962,219.97,1841159
2026-08-13 19:38:18.522350,TATAPOWER,410.18,3083,409.97,2415867,410.39,1745546
2026-08-13 19:38:18.554661,BHEL,296.18,11547,296.03,1376823,296.33,1989729
2026-08-13 19:38:18.569298,HUDCO,196.36,6852,196.26,1353244,196.46,1587117
2026-08-13 19:38:18.572620,PNB,114.5,49960,114.44,1319760,114.56,2145334
2026-08-13 19:38:18.589136,NHPC,95.2,2331,95.15,1603375,95.25,2294646
2026-08-13 19:38:18.606099,SMALLCAP1,45.62,272,45.57,22255,45.67,16126
2026-08-13 19:38:18.622314,RELIANCE,2786.24,7756,2784.85,1739634,2787.63,1589560
2026-08-13 19:38:18.639793,TCS,3721.55,7589,3719.69,1536062,3723.41,1642769
2026-08-13 19:38:18.655976,INFY,1478.81,13804,1478.07,1509559,1479.55,2038870
2026-08-13 19:38:18.672239,PENNYSTOCK,14.6,4481,14.55,1470829,14.65,1373544
2026-08-13 19:38:33.407553,IDFCFIRSTB,73.23,9120,73.18,1776230,73.28,1321124
2026-08-13 19:38:33.437009,SUZLON,54.82,3048,54.77,1329185,54.87,1051232
2026-08-13 19:38:33.439007,GMRINFRA,88.92,6824,88.87,1144200,88.97,2336542
2026-08-13 19:38:33.455738,SOUTHBANK,33.98,14299,33.93,2093337,34.03,1642537
2026-08-13 19:38:33.472771,IRB,62.89,6476,62.84,2436485,62.94,1288609
2026-08-13 19:38:33.489827,HFCL,120.61,8706,120.55,2308104,120.67,1082843
2026-08-13 19:38:33.508422,NMDC,219.49,13077,219.38,1200218,219.6,2159998
2026-08-13 19:38:33.522350,TATAPOWER,409.68,2211,409.48,1887739,409.88,1705514
2026-08-13 19:38:33.554661,BHEL,296.83,13621,296.68,1263778,296.98,1534889
2026-08-13 19:38:33.569298,HUDCO,196.12,2127,196.02,1114240,196.22,2012821
2026-08-13 19:38:33.572620,PNB,114.08,8638,114.02,1172499,114.14,1158190
2026-08-13 19:38:33.589136,NHPC,95.12,8163,95.07,1407227,95.17,2260266
2026-08-13 19:38:33.606099,SMALLCAP1,45.6,444,45.55,10204,45.65,24329
2026-08-13 19:38:33.622314,RELIANCE,2790.74,7519,2789.34,2143865,2792.14,2493145
2026-08-13 19:38:33.639793,TCS,3720.33,9332,3718.47,1809762,3722.19,1468139
2026-08-13 19:38:33.655976,INFY,1473.38,10048,1472.64,1734088,1474.12,1072110
2026-08-13 19:38:33.672239,PENNYSTOCK,14.62,4142,14.57,1462711,14.67,1595773
2026-08-13 19:38:48.407553,IDFCFIRSTB,73.11,12817,73.06,2458335,73.16,1051589
2026-08-13 19:38:48.437009,SUZLON,54.82,4002,54.77,1225834,54.87,1752289
2026-08-13 19:38:48.439007,GMRINFRA,88.96,8231,88.91,1079558,89.01,1985135
2026-08-13 19:38:48.455738,SOUTHBANK,33.94,639,33.89,1186131,33.99,2095282
2026-08-13 19:38:48.472771,IRB,62.8,3792,62.75,2417561,62.85,1318768
2026-08-13 19:38:48.489827,HFCL,120.82,13476,120.76,1394137,120.88,2117678
2026-08-13 19:38:48.508422,NMDC,219.28,9245,219.17,1310537,219.39,1526666
2026-08-13 19:38:48.522350,TATAPOWER,410.43,1867,410.22,1182163,410.64,1774413
2026-08-13 19:38:48.554661,BHEL,297.32,1933,297.17,1368882,297.47,1068091
2026-08-13 19:38:48.569298,HUDCO,196.31,1094,196.21,2361734,196.41,1189222
2026-08-13 19:38:48.572620,PNB,114.01,3875,113.95,2285392,114.07,1114585
2026-08-13 19:38:48.589136,NHPC,95.04,8714,94.99,1220944,95.09,1193067
2026-08-13 19:38:48.606099,SMALLCAP1,45.69,1507,45.64,17328,45.74,6454
2026-08-13 19:38:48.622314,RELIANCE,2787.71,2744,2786.32,1371388,2789.1,1974250
2026-08-13 19:38:48.639793,TCS,3717.84,9784,3715.98,2408478,3719.7,1266165
2026-08-13 19:38:48.655976,INFY,1469.75,13626,1469.02,1125212,1470.48,1756286
2026-08-13 19:38:48.672239,PENNYSTOCK,14.62,11588,14.57,2028088,14.67,1458983
2026-08-13 19:39:03.407553,IDFCFIRSTB,73.11,2662,73.06,2363782,73.16,2304923
2026-08-13 19:39:03.437009,SUZLON,54.91,4470,54.86,2018151,54.96,1721315
2026-08-13 19:39:03.439007,GMRINFRA,89.04,10494,88.99,1134944,89.09,2438163
2026-08-13 19:39:03.455738,SOUTHBANK,33.89,9685,33.84,2260524,33.94,1284409
2026-08-13 19:39:03.472771,IRB,62.92,2202,62.87,2190545,62.97,1525103
2026-08-13 19:39:03.489827,HFCL,120.84,28650,120.78,1555951,120.9,1170888
2026-08-13 19:39:03.508422,NMDC,219.96,9827,219.85,2389059,220.07,2461548
2026-08-13 19:39:03.522350,TATAPOWER,411.71,4735,411.5,2249081,411.92,2224876
2026-08-13 19:39:03.554661,BHEL,297.74,11172,297.59,2422594,297.89,2437423
2026-08-13 19:39:03.569298,HUDCO,196.32,7955,196.22,1263204,196.42,1595011
2026-08-13 19:39:03.572620,PNB,114.16,11471,114.1,2083861,114.22,1208197
2026-08-13 19:39:03.589136,NHPC,95.07,3148,95.02,1666888,95.12,1356816
2026-08-13 19:39:03.606099,SMALLCAP1,45.65,907,45.6,15260,45.7,10065
2026-08-13 19:39:03.622314,RELIANCE,2790.39,14876,2788.99,1915485,2791.79,2197677
2026-08-13 19:39:03.639793,TCS,3717.28,12255,3715.42,1689282,3719.14,1764181
2026-08-13 19:39:03.655976,INFY,1469.5,12593,1468.77,1935737,1470.23,2053206
2026-08-13 19:39:03.672239,PENNYSTOCK,14.62,10207,14.57,1722489,14.67,1514497
2026-08-13 19:39:18.407553,IDFCFIRSTB,73.18,8246,73.13,1129098,73.23,1613128
2026-08-13 19:39:18.437009,SUZLON,54.88,8862,54.83,1642101,54.93,2326115
2026-08-13 19:39:18.439007,GMRINFRA,89.15,77040,89.1,2059521,89.2,1609649
2026-08-13 19:39:18.455738,SOUTHBANK,33.91,5910,33.86,2081563,33.96,1852452
2026-08-13 19:39:18.472771,IRB,63.03,766,62.98,1481726,63.08,1509713
2026-08-13 19:39:18.489827,HFCL,121.04,1953,120.98,1064510,121.1,1742328
2026-08-13 19:39:18.508422,NMDC,220.15,11007,220.04,1316153,220.26,1480116
2026-08-13 19:39:18.522350,TATAPOWER,411.52,5010,411.31,2221281,411.73,2018867
2026-08-13 19:39:18.554661,BHEL,298.1,4236,297.95,2230009,298.25,1276197
2026-08-13 19:39:18.569298,HUDCO,196.41,8045,196.31,1580492,196.51,1205142
2026-08-13 19:39:18.572620,PNB,114.32,763,114.26,2251231,114.38,1409217
2026-08-13 19:39:18.589136,NHPC,95.33,14719,95.28,1287086,95.38,1654295
2026-08-13 19:39:18.606099,SMALLCAP1,45.64,216,45.59,12219,45.69,23905
2026-08-13 19:39:18.622314,RELIANCE,2786.04,14281,2784.65,1256960,2787.43,1705736
2026-08-13 19:39:18.639793,TCS,3719.43,130350,3717.57,1319557,3721.29,1644759
2026-08-13 19:39:18.655976,INFY,1471.13,4212,1470.39,1914232,1471.87,2207196
2026-08-13 19:39:18.672239,PENNYSTOCK,14.62,12586,14.57,2396863,14.67,2274726
2026-08-13 19:39:33.407553,IDFCFIRSTB,73.35,14245,73.3,2088449,73.4,2202926
2026-08-13 19:39:33.437009,SUZLON,55.01,12879,54.96,1837773,55.06,2261382
2026-08-13 19:39:33.439007,GMRINFRA,89.19,5429,89.14,1323745,89.24,2439000
2026-08-13 19:39:33.455738,SOUTHBANK,33.86,14175,33.81,1753464,33.91,1865970
2026-08-13 19:39:33.472771,IRB,62.95,7606,62.9,2390648,63.0,1174652
2026-08-13 19:39:33.489827,HFCL,120.95,781,120.89,2356550,121.01,1649154
2026-08-13 19:39:33.508422,NMDC,220.1,5020,219.99,1550828,220.21,1324849
2026-08-13 19:39:33.522350,TATAPOWER,411.77,14741,411.56,2085927,411.98,1479375
2026-08-13 19:39:33.554661,BHEL,298.01,42840,297.86,2007769,298.16,1582639
2026-08-13 19:39:33.569298,HUDCO,196.66,9425,196.56,1627886,196.76,1379080
2026-08-13 19:39:33.572620,PNB,114.41,5754,114.35,1117153,114.47,1362272
2026-08-13 19:39:33.589136,NHPC,95.24,9387,95.19,2372432,95.29,1170532
2026-08-13 19:39:33.606099,SMALLCAP1,45.69,475,45.64,5845,45.74,10260
2026-08-13 19:39:33.622314,RELIANCE,2786.37,13777,2784.98,2188471,2787.76,1876381
2026-08-13 19:39:33.639793,TCS,3722.34,679,3720.48,1945439,3724.2,1958510
2026-08-13 19:39:33.655976,INFY,1471.0,6971,1470.26,1191986,1471.74,2281647
2026-08-13 19:39:33.672239,PENNYSTOCK,14.62,2495,14.57,2003866,14.67,2336319
2026-08-13 19:39:48.407553,IDFCFIRSTB,73.32,1948,73.27,2373736,73.37,1874061
2026-08-13 19:39:48.437009,SUZLON,55.0,2104,54.95,2141522,55.05,2244519
2026-08-13 19:39:48.439007,GMRINFRA,89.3,8705,89.25,1811016,89.35,2271775
2026-08-13 19:39:48.455738,SOUTHBANK,33.79,11319,33.74,1860232,33.84,1643731
2026-08-13 19:39:48.472771,IRB,63.08,5705,63.03,2408807,63.13,1748009
2026-08-13 19:39:48.489827,HFCL,120.9,2848,120.84,1714177,120.96,1275753
2026-08-13 19:39:48.508422,NMDC,219.61,2737,219.5,1388387,219.72,1079102
2026-08-13 19:39:48.522350,TATAPOWER,410.95,2125,410.74,2417259,411.16,1906896
2026-08-13 19:39:48.554661,BHEL,298.32,14153,298.17,2363370,298.47,2234181
2026-08-13 19:39:48.569298,HUDCO,196.84,2147,196.74,2016816,196.94,1911479
2026-08-13 19:39:48.572620,PNB,114.27,10573,114.21,1351922,114.33,1401225
2026-08-13 19:39:48.589136,NHPC,95.22,11330,95.17,1758045,95.27,1448648
2026-08-13 19:39:48.606099,SMALLCAP1,45.64,793,45.59,13840,45.69,6691
2026-08-13 19:39:48.622314,RELIANCE,2794.72,13603,2793.32,1319350,2796.12,2250218
2026-08-13 19:39:48.639793,TCS,3724.89,7234,3723.03,1093738,3726.75,1938469
2026-08-13 19:39:48.655976,INFY,1475.82,47920,1475.08,1783800,1476.56,2058368
2026-08-13 19:39:48.672239,PENNYSTOCK,14.63,14142,14.58,2279652,14.68,2373105
2026-08-13 19:40:03.407553,IDFCFIRSTB,73.34,14890,73.29,2286291,73.39,1111990
2026-08-13 19:40:03.437009,SUZLON,55.06,3567,55.01,2369150,55.11,1974438
2026-08-13 19:40:03.439007,GMRINFRA,89.12,14921,89.07,1915746,89.17,1996482
2026-08-13 19:40:03.455738,SOUTHBANK,33.76,14664,33.71,2099367,33.81,1547725
2026-08-13 19:40:03.472771,IRB,63.01,1552,62.96,1541680,63.06,1767695
2026-08-13 19:40:03.489827,HFCL,120.72,7395,120.66,2098863,120.78,1621766
2026-08-13 19:40:03.508422,NMDC,220.07,8980,219.96,1741892,220.18,2254206
2026-08-13 19:40:03.522350,TATAPOWER,411.47,9002,411.26,1465725,411.68,1142696
2026-08-13 19:40:03.554661,BHEL,298.38,8812,298.23,2207986,298.53,2307204
2026-08-13 19:40:03.569298,HUDCO,197.23,9737,197.13,1250587,197.33,1738994
2026-08-13 19:40:03.572620,PNB,114.16,11180,114.1,2257169,114.22,1081041
2026-08-13 19:40:03.589136,NHPC,95.06,8507,95.01,1292239,95.11,2365348
2026-08-13 19:40:03.606099,SMALLCAP1,45.66,52,45.61,7908,45.71,21149
2026-08-13 19:40:03.622314,RELIANCE,2797.09,2070,2795.69,2462278,2798.49,1509915
2026-08-13 19:40:03.639793,TCS,3720.72,7408,3718.86,1103987,3722.58,1768270
2026-08-13 19:40:03.655976,INFY,1477.18,6050,1476.44,2028841,1477.92,1885742
2026-08-13 19:40:03.672239,PENNYSTOCK,14.65,9078,14.6,1245415,14.7,1350992
2026-08-13 19:40:18.407553,IDFCFIRSTB,73.21,3331,73.16,1953440,73.26,2217362
2026-08-13 19:40:18.437009,SUZLON,54.98,2499,54.93,2106887,55.03,1639939
2026-08-13 19:40:18.439007,GMRINFRA,89.26,14632,89.21,2035134,89.31,2373227
2026-08-13 19:40:18.455738,SOUTHBANK,33.7,4070,33.65,2202435,33.75,2345277
2026-08-13 19:40:18.472771,IRB,62.9,797,62.85,2024262,62.95,1222981
2026-08-13 19:40:18.489827,HFCL,120.31,152592,120.25,1475274,120.37,1901702
2026-08-13 19:40:18.508422,NMDC,220.28,11748,220.17,1106749,220.39,2147868
2026-08-13 19:40:18.522350,TATAPOWER,411.89,7627,411.68,1620580,412.1,1674078
2026-08-13 19:40:18.554661,BHEL,298.79,1179,298.64,1315760,298.94,1950052
2026-08-13 19:40:18.569298,HUDCO,197.08,14021,196.98,2253968,197.18,1612227
2026-08-13 19:40:18.572620,PNB,114.39,12415,114.33,1050949,114.45,1851978
2026-08-13 19:40:18.589136,NHPC,95.21,5685,95.16,2086346,95.26,2315595
2026-08-13 19:40:18.606099,SMALLCAP1,45.73,440,45.68,20106,45.78,18857
2026-08-13 19:40:18.622314,RELIANCE,2792.34,9821,2790.94,1161707,2793.74,2177567
2026-08-13 19:40:18.639793,TCS,3726.05,8857,3724.19,2364174,3727.91,1252984
2026-08-13 19:40:18.655976,INFY,1474.6,10043,1473.86,1879199,1475.34,1567297
2026-08-13 19:40:18.672239,PENNYSTOCK,14.61,1042,14.56,2063832,14.66,1560661
2026-08-13 19:40:33.407553,IDFCFIRSTB,73.27,1171,73.22,1107876,73.32,1994760
2026-08-13 19:40:33.437009,SUZLON,55.1,3967,55.05,1832049,55.15,1491838
2026-08-13 19:40:33.439007,GMRINFRA,89.48,12273,89.43,1788480,89.53,1327941
2026-08-13 19:40:33.455738,SOUTHBANK,33.77,11663,33.72,1961509,33.82,2126258
2026-08-13 19:40:33.472771,IRB,62.96,1758,62.91,2429797,63.01,1290123
2026-08-13 19:40:33.489827,HFCL,120.43,4714,120.37,2296114,120.49,2462140
2026-08-13 19:40:33.508422,NMDC,219.59,944,219.48,2004822,219.7,1977992
2026-08-13 19:40:33.522350,TATAPOWER,411.5,6384,411.29,1845514,411.71,2357353
2026-08-13 19:40:33.554661,BHEL,296.93,14834,296.78,1349582,297.08,1064516
2026-08-13 19:40:33.569298,HUDCO,196.59,57990,196.49,1067502,196.69,2247961
2026-08-13 19:40:33.572620,PNB,114.41,2999,114.35,2056735,114.47,1970187
2026-08-13 19:40:33.589136,NHPC,95.13,1898,95.08,2156686,95.18,1924835
2026-08-13 19:40:33.606099,SMALLCAP1,45.75,592,45.7,16251,45.8,14121
2026-08-13 19:40:33.622314,RELIANCE,2789.15,3394,2787.76,1677379,2790.54,1085076
2026-08-13 19:40:33.639793,TCS,3724.78,4297,3722.92,1291313,3726.64,2245330
2026-08-13 19:40:33.655976,INFY,1473.31,4980,1472.57,1653742,1474.05,1888610
2026-08-13 19:40:33.672239,PENNYSTOCK,14.58,3435,14.53,1075136,14.63,1602294
2026-08-13 19:40:48.407553,IDFCFIRSTB,73.18,6253,73.13,1958075,73.23,2259227
2026-08-13 19:40:48.437009,SUZLON,55.02,7523,54.97,2263633,55.07,2107047
2026-08-13 19:40:48.439007,GMRINFRA,89.68,13738,89.63,2044912,89.73,1530646
2026-08-13 19:40:48.455738,SOUTHBANK,33.72,10976,33.67,1829295,33.77,1850050
2026-08-13 19:40:48.472771,IRB,62.96,9076,62.91,1828078,63.01,1140781
2026-08-13 19:40:48.489827,HFCL,120.45,7522,120.39,2015658,120.51,2405985
2026-08-13 19:40:48.508422,NMDC,219.3,4829,219.19,1406881,219.41,1891732
2026-08-13 19:40:48.522350,TATAPOWER,411.61,10802,411.4,1936408,411.82,2342598
2026-08-13 19:40:48.554661,BHEL,297.12,13447,296.97,1196555,297.27,1689101
2026-08-13 19:40:48.569298,HUDCO,195.79,5857,195.69,2119306,195.89,1380395
2026-08-13 19:40:48.572620,PNB,114.57,13043,114.51,1641943,114.63,1984107
2026-08-13 19:40:48.589136,NHPC,95.41,5254,95.36,1305129,95.46,1754482
2026-08-13 19:40:48.606099,SMALLCAP1,45.84,990,45.79,19100,45.89,12575
2026-08-13 19:40:48.622314,RELIANCE,2788.19,11389,2786.8,2375218,2789.58,2144520
2026-08-13 19:40:48.639793,TCS,3734.71,13586,3732.84,2111576,3736.58,2441950
2026-08-13 19:40:48.655976,INFY,1477.45,10587,1476.71,1809113,1478.19,1624274
2026-08-13 19:40:48.672239,PENNYSTOCK,14.56,9828,14.51,1205380,14.61,1736878
2026-08-13 19:41:03.407553,IDFCFIRSTB,73.1,9421,73.05,1522125,73.15,2378890
2026-08-13 19:41:03.437009,SUZLON,55.04,12317,54.99,2422823,55.09,2164599
2026-08-13 19:41:03.439007,GMRINFRA,89.51,10663,89.46,1230235,89.56,2094699
2026-08-13 19:41:03.455738,SOUTHBANK,33.66,5215,33.61,1465259,33.71,1231365
2026-08-13 19:41:03.472771,IRB,63.0,5807,62.95,1234792,63.05,2319843
2026-08-13 19:41:03.489827,HFCL,120.36,7375,120.3,1545361,120.42,1468713
2026-08-13 19:41:03.508422,NMDC,219.1,4301,218.99,2028806,219.21,1599285
2026-08-13 19:41:03.522350,TATAPOWER,411.49,9612,411.28,1351018,411.7,1999447
2026-08-13 19:41:03.554661,BHEL,296.93,2912,296.78,1270110,297.08,2058924
2026-08-13 19:41:03.569298,HUDCO,196.02,12825,195.92,2197792,196.12,2236842
2026-08-13 19:41:03.572620,PNB,114.81,3766,114.75,1055869,114.87,1209292
2026-08-13 19:41:03.589136,NHPC,95.28,3507,95.23,1880588,95.33,1463627
2026-08-13 19:41:03.606099,SMALLCAP1,45.85,1188,45.8,23042,45.9,13502
2026-08-13 19:41:03.622314,RELIANCE,2792.46,11691,2791.06,1654657,2793.86,1513420
2026-08-13 19:41:03.639793,TCS,3747.18,11687,3745.31,1269350,3749.05,1205787
2026-08-13 19:41:03.655976,INFY,1475.99,13827,1475.25,1831277,1476.73,1207015
2026-08-13 19:41:03.672239,PENNYSTOCK,14.58,10650,14.53,1497569,14.63,1540069
2026-08-13 19:41:18.407553,IDFCFIRSTB,73.07,11433,73.02,1986336,73.12,1820595
2026-08-13 19:41:18.437009,SUZLON,54.91,3097,54.86,1064873,54.96,1703430
2026-08-13 19:41:18.439007,GMRINFRA,89.62,1788,89.57,2030378,89.67,2426743
2026-08-13 19:41:18.455738,SOUTHBANK,33.64,2642,33.59,2257379,33.69,1702270
2026-08-13 19:41:18.472771,IRB,63.17,10887,63.12,2466683,63.22,2267451
2026-08-13 19:41:18.489827,HFCL,120.2,8599,120.14,1288878,120.26,1477425
2026-08-13 19:41:18.508422,NMDC,219.53,13780,219.42,1973068,219.64,2064580
2026-08-13 19:41:18.522350,TATAPOWER,411.53,5528,411.32,2375109,411.74,1209985
2026-08-13 19:41:18.554661,BHEL,296.97,12764,296.82,1363664,297.12,1250346
2026-08-13 19:41:18.569298,HUDCO,195.76,6017,195.66,2049198,195.86,2125218
2026-08-13 19:41:18.572620,PNB,114.54,13985,114.48,1974800,114.6,1508559
2026-08-13 19:41:18.589136,NHPC,95.09,7408,95.04,1765439,95.14,1443763
2026-08-13 19:41:18.606099,SMALLCAP1,45.74,820,45.69,9835,45.79,23854
2026-08-13 19:41:18.622314,RELIANCE,2789.93,4717,2788.54,1841874,2791.32,1961075
2026-08-13 19:41:18.639793,TCS,3738.55,1190,3736.68,2289526,3740.42,1534267
2026-08-13 19:41:18.655976,INFY,1474.92,672,1474.18,2072568,1475.66,2294565
2026-08-13 19:41:18.672239,PENNYSTOCK,14.57,3719,14.52,1289816,14.62,2493821
2026-08-13 19:41:33.407553,IDFCFIRSTB,73.01,7216,72.96,2065589,73.06,2118566
2026-08-13 19:41:33.437009,SUZLON,54.84,12153,54.79,2049862,54.89,2197611
2026-08-13 19:41:33.439007,GMRINFRA,89.57,5131,89.52,2182902,89.62,2083314
2026-08-13 19:41:33.455738,SOUTHBANK,33.67,9225,33.62,1659920,33.72,1337891
2026-08-13 19:41:33.472771,IRB,63.2,3310,63.15,2144885,63.25,2478361
2026-08-13 19:41:33.489827,HFCL,120.02,6827,119.96,2239447,120.08,1982600
2026-08-13 19:41:33.508422,NMDC,219.65,9305,219.54,2429355,219.76,1842079
2026-08-13 19:41:33.522350,TATAPOWER,412.38,4668,412.17,2003915,412.59,1538480
2026-08-13 19:41:33.554661,BHEL,297.16,2931,297.01,1134709,297.31,1515142
2026-08-13 19:41:33.569298,HUDCO,196.12,7409,196.02,1498813,196.22,2173683
2026-08-13 19:41:33.572620,PNB,114.33,8181,114.27,1346060,114.39,2144044
2026-08-13 19:41:33.589136,NHPC,95.2,7304,95.15,1112069,95.25,2198463
2026-08-13 19:41:33.606099,SMALLCAP1,45.85,767,45.8,16048,45.9,15118
2026-08-13 19:41:33.622314,RELIANCE,2793.88,1256,2792.48,1835562,2795.28,1892926
2026-08-13 19:41:33.639793,TCS,3742.13,5184,3740.26,1340164,3744.0,2246470
2026-08-13 19:41:33.655976,INFY,1473.45,5071,1472.71,2426435,1474.19,2407520
2026-08-13 19:41:33.672239,PENNYSTOCK,14.58,1543,14.53,2018471,14.63,1492646
2026-08-13 19:41:48.407553,IDFCFIRSTB,73.08,1314,73.03,1835023,73.13,2429564
2026-08-13 19:41:48.437009,SUZLON,54.81,5719,54.76,2367505,54.86,1446428
2026-08-13 19:41:48.439007,GMRINFRA,89.41,879,89.36,1635114,89.46,2460011
2026-08-13 19:41:48.455738,SOUTHBANK,33.72,12435,33.67,1936368,33.77,2445826
2026-08-13 19:41:48.472771,IRB,63.09,5222,63.04,1298895,63.14,1723381
2026-08-13 19:41:48.489827,HFCL,119.73,8425,119.67,1135982,119.79,2010981
2026-08-13 19:41:48.508422,NMDC,219.67,12338,219.56,2236828,219.78,2288548
2026-08-13 19:41:48.522350,TATAPOWER,412.26,10406,412.05,2281132,412.47,1058059
2026-08-13 19:41:48.554661,BHEL,297.32,3854,297.17,1476754,297.47,1495630
2026-08-13 19:41:48.569298,HUDCO,196.57,10546,196.47,1130647,196.67,1818226
2026-08-13 19:41:48.572620,PNB,114.14,5844,114.08,1316016,114.2,2100807
2026-08-13 19:41:48.589136,NHPC,95.1,8898,95.05,1755378,95.15,1998863
2026-08-13 19:41:48.606099,SMALLCAP1,45.96,112,45.91,23027,46.01,10283
2026-08-13 19:41:48.622314,RELIANCE,2798.92,2946,2797.52,1307678,2800.32,1545196
2026-08-13 19:41:48.639793,TCS,3742.66,3259,3740.79,1530169,3744.53,1678434
2026-08-13 19:41:48.655976,INFY,1476.87,8595,1476.13,1431027,1477.61,1133031
2026-08-13 19:41:48.672239,PENNYSTOCK,14.62,7540,14.57,1996081,14.67,2385189
2026-08-13 19:42:03.407553,IDFCFIRSTB,73.21,4829,73.16,2125562,73.26,1966403
2026-08-13 19:42:03.437009,SUZLON,54.76,5184,54.71,1152067,54.81,1921069
2026-08-13 19:42:03.439007,GMRINFRA,89.58,13097,89.53,2177707,89.63,1961304
2026-08-13 19:42:03.455738,SOUTHBANK,33.73,10784,33.68,1893653,33.78,1623634
2026-08-13 19:42:03.472771,IRB,63.15,11906,63.1,2493822,63.2,2307420
2026-08-13 19:42:03.489827,HFCL,119.71,1688,119.65,1386883,119.77,1287025
2026-08-13 19:42:03.508422,NMDC,219.58,8075,219.47,1158153,219.69,2272543
2026-08-13 19:42:03.522350,TATAPOWER,411.9,9935,411.69,1590438,412.11,1195474
2026-08-13 19:42:03.554661,BHEL,297.64,5890,297.49,2117046,297.79,2260887
2026-08-13 19:42:03.569298,HUDCO,196.61,894,196.51,2370972,196.71,1699841
2026-08-13 19:42:03.572620,PNB,113.91,2991,113.85,2256335,113.97,1950088
2026-08-13 19:42:03.589136,NHPC,95.12,14099,95.07,1658406,95.17,2206588
2026-08-13 19:42:03.606099,SMALLCAP1,46.1,957,46.05,19231,46.15,10090
2026-08-13 19:42:03.622314,RELIANCE,2801.46,2115,2800.06,2275630,2802.86,1656975
2026-08-13 19:42:03.639793,TCS,3744.46,82904,3742.59,1236076,3746.33,1692215
2026-08-13 19:42:03.655976,INFY,1478.5,14250,1477.76,1852371,1479.24,1091997
2026-08-13 19:42:03.672239,PENNYSTOCK,14.64,14101,14.59,2177819,14.69,1412934
2026-08-13 19:42:18.407553,IDFCFIRSTB,73.24,1854,73.19,1572630,73.29,1937599
2026-08-13 19:42:18.437009,SUZLON,54.79,13125,54.74,1579988,54.84,1909004
2026-08-13 19:42:18.439007,GMRINFRA,89.61,3859,89.56,2061663,89.66,2443420
2026-08-13 19:42:18.455738,SOUTHBANK,33.81,63960,33.76,2368084,33.86,1093069
2026-08-13 19:42:18.472771,IRB,63.18,5617,63.13,1679801,63.23,1104236
2026-08-13 19:42:18.489827,HFCL,119.65,10651,119.59,2410577,119.71,1815075
2026-08-13 19:42:18.508422,NMDC,219.87,2363,219.76,1566218,219.98,1235245
2026-08-13 19:42:18.522350,TATAPOWER,412.79,53448,412.58,1398632,413.0,2465118
2026-08-13 19:42:18.554661,BHEL,297.7,104392,297.55,1437479,297.85,1065975
2026-08-13 19:42:18.569298,HUDCO,196.23,10444,196.13,1465973,196.33,1114048
2026-08-13 19:42:18.572620,PNB,113.98,6362,113.92,1360187,114.04,2464021
2026-08-13 19:42:18.589136,NHPC,95.07,4912,95.02,1720730,95.12,2376902
2026-08-13 19:42:18.606099,SMALLCAP1,46.13,885,46.08,18267,46.18,21250
2026-08-13 19:42:18.622314,RELIANCE,2801.72,4872,2800.32,2483447,2803.12,1930149
2026-08-13 19:42:18.639793,TCS,3740.55,13825,3738.68,1051349,3742.42,2054412
2026-08-13 19:42:18.655976,INFY,1476.43,12228,1475.69,1248576,1477.17,2146355
2026-08-13 19:42:18.672239,PENNYSTOCK,14.62,9152,14.57,1167379,14.67,2186805
2026-08-13 19:42:33.407553,IDFCFIRSTB,73.51,539,73.46,1776373,73.56,2445964
2026-08-13 19:42:33.437009,SUZLON,54.83,3575,54.78,2393339,54.88,1165508
2026-08-13 19:42:33.439007,GMRINFRA,89.6,6673,89.55,1664334,89.65,1995777
2026-08-13 19:42:33.455738,SOUTHBANK,33.83,9611,33.78,1180674,33.88,1770971
2026-08-13 19:42:33.472771,IRB,63.16,6496,63.11,2252182,63.21,1755339
2026-08-13 19:42:33.489827,HFCL,119.8,5552,119.74,1165450,119.86,2162869
2026-08-13 19:42:33.508422,NMDC,219.49,7330,219.38,1194038,219.6,1917547
2026-08-13 19:42:33.522350,TATAPOWER,412.72,6789,412.51,1408213,412.93,1735431
2026-08-13 19:42:33.554661,BHEL,297.91,7804,297.76,1835651,298.06,1178793
2026-08-13 19:42:33.569298,HUDCO,196.34,793,196.24,1111947,196.44,1314070
2026-08-13 19:42:33.572620,PNB,113.74,12439,113.68,2444984,113.8,2034056
2026-08-13 19:42:33.589136,NHPC,94.87,1175,94.82,2365795,94.92,1107694
2026-08-13 19:42:33.606099,SMALLCAP1,46.09,1050,46.04,18727,46.14,21107
2026-08-13 19:42:33.622314,RELIANCE,2803.4,2550,2802.0,2424396,2804.8,1842037
2026-08-13 19:42:33.639793,TCS,3743.35,8139,3741.48,1635896,3745.22,1646403
2026-08-13 19:42:33.655976,INFY,1472.03,6371,1471.29,2447523,1472.77,1887200
2026-08-13 19:42:33.672239,PENNYSTOCK,14.62,4602,14.57,1610604,14.67,1706248
2026-08-13 19:42:48.407553,IDFCFIRSTB,73.38,5354,73.33,2034212,73.43,1887772
2026-08-13 19:42:48.437009,SUZLON,54.78,13487,54.73,2494197,54.83,1991922
2026-08-13 19:42:48.439007,GMRINFRA,89.94,14446,89.89,1436241,89.99,1690820
2026-08-13 19:42:48.455738,SOUTHBANK,33.86,12460,33.81,2272388,33.91,1393385
2026-08-13 19:42:48.472771,IRB,63.14,3634,63.09,1165578,63.19,1230090
2026-08-13 19:42:48.489827,HFCL,119.8,8532,119.74,2205036,119.86,2476526
2026-08-13 19:42:48.508422,NMDC,219.74,4210,219.63,1195947,219.85,2258545
2026-08-13 19:42:48.522350,TATAPOWER,411.72,7559,411.51,1363560,411.93,1443347
2026-08-13 19:42:48.554661,BHEL,297.51,10633,297.36,1294914,297.66,1820896
2026-08-13 19:42:48.569298,HUDCO,196.17,10310,196.07,2103844,196.27,1784850
2026-08-13 19:42:48.572620,PNB,113.8,5259,113.74,1282187,113.86,1704593
2026-08-13 19:42:48.589136,NHPC,94.86,12423,94.81,2351158,94.91,2079975
2026-08-13 19:42:48.606099,SMALLCAP1,45.98,3888,45.93,17379,46.03,23342
2026-08-13 19:42:48.622314,RELIANCE,2808.21,7793,2806.81,2326452,2809.61,1510294
2026-08-13 19:42:48.639793,TCS,3745.0,14431,3743.13,2389156,3746.87,2058738
2026-08-13 19:42:48.655976,INFY,1468.25,12789,1467.52,2407528,1468.98,1942631
2026-08-13 19:42:48.672239,PENNYSTOCK,14.65,14336,14.6,1451596,14.7,1573018
2026-08-13 19:43:03.407553,IDFCFIRSTB,73.46,4043,73.41,1452860,73.51,1440379
2026-08-13 19:43:03.437009,SUZLON,54.83,8889,54.78,2491061,54.88,1470587
2026-08-13 19:43:03.439007,GMRINFRA,89.93,5632,89.88,1166022,89.98,2281740
2026-08-13 19:43:03.455738,SOUTHBANK,33.79,10661,33.74,1541861,33.84,1862605
2026-08-13 19:43:03.472771,IRB,63.19,8542,63.14,1610331,63.24,1768439
2026-08-13 19:43:03.489827,HFCL,119.82,1971,119.76,1854077,119.88,1682522
2026-08-13 19:43:03.508422,NMDC,219.89,6089,219.78,2045648,220.0,1240658
2026-08-13 19:43:03.522350,TATAPOWER,411.62,7561,411.41,1161955,411.83,1837313
2026-08-13 19:43:03.554661,BHEL,297.47,14464,297.32,2182293,297.62,1461500
2026-08-13 19:43:03.569298,HUDCO,196.07,9128,195.97,2243631,196.17,1232359
2026-08-13 19:43:03.572620,PNB,114.16,14651,114.1,1216083,114.22,1187678
2026-08-13 19:43:03.589136,NHPC,95.16,3866,95.11,1567021,95.21,1758015
2026-08-13 19:43:03.606099,SMALLCAP1,46.06,506,46.01,14812,46.11,6134
2026-08-13 19:43:03.622314,RELIANCE,2804.71,743,2803.31,1659548,2806.11,2298060
2026-08-13 19:43:03.639793,TCS,3745.87,78942,3744.0,2186719,3747.74,2127745
2026-08-13 19:43:03.655976,INFY,1468.99,515,1468.26,1990255,1469.72,2091494
2026-08-13 19:43:03.672239,PENNYSTOCK,14.63,2952,14.58,1058550,14.68,1782128
2026-08-13 19:43:18.407553,IDFCFIRSTB,73.45,19344,73.4,2224193,73.5,1378081
2026-08-13 19:43:18.437009,SUZLON,54.88,978,54.83,2457719,54.93,2414882
2026-08-13 19:43:18.439007,GMRINFRA,89.94,5462,89.89,2150801,89.99,1388573
2026-08-13 19:43:18.455738,SOUTHBANK,33.9,6797,33.85,1969167,33.95,2048458
2026-08-13 19:43:18.472771,IRB,63.1,9475,63.05,1738885,63.15,1801716
2026-08-13 19:43:18.489827,HFCL,120.23,9150,120.17,1572689,120.29,2429739
2026-08-13 19:43:18.508422,NMDC,219.92,8747,219.81,2443400,220.03,1654536
2026-08-13 19:43:18.522350,TATAPOWER,411.94,8914,411.73,1440338,412.15,1429862
2026-08-13 19:43:18.554661,BHEL,297.55,4639,297.4,2129571,297.7,1639016
2026-08-13 19:43:18.569298,HUDCO,196.19,11507,196.09,1363128,196.29,2015530
2026-08-13 19:43:18.572620,PNB,114.08,13907,114.02,1091860,114.14,1069452
2026-08-13 19:43:18.589136,NHPC,95.21,2761,95.16,2272369,95.26,1925127
2026-08-13 19:43:18.606099,SMALLCAP1,46.04,622,45.99,9926,46.09,15970
2026-08-13 19:43:18.622314,RELIANCE,2798.0,10428,2796.6,2484721,2799.4,1892602
2026-08-13 19:43:18.639793,TCS,3737.95,1561,3736.08,2276193,3739.82,1475573
2026-08-13 19:43:18.655976,INFY,1469.14,11135,1468.41,1079784,1469.87,2247141
2026-08-13 19:43:18.672239,PENNYSTOCK,14.62,2536,14.57,1412722,14.67,1164544
2026-08-13 19:43:33.407553,IDFCFIRSTB,73.28,4347,73.23,2072617,73.33,1676329
2026-08-13 19:43:33.437009,SUZLON,54.88,12525,54.83,2312218,54.93,1566749
2026-08-13 19:43:33.439007,GMRINFRA,90.28,14022,90.23,1749746,90.33,1308203
2026-08-13 19:43:33.455738,SOUTHBANK,33.81,5747,33.76,1638846,33.86,2076733
2026-08-13 19:43:33.472771,IRB,62.98,14687,62.93,1322228,63.03,1802754
2026-08-13 19:43:33.489827,HFCL,120.16,2256,120.1,2476860,120.22,1085847
2026-08-13 19:43:33.508422,NMDC,219.99,4451,219.88,1934504,220.1,2207187
2026-08-13 19:43:33.522350,TATAPOWER,411.86,677,411.65,1323182,412.07,2429183
2026-08-13 19:43:33.554661,BHEL,297.58,10119,297.43,1389918,297.73,2187940
2026-08-13 19:43:33.569298,HUDCO,196.11,7945,196.01,1198630,196.21,1693907
2026-08-13 19:43:33.572620,PNB,113.63,7720,113.57,1169597,113.69,2481534
2026-08-13 19:43:33.589136,NHPC,94.75,10153,94.7,1089071,94.8,1387568
2026-08-13 19:43:33.606099,SMALLCAP1,46.0,191,45.95,14307,46.05,22918
2026-08-13 19:43:33.622314,RELIANCE,2800.17,11997,2798.77,2112505,2801.57,1748870
2026-08-13 19:43:33.639793,TCS,3734.7,2719,3732.83,2236769,3736.57,1839222
2026-08-13 19:43:33.655976,INFY,1463.72,96200,1462.99,1499658,1464.45,2485226
2026-08-13 19:43:33.672239,PENNYSTOCK,14.66,14814,14.61,1727867,14.71,2272513
2026-08-13 19:43:48.407553,IDFCFIRSTB,73.41,11339,73.36,2347374,73.46,1750074
2026-08-13 19:43:48.437009,SUZLON,54.75,7331,54.7,1311962,54.8,2495742
2026-08-13 19:43:48.439007,GMRINFRA,89.92,13355,89.87,2385494,89.97,1828795
2026-08-13 19:43:48.455738,SOUTHBANK,33.86,6573,33.81,1722051,33.91,1772107
2026-08-13 19:43:48.472771,IRB,63.04,10847,62.99,1462711,63.09,1608176
2026-08-13 19:43:48.489827,HFCL,120.03,13814,119.97,1545437,120.09,2080745
2026-08-13 19:43:48.508422,NMDC,220.07,6955,219.96,1644810,220.18,2485189
2026-08-13 19:43:48.522350,TATAPOWER,411.08,9673,410.87,1800617,411.29,1352423
2026-08-13 19:43:48.554661,BHEL,296.98,11333,296.83,1180644,297.13,2113038
2026-08-13 19:43:48.569298,HUDCO,196.37,7392,196.27,1777105,196.47,1413501
2026-08-13 19:43:48.572620,PNB,113.71,10110,113.65,2187581,113.77,1199930
2026-08-13 19:43:48.589136,NHPC,95.01,9269,94.96,1874697,95.06,2199856
2026-08-13 19:43:48.606099,SMALLCAP1,45.94,583,45.89,12546,45.99,23166
2026-08-13 19:43:48.622314,RELIANCE,2803.61,1073,2802.21,1327218,2805.01,2182525
2026-08-13 19:43:48.639793,TCS,3732.76,6259,3730.89,2273190,3734.63,1952462
2026-08-13 19:43:48.655976,INFY,1464.1,5113,1463.37,2236207,1464.83,1084513
2026-08-13 19:43:48.672239,PENNYSTOCK,14.65,7051,14.6,1084884,14.7,1942997
2026-08-13 19:44:03.407553,IDFCFIRSTB,73.46,7764,73.41,1965414,73.51,1127003
2026-08-13 19:44:03.437009,SUZLON,54.75,853,54.7,2344525,54.8,1880097
2026-08-13 19:44:03.439007,GMRINFRA,89.74,7525,89.69,1703027,89.79,1191954
2026-08-13 19:44:03.455738,SOUTHBANK,33.79,2254,33.74,1457258,33.84,2070074
2026-08-13 19:44:03.472771,IRB,63.01,46692,62.96,1876753,63.06,1898866
2026-08-13 19:44:03.489827,HFCL,120.38,2119,120.32,2432161,120.44,2177295
2026-08-13 19:44:03.508422,NMDC,220.01,7078,219.9,1565760,220.12,1227631
2026-08-13 19:44:03.522350,TATAPOWER,412.13,4287,411.92,2126017,412.34,1434785
2026-08-13 19:44:03.554661,BHEL,297.15,13834,297.0,1955088,297.3,1938695
2026-08-13 19:44:03.569298,HUDCO,196.37,5543,196.27,1636094,196.47,1378347
2026-08-13 19:44:03.572620,PNB,113.79,3897,113.73,1689467,113.85,1369966
2026-08-13 19:44:03.589136,NHPC,95.0,11332,94.95,2129188,95.05,1837261
2026-08-13 19:44:03.606099,SMALLCAP1,45.98,168,45.93,15455,46.03,21841
2026-08-13 19:44:03.622314,RELIANCE,2811.83,12469,2810.42,1708011,2813.24,1127523
2026-08-13 19:44:03.639793,TCS,3742.24,7865,3740.37,1889482,3744.11,1881839
2026-08-13 19:44:03.655976,INFY,1462.67,5260,1461.94,2207942,1463.4,1420744
2026-08-13 19:44:03.672239,PENNYSTOCK,14.66,8934,14.61,1959188,14.71,1753212
2026-08-13 19:44:18.407553,IDFCFIRSTB,73.43,12183,73.38,1779475,73.48,2251102
2026-08-13 19:44:18.437009,SUZLON,54.73,5901,54.68,2047478,54.78,1199231
2026-08-13 19:44:18.439007,GMRINFRA,89.85,14709,89.8,2287593,89.9,1320033
2026-08-13 19:44:18.455738,SOUTHBANK,33.83,4490,33.78,2055050,33.88,1411853
2026-08-13 19:44:18.472771,IRB,63.23,6555,63.18,1196890,63.28,1281867
2026-08-13 19:44:18.489827,HFCL,120.42,3789,120.36,1168885,120.48,2168907
2026-08-13 19:44:18.508422,NMDC,219.38,9482,219.27,1651838,219.49,1339151
2026-08-13 19:44:18.522350,TATAPOWER,412.06,36630,411.85,2090414,412.27,1889291
2026-08-13 19:44:18.554661,BHEL,298.17,757,298.02,2304361,298.32,1158468
2026-08-13 19:44:18.569298,HUDCO,195.94,10209,195.84,1749110,196.04,2166579
2026-08-13 19:44:18.572620,PNB,113.78,12181,113.72,2494360,113.84,1975072
2026-08-13 19:44:18.589136,NHPC,95.23,10743,95.18,1269449,95.28,1115810
2026-08-13 19:44:18.606099,SMALLCAP1,46.04,584,45.99,13362,46.09,9239
2026-08-13 19:44:18.622314,RELIANCE,2808.16,10158,2806.76,1395413,2809.56,2469334
2026-08-13 19:44:18.639793,TCS,3748.1,81900,3746.23,1820812,3749.97,1546249
2026-08-13 19:44:18.655976,INFY,1463.58,13700,1462.85,2041568,1464.31,1176945
2026-08-13 19:44:18.672239,PENNYSTOCK,14.66,9897,14.61,1314393,14.71,2340768
2026-08-13 19:44:33.407553,IDFCFIRSTB,73.37,4067,73.32,1988312,73.42,2010035
2026-08-13 19:44:33.437009,SUZLON,54.75,14617,54.7,1918344,54.8,1477453
2026-08-13 19:44:33.439007,GMRINFRA,89.83,2927,89.78,2113321,89.88,2266289
2026-08-13 19:44:33.455738,SOUTHBANK,33.92,3271,33.87,1151869,33.97,2054867
2026-08-13 19:44:33.472771,IRB,63.12,5654,63.07,1702392,63.17,1353608
2026-08-13 19:44:33.489827,HFCL,120.44,1537,120.38,1326460,120.5,2413709
2026-08-13 19:44:33.508422,NMDC,219.25,2027,219.14,1483413,219.36,1147462
2026-08-13 19:44:33.522350,TATAPOWER,413.62,1701,413.41,1283016,413.83,1226391
2026-08-13 19:44:33.554661,BHEL,297.73,8334,297.58,2213202,297.88,1942733
2026-08-13 19:44:33.569298,HUDCO,196.13,8822,196.03,2199003,196.23,2051389
2026-08-13 19:44:33.572620,PNB,113.68,7545,113.62,1581293,113.74,1464159
2026-08-13 19:44:33.589136,NHPC,95.26,6958,95.21,2293611,95.31,1680133
2026-08-13 19:44:33.606099,SMALLCAP1,46.01,1482,45.96,21461,46.06,12714
2026-08-13 19:44:33.622314,RELIANCE,2804.08,10079,2802.68,1353293,2805.48,1763678
2026-08-13 19:44:33.639793,TCS,3752.46,8334,3750.58,1165243,3754.34,1423402
2026-08-13 19:44:33.655976,INFY,1463.49,661,1462.76,2398397,1464.22,1848688
2026-08-13 19:44:33.672239,PENNYSTOCK,14.63,6478,14.58,1265355,14.68,1302874
2026-08-13 19:44:48.407553,IDFCFIRSTB,73.31,13500,73.26,1905695,73.36,2135925
2026-08-13 19:44:48.437009,SUZLON,54.8,12338,54.75,1983962,54.85,1335350
2026-08-13 19:44:48.439007,GMRINFRA,89.96,6755,89.91,2307745,90.01,2214942
2026-08-13 19:44:48.455738,SOUTHBANK,33.9,6842,33.85,2170081,33.95,1130141
2026-08-13 19:44:48.472771,IRB,63.14,3233,63.09,1603800,63.19,2210724
2026-08-13 19:44:48.489827,HFCL,120.23,3085,120.17,2405489,120.29,2270370
2026-08-13 19:44:48.508422,NMDC,219.01,3967,218.9,1595164,219.12,1634346
2026-08-13 19:44:48.522350,TATAPOWER,414.0,3385,413.79,2069049,414.21,2351260
2026-08-13 19:44:48.554661,BHEL,297.36,10280,297.21,1947208,297.51,1780986
2026-08-13 19:44:48.569298,HUDCO,195.72,9459,195.62,1645753,195.82,1453570
2026-08-13 19:44:48.572620,PNB,113.77,5220,113.71,1365804,113.83,1315382
2026-08-13 19:44:48.589136,NHPC,95.5,1185,95.45,1891276,95.55,2395325
2026-08-13 19:44:48.606099,SMALLCAP1,46.03,415,45.98,9842,46.08,12643
2026-08-13 19:44:48.622314,RELIANCE,2801.04,5799,2799.64,2064131,2802.44,1860127
2026-08-13 19:44:48.639793,TCS,3750.79,888,3748.91,1967992,3752.67,2308950
2026-08-13 19:44:48.655976,INFY,1464.29,7133,1463.56,1902249,1465.02,2468577
2026-08-13 19:44:48.672239,PENNYSTOCK,14.61,4866,14.56,2481642,14.66,1423557
2026-08-13 19:45:03.407553,IDFCFIRSTB,73.49,1223,73.44,1565215,73.54,2354234
2026-08-13 19:45:03.437009,SUZLON,54.82,9755,54.77,1841937,54.87,2069709
2026-08-13 19:45:03.439007,GMRINFRA,89.91,2581,89.86,1133069,89.96,1078693
2026-08-13 19:45:03.455738,SOUTHBANK,33.91,8644,33.86,1894105,33.96,1958877
2026-08-13 19:45:03.472771,IRB,62.97,7010,62.92,1241994,63.02,2320141
2026-08-13 19:45:03.489827,HFCL,120.27,7896,120.21,1374652,120.33,1624259
2026-08-13 19:45:03.508422,NMDC,219.25,1431,219.14,1953717,219.36,1805850
2026-08-13 19:45:03.522350,TATAPOWER,414.14,7347,413.93,1799113,414.35,1211848
2026-08-13 19:45:03.554661,BHEL,297.2,14737,297.05,1213034,297.35,1941513
2026-08-13 19:45:03.569298,HUDCO,195.16,5034,195.06,2405650,195.26,1535179
2026-08-13 19:45:03.572620,PNB,113.9,4087,113.84,1338880,113.96,1845606
2026-08-13 19:45:03.589136,NHPC,95.49,12009,95.44,2357401,95.54,2237925
2026-08-13 19:45:03.606099,SMALLCAP1,46.12,982,46.07,16107,46.17,6592
2026-08-13 19:45:03.622314,RELIANCE,2804.08,10565,2802.68,1744884,2805.48,1124570
2026-08-13 19:45:03.639793,TCS,3745.44,1353,3743.57,1139252,3747.31,1737115
2026-08-13 19:45:03.655976,INFY,1465.67,10082,1464.94,2208675,1466.4,1200248
2026-08-13 19:45:03.672239,PENNYSTOCK,14.61,36095,14.56,2417143,14.66,2367013
2026-08-13 19:45:18.407553,IDFCFIRSTB,73.45,1826,73.4,1086371,73.5,1260575
2026-08-13 19:45:18.437009,SUZLON,55.03,10328,54.98,1552851,55.08,1347837
2026-08-13 19:45:18.439007,GMRINFRA,90.2,4386,90.15,1871910,90.25,1791715
2026-08-13 19:45:18.455738,SOUTHBANK,33.91,13344,33.86,1369251,33.96,1429317
2026-08-13 19:45:18.472771,IRB,62.98,6964,62.93,2427719,63.03,2238945
2026-08-13 19:45:18.489827,HFCL,120.04,1405,119.98,1900450,120.1,1951050
2026-08-13 19:45:18.508422,NMDC,219.39,14591,219.28,2341115,219.5,1839256
2026-08-13 19:45:18.522350,TATAPOWER,414.48,1997,414.27,1938180,414.69,1559239
2026-08-13 19:45:18.554661,BHEL,297.75,11921,297.6,2298822,297.9,1757627
2026-08-13 19:45:18.569298,HUDCO,195.28,2226,195.18,1650036,195.38,2352525
2026-08-13 19:45:18.572620,PNB,113.86,7310,113.8,1365849,113.92,1500975
2026-08-13 19:45:18.589136,NHPC,95.56,11675,95.51,1910563,95.61,1652926
2026-08-13 19:45:18.606099,SMALLCAP1,46.16,721,46.11,5405,46.21,6265
2026-08-13 19:45:18.622314,RELIANCE,2809.4,7341,2808.0,1843289,2810.8,1904154
2026-08-13 19:45:18.639793,TCS,3745.19,107712,3743.32,1055945,3747.06,2026724
2026-08-13 19:45:18.655976,INFY,1467.0,13772,1466.27,1541360,1467.73,2254992
2026-08-13 19:45:18.672239,PENNYSTOCK,14.58,2286,14.53,1383201,14.63,1924392
2026-08-13 19:45:33.407553,IDFCFIRSTB,73.52,14890,73.47,1103553,73.57,2121021
2026-08-13 19:45:33.437009,SUZLON,55.09,11746,55.04,1293540,55.14,2388187
2026-08-13 19:45:33.439007,GMRINFRA,90.16,12882,90.11,1609893,90.21,1423694
2026-08-13 19:45:33.455738,SOUTHBANK,33.9,13877,33.85,1466341,33.95,1841303
2026-08-13 19:45:33.472771,IRB,62.87,56670,62.82,1067830,62.92,1059183
2026-08-13 19:45:33.489827,HFCL,119.75,2278,119.69,1834988,119.81,1842346
2026-08-13 19:45:33.508422,NMDC,219.27,13892,219.16,1171514,219.38,1795624
2026-08-13 19:45:33.522350,TATAPOWER,415.04,1664,414.83,1332888,415.25,1616900
2026-08-13 19:45:33.554661,BHEL,298.46,1384,298.31,1939048,298.61,1107341
2026-08-13 19:45:33.569298,HUDCO,195.34,1351,195.24,1997129,195.44,1991750
2026-08-13 19:45:33.572620,PNB,114.02,4733,113.96,2412516,114.08,1762404
2026-08-13 19:45:33.589136,NHPC,95.64,5836,95.59,1711548,95.69,1544964
2026-08-13 19:45:33.606099,SMALLCAP1,46.15,399,46.1,6681,46.2,22557
2026-08-13 19:45:33.622314,RELIANCE,2808.41,3912,2807.01,2293981,2809.81,2347900
2026-08-13 19:45:33.639793,TCS,3743.37,4271,3741.5,2017838,3745.24,1470825
2026-08-13 19:45:33.655976,INFY,1466.13,3465,1465.4,2082289,1466.86,1582614
2026-08-13 19:45:33.672239,PENNYSTOCK,14.57,12096,14.52,1735648,14.62,1314526
2026-08-13 19:45:48.407553,IDFCFIRSTB,73.39,13963,73.34,1886525,73.44,2063906
2026-08-13 19:45:48.437009,SUZLON,55.31,11338,55.26,1937832,55.36,1584477
2026-08-13 19:45:48.439007,GMRINFRA,90.17,4716,90.12,2054886,90.22,1884581
2026-08-13 19:45:48.455738,SOUTHBANK,33.88,132903,33.83,1236809,33.93,1604937
2026-08-13 19:45:48.472771,IRB,62.85,7907,62.8,1404571,62.9,1440059
2026-08-13 19:45:48.489827,HFCL,119.45,8375,119.39,1739906,119.51,2236624
2026-08-13 19:45:48.508422,NMDC,219.01,7626,218.9,1145551,219.12,2435307
2026-08-13 19:45:48.522350,TATAPOWER,415.62,5915,415.41,2350983,415.83,1564000
2026-08-13 19:45:48.554661,BHEL,298.71,11788,298.56,1660228,298.86,1705459
2026-08-13 19:45:48.569298,HUDCO,195.57,5123,195.47,1184735,195.67,1492607
2026-08-13 19:45:48.572620,PNB,113.91,12906,113.85,1523905,113.97,2463867
2026-08-13 19:45:48.589136,NHPC,95.51,6287,95.46,2416952,95.56,1878847
2026-08-13 19:45:48.606099,SMALLCAP1,46.24,462,46.19,8586,46.29,14628
2026-08-13 19:45:48.622314,RELIANCE,2801.39,11422,2799.99,2227046,2802.79,1974397
2026-08-13 19:45:48.639793,TCS,3743.98,13363,3742.11,1370687,3745.85,1124133
2026-08-13 19:45:48.655976,INFY,1464.13,6938,1463.4,2064313,1464.86,1493572
2026-08-13 19:45:48.672239,PENNYSTOCK,14.59,4361,14.54,1584618,14.64,1246479
2026-08-13 19:46:03.407553,IDFCFIRSTB,73.12,9138,73.07,1862087,73.17,1508014
2026-08-13 19:46:03.437009,SUZLON,55.32,9371,55.27,2008554,55.37,2413667
2026-08-13 19:46:03.439007,GMRINFRA,90.06,3930,90.01,1309673,90.11,2098034
2026-08-13 19:46:03.455738,SOUTHBANK,33.86,14805,33.81,2112609,33.91,1142495
2026-08-13 19:46:03.472771,IRB,62.9,13646,62.85,1527881,62.95,1417932
2026-08-13 19:46:03.489827,HFCL,119.49,11500,119.43,1120786,119.55,1979179
2026-08-13 19:46:03.508422,NMDC,219.02,65807,218.91,1562304,219.13,2321822
2026-08-13 19:46:03.522350,TATAPOWER,415.72,12704,415.51,1829405,415.93,1665183
2026-08-13 19:46:03.554661,BHEL,297.49,11602,297.34,1471906,297.64,1599539
2026-08-13 19:46:03.569298,HUDCO,195.49,12939,195.39,2481175,195.59,1752856
2026-08-13 19:46:03.572620,PNB,114.0,11050,113.94,1191878,114.06,1261271
2026-08-13 19:46:03.589136,NHPC,95.47,12090,95.42,1367662,95.52,1546560
2026-08-13 19:46:03.606099,SMALLCAP1,46.28,54,46.23,24336,46.33,19400
2026-08-13 19:46:03.622314,RELIANCE,2791.47,3833,2790.07,1308739,2792.87,1854589
2026-08-13 19:46:03.639793,TCS,3738.61,6374,3736.74,1335199,3740.48,1240255
2026-08-13 19:46:03.655976,INFY,1466.56,3940,1465.83,1245884,1467.29,1603758
2026-08-13 19:46:03.672239,PENNYSTOCK,14.57,11627,14.52,1735337,14.62,2415935
2026-08-13 19:46:18.407553,IDFCFIRSTB,73.09,2354,73.04,1580344,73.14,1343964
2026-08-13 19:46:18.437009,SUZLON,55.48,6782,55.43,2172187,55.53,2169126
2026-08-13 19:46:18.439007,GMRINFRA,89.86,4704,89.81,1343833,89.91,1983537
2026-08-13 19:46:18.455738,SOUTHBANK,33.87,3251,33.82,1275898,33.92,2289232
2026-08-13 19:46:18.472771,IRB,62.96,8094,62.91,1494580,63.01,1073284
2026-08-13 19:46:18.489827,HFCL,119.68,4950,119.62,1921593,119.74,1782282
2026-08-13 19:46:18.508422,NMDC,219.16,11777,219.05,2475828,219.27,1301084
2026-08-13 19:46:18.522350,TATAPOWER,415.05,3787,414.84,1428768,415.26,1225817
2026-08-13 19:46:18.554661,BHEL,297.15,1892,297.0,1482170,297.3,2066060
2026-08-13 19:46:18.569298,HUDCO,195.1,6336,195.0,2092603,195.2,1665603
2026-08-13 19:46:18.572620,PNB,114.06,69980,114.0,1941829,114.12,1162245
2026-08-13 19:46:18.589136,NHPC,95.76,11175,95.71,2149099,95.81,2339074
2026-08-13 19:46:18.606099,SMALLCAP1,46.16,137,46.11,5873,46.21,16644
2026-08-13 19:46:18.622314,RELIANCE,2795.82,12748,2794.42,1145875,2797.22,1971868
2026-08-13 19:46:18.639793,TCS,3732.61,1591,3730.74,2419483,3734.48,1190121
2026-08-13 19:46:18.655976,INFY,1466.26,161988,1465.53,1377851,1466.99,1523586
2026-08-13 19:46:18.672239,PENNYSTOCK,14.55,10818,14.5,1469051,14.6,1691617
2026-08-13 19:46:33.407553,IDFCFIRSTB,73.03,9893,72.98,2052251,73.08,2405985
2026-08-13 19:46:33.437009,SUZLON,55.49,12439,55.44,1472691,55.54,1799952
2026-08-13 19:46:33.439007,GMRINFRA,89.85,2094,89.8,1741682,89.9,1080337
2026-08-13 19:46:33.455738,SOUTHBANK,33.9,13347,33.85,1489821,33.95,1383695
2026-08-13 19:46:33.472771,IRB,62.95,9855,62.9,2054181,63.0,1137157
2026-08-13 19:46:33.489827,HFCL,119.3,597,119.24,1304872,119.36,1193464
2026-08-13 19:46:33.508422,NMDC,219.63,3006,219.52,1426841,219.74,2451773
2026-08-13 19:46:33.522350,TATAPOWER,415.21,9894,415.0,1313918,415.42,2210461
2026-08-13 19:46:33.554661,BHEL,297.68,6196,297.53,2241471,297.83,1946940
2026-08-13 19:46:33.569298,HUDCO,194.71,13820,194.61,1402571,194.81,1368548
2026-08-13 19:46:33.572620,PNB,114.06,10414,114.0,1434896,114.12,1639930
2026-08-13 19:46:33.589136,NHPC,95.86,8649,95.81,1173221,95.91,1728618
2026-08-13 19:46:33.606099,SMALLCAP1,46.16,422,46.11,18249,46.21,13216
2026-08-13 19:46:33.622314,RELIANCE,2798.39,10229,2796.99,1828919,2799.79,2072721
2026-08-13 19:46:33.639793,TCS,3730.88,9438,3729.01,1494157,3732.75,2334398
2026-08-13 19:46:33.655976,INFY,1466.44,3136,1465.71,1436670,1467.17,1424025
2026-08-13 19:46:33.672239,PENNYSTOCK,14.54,12831,14.49,1852080,14.59,2340189
2026-08-13 19:46:48.407553,IDFCFIRSTB,72.9,5910,72.85,1238686,72.95,2341249
2026-08-13 19:46:48.437009,SUZLON,55.51,8883,55.46,1588251,55.56,1469313
2026-08-13 19:46:48.439007,GMRINFRA,89.72,7021,89.67,1484255,89.77,1780880
2026-08-13 19:46:48.455738,SOUTHBANK,33.83,7950,33.78,2452218,33.88,1715884
2026-08-13 19:46:48.472771,IRB,62.75,1760,62.7,2200222,62.8,1982434
2026-08-13 19:46:48.489827,HFCL,119.39,11912,119.33,1644095,119.45,2071008
2026-08-13 19:46:48.508422,NMDC,219.59,3735,219.48,1576809,219.7,2002551
2026-08-13 19:46:48.522350,TATAPOWER,416.4,3160,416.19,1133350,416.61,1292547
2026-08-13 19:46:48.554661,BHEL,297.74,14484,297.59,2037509,297.89,2021264
2026-08-13 19:46:48.569298,HUDCO,194.74,14369,194.64,1212285,194.84,2470681
2026-08-13 19:46:48.572620,PNB,114.37,14174,114.31,2086309,114.43,1399924
2026-08-13 19:46:48.589136,NHPC,95.97,13649,95.92,1113113,96.02,1208648
2026-08-13 19:46:48.606099,SMALLCAP1,46.16,878,46.11,16593,46.21,16512
2026-08-13 19:46:48.622314,RELIANCE,2806.52,5984,2805.12,1302505,2807.92,1716063
2026-08-13 19:46:48.639793,TCS,3722.08,2047,3720.22,1515597,3723.94,2144059
2026-08-13 19:46:48.655976,INFY,1468.19,8037,1467.46,2309127,1468.92,1110591
2026-08-13 19:46:48.672239,PENNYSTOCK,14.51,10074,14.46,2057254,14.56,2009451
2026-08-13 19:47:03.407553,IDFCFIRSTB,72.9,4047,72.85,2090558,72.95,1265621
2026-08-13 19:47:03.437009,SUZLON,55.5,14392,55.45,1625311,55.55,1198808
2026-08-13 19:47:03.439007,GMRINFRA,89.83,8821,89.78,1840428,89.88,1170553
2026-08-13 19:47:03.455738,SOUTHBANK,33.82,11271,33.77,1249578,33.87,2180378
2026-08-13 19:47:03.472771,IRB,62.86,8591,62.81,2315075,62.91,2441765
2026-08-13 19:47:03.489827,HFCL,119.27,11007,119.21,2140369,119.33,1406656
2026-08-13 19:47:03.508422,NMDC,220.11,13424,220.0,1058275,220.22,2405403
2026-08-13 19:47:03.522350,TATAPOWER,416.07,8128,415.86,2447563,416.28,2283841
2026-08-13 19:47:03.554661,BHEL,298.04,9062,297.89,2263983,298.19,2382048
2026-08-13 19:47:03.569298,HUDCO,194.85,1098,194.75,2282088,194.95,1989809
2026-08-13 19:47:03.572620,PNB,114.0,10895,113.94,1541822,114.06,1620612
2026-08-13 19:47:03.589136,NHPC,96.27,4638,96.22,1126629,96.32,1881101
2026-08-13 19:47:03.606099,SMALLCAP1,46.17,779,46.12,17092,46.22,13908
2026-08-13 19:47:03.622314,RELIANCE,2806.7,4580,2805.3,1765813,2808.1,2483393
2026-08-13 19:47:03.639793,TCS,3727.7,61145,3725.84,1668027,3729.56,2113295
2026-08-13 19:47:03.655976,INFY,1470.74,8935,1470.0,1162453,1471.48,1189484
2026-08-13 19:47:03.672239,PENNYSTOCK,14.54,5556,14.49,2224971,14.59,1446497
2026-08-13 19:47:18.407553,IDFCFIRSTB,73.0,10841,72.95,2470151,73.05,1997422
2026-08-13 19:47:18.437009,SUZLON,55.49,13854,55.44,2001983,55.54,2103318
2026-08-13 19:47:18.439007,GMRINFRA,89.69,3123,89.64,1814159,89.74,1542867
2026-08-13 19:47:18.455738,SOUTHBANK,33.88,8119,33.83,1554869,33.93,1722246
2026-08-13 19:47:18.472771,IRB,62.86,8936,62.81,1892172,62.91,1461789
2026-08-13 19:47:18.489827,HFCL,119.36,624,119.3,1372041,119.42,2162659
2026-08-13 19:47:18.508422,NMDC,220.89,6205,220.78,1792643,221.0,1179614
2026-08-13 19:47:18.522350,TATAPOWER,416.38,10428,416.17,1783103,416.59,2015340
2026-08-13 19:47:18.554661,BHEL,297.9,5198,297.75,1865510,298.05,2122490
2026-08-13 19:47:18.569298,HUDCO,195.04,13534,194.94,1773758,195.14,1336741
2026-08-13 19:47:18.572620,PNB,113.64,7165,113.58,1985105,113.7,1797771
2026-08-13 19:47:18.589136,NHPC,96.34,10536,96.29,1063685,96.39,1318901
2026-08-13 19:47:18.606099,SMALLCAP1,46.24,879,46.19,10903,46.29,16054
2026-08-13 19:47:18.622314,RELIANCE,2810.49,74305,2809.08,1174098,2811.9,2342515
2026-08-13 19:47:18.639793,TCS,3730.94,9859,3729.07,1284720,3732.81,1467820
2026-08-13 19:47:18.655976,INFY,1470.49,8179,1469.75,2213233,1471.23,1620064
2026-08-13 19:47:18.672239,PENNYSTOCK,14.49,10861,14.44,1958684,14.54,1805455
2026-08-13 19:47:33.407553,IDFCFIRSTB,73.08,12601,73.03,1912234,73.13,2477264
2026-08-13 19:47:33.437009,SUZLON,55.42,9579,55.37,1490486,55.47,1318998
2026-08-13 19:47:33.439007,GMRINFRA,89.69,1641,89.64,1806667,89.74,2059387
2026-08-13 19:47:33.455738,SOUTHBANK,33.79,5025,33.74,1479412,33.84,1139913
2026-08-13 19:47:33.472771,IRB,63.0,80370,62.95,2141907,63.05,2428849
2026-08-13 19:47:33.489827,HFCL,119.54,8101,119.48,1093119,119.6,2369849
2026-08-13 19:47:33.508422,NMDC,220.58,3878,220.47,2139451,220.69,1265284
2026-08-13 19:47:33.522350,TATAPOWER,416.47,13696,416.26,1738341,416.68,1307709
2026-08-13 19:47:33.554661,BHEL,297.52,9177,297.37,1803523,297.67,1296548
2026-08-13 19:47:33.569298,HUDCO,195.01,1913,194.91,1604014,195.11,2066136
2026-08-13 19:47:33.572620,PNB,113.73,10647,113.67,1526294,113.79,2409607
2026-08-13 19:47:33.589136,NHPC,96.31,1644,96.26,1867891,96.36,1963046
2026-08-13 19:47:33.606099,SMALLCAP1,46.31,98,46.26,6128,46.36,17326
2026-08-13 19:47:33.622314,RELIANCE,2811.2,7111,2809.79,1067274,2812.61,1337156
2026-08-13 19:47:33.639793,TCS,3733.64,8364,3731.77,1194703,3735.51,1486399
2026-08-13 19:47:33.655976,INFY,1468.37,3791,1467.64,1640814,1469.1,1291073
2026-08-13 19:47:33.672239,PENNYSTOCK,14.48,10407,14.43,2364768,14.53,1240857
2026-08-13 19:47:48.407553,IDFCFIRSTB,73.04,10601,72.99,1225765,73.09,2468246
2026-08-13 19:47:48.437009,SUZLON,55.52,6955,55.47,2222775,55.57,1429508
2026-08-13 19:47:48.439007,GMRINFRA,89.74,12800,89.69,1572306,89.79,2039170
2026-08-13 19:47:48.455738,SOUTHBANK,33.76,14071,33.71,1261779,33.81,2274410
2026-08-13 19:47:48.472771,IRB,62.96,10202,62.91,2081982,63.01,1377359
2026-08-13 19:47:48.489827,HFCL,119.5,12045,119.44,1561505,119.56,2192956
2026-08-13 19:47:48.508422,NMDC,220.72,14382,220.61,1427541,220.83,2489680
2026-08-13 19:47:48.522350,TATAPOWER,417.09,11459,416.88,1918920,417.3,2045918
2026-08-13 19:47:48.554661,BHEL,297.66,2774,297.51,2418404,297.81,2433857
2026-08-13 19:47:48.569298,HUDCO,194.89,7730,194.79,2464146,194.99,1415837
2026-08-13 19:47:48.572620,PNB,113.84,11212,113.78,1926981,113.9,2491946
2026-08-13 19:47:48.589136,NHPC,96.47,7075,96.42,1334132,96.52,1964200
2026-08-13 19:47:48.606099,SMALLCAP1,46.39,827,46.34,10737,46.44,19668
2026-08-13 19:47:48.622314,RELIANCE,2814.6,5646,2813.19,2387958,2816.01,1772077
2026-08-13 19:47:48.639793,TCS,3734.98,3822,3733.11,1484594,3736.85,2104587
2026-08-13 19:47:48.655976,INFY,1467.17,5521,1466.44,1559364,1467.9,2293519
2026-08-13 19:47:48.672239,PENNYSTOCK,14.52,6856,14.47,1250242,14.57,2021999
2026-08-13 19:48:03.407553,IDFCFIRSTB,73.19,9896,73.14,2432714,73.24,1669040
2026-08-13 19:48:03.437009,SUZLON,55.64,2619,55.59,2363859,55.69,2018717
2026-08-13 19:48:03.439007,GMRINFRA,89.52,5736,89.47,1784377,89.57,2483355
2026-08-13 19:48:03.455738,SOUTHBANK,33.74,2528,33.69,1641489,33.79,1705228
2026-08-13 19:48:03.472771,IRB,63.13,1968,63.08,1090824,63.18,1214429
2026-08-13 19:48:03.489827,HFCL,119.37,1063,119.31,1758749,119.43,2112523
2026-08-13 19:48:03.508422,NMDC,220.46,10935,220.35,2367209,220.57,1180376
2026-08-13 19:48:03.522350,TATAPOWER,416.2,13652,415.99,1566845,416.41,2194841
2026-08-13 19:48:03.554661,BHEL,297.89,1858,297.74,1516858,298.04,2426060
2026-08-13 19:48:03.569298,HUDCO,195.04,1726,194.94,1378388,195.14,1536485
2026-08-13 19:48:03.572620,PNB,114.09,2068,114.03,2337071,114.15,2259203
2026-08-13 19:48:03.589136,NHPC,96.36,11869,96.31,1796766,96.41,1293836
2026-08-13 19:48:03.606099,SMALLCAP1,46.42,312,46.37,20609,46.47,18586
2026-08-13 19:48:03.622314,RELIANCE,2816.05,5387,2814.64,1660979,2817.46,1081435
2026-08-13 19:48:03.639793,TCS,3739.23,8733,3737.36,1353636,3741.1,1521922
2026-08-13 19:48:03.655976,INFY,1464.84,10347,1464.11,1183661,1465.57,2238178
2026-08-13 19:48:03.672239,PENNYSTOCK,14.52,6751,14.47,1808246,14.57,2490759
2026-08-13 19:48:18.407553,IDFCFIRSTB,73.37,2118,73.32,1640185,73.42,1088405
2026-08-13 19:48:18.437009,SUZLON,55.7,9263,55.65,1374415,55.75,1462318
2026-08-13 19:48:18.439007,GMRINFRA,89.53,13994,89.48,1072314,89.58,1659858
2026-08-13 19:48:18.455738,SOUTHBANK,33.7,10987,33.65,1344629,33.75,2119828
2026-08-13 19:48:18.472771,IRB,63.17,8146,63.12,1052902,63.22,1426814
2026-08-13 19:48:18.489827,HFCL,119.32,13608,119.26,1266852,119.38,2185020
2026-08-13 19:48:18.508422,NMDC,220.15,12809,220.04,1643576,220.26,1555649
2026-08-13 19:48:18.522350,TATAPOWER,417.15,6969,416.94,1329537,417.36,1814602
2026-08-13 19:48:18.554661,BHEL,298.51,2469,298.36,1715055,298.66,1735840
2026-08-13 19:48:18.569298,HUDCO,194.57,1776,194.47,1084287,194.67,1337261
2026-08-13 19:48:18.572620,PNB,114.2,11256,114.14,2279393,114.26,2387037
2026-08-13 19:48:18.589136,NHPC,96.44,12122,96.39,2172997,96.49,1765430
2026-08-13 19:48:18.606099,SMALLCAP1,46.36,851,46.31,17962,46.41,17908
2026-08-13 19:48:18.622314,RELIANCE,2808.41,13878,2807.01,1474069,2809.81,1156669
2026-08-13 19:48:18.639793,TCS,3744.99,12280,3743.12,1246633,3746.86,2127857
2026-08-13 19:48:18.655976,INFY,1463.13,5535,1462.4,1187305,1463.86,2297680
2026-08-13 19:48:18.672239,PENNYSTOCK,14.51,12882,14.46,1437796,14.56,1691866
2026-08-13 19:48:33.407553,IDFCFIRSTB,73.31,4096,73.26,1251145,73.36,2339659
2026-08-13 19:48:33.437009,SUZLON,55.71,6457,55.66,1337628,55.76,2007168
2026-08-13 19:48:33.439007,GMRINFRA,89.63,13075,89.58,2111675,89.68,1398261
2026-08-13 19:48:33.455738,SOUTHBANK,33.7,5551,33.65,2399250,33.75,2011198
2026-08-13 19:48:33.472771,IRB,63.09,9242,63.04,1247333,63.14,1822919
2026-08-13 19:48:33.489827,HFCL,119.34,2372,119.28,1719774,119.4,1256705
2026-08-13 19:48:33.508422,NMDC,220.34,7155,220.23,1963133,220.45,1632650
2026-08-13 19:48:33.522350,TATAPOWER,417.15,8226,416.94,1890496,417.36,2415945
2026-08-13 19:48:33.554661,BHEL,297.88,12660,297.73,1775169,298.03,1068983
2026-08-13 19:48:33.569298,HUDCO,194.71,7692,194.61,1289170,194.81,1394661
2026-08-13 19:48:33.572620,PNB,114.21,9204,114.15,1293226,114.27,1618965
2026-08-13 19:48:33.589136,NHPC,96.77,13304,96.72,2218061,96.82,1730066
2026-08-13 19:48:33.606099,SMALLCAP1,46.32,351,46.27,13393,46.37,20470
2026-08-13 19:48:33.622314,RELIANCE,2812.89,14493,2811.48,1187677,2814.3,1873956
2026-08-13 19:48:33.639793,TCS,3743.34,14947,3741.47,1257949,3745.21,1790409
2026-08-13 19:48:33.655976,INFY,1468.42,10807,1467.69,2094705,1469.15,1271364
2026-08-13 19:48:33.672239,PENNYSTOCK,14.5,2889,14.45,1504743,14.55,2309183
2026-08-13 19:48:48.407553,IDFCFIRSTB,73.11,3186,73.06,1252416,73.16,1423753
2026-08-13 19:48:48.437009,SUZLON,55.75,8681,55.7,1531849,55.8,1791402
2026-08-13 19:48:48.439007,GMRINFRA,89.58,7147,89.53,1991345,89.63,1760467
2026-08-13 19:48:48.455738,SOUTHBANK,33.7,14282,33.65,2206676,33.75,2304790
2026-08-13 19:48:48.472771,IRB,63.17,4397,63.12,1858583,63.22,1984081
2026-08-13 19:48:48.489827,HFCL,119.28,4537,119.22,2171248,119.34,2398680
2026-08-13 19:48:48.508422,NMDC,220.24,8471,220.13,2450691,220.35,1642093
2026-08-13 19:48:48.522350,TATAPOWER,416.77,9250,416.56,1909714,416.98,1176705
2026-08-13 19:48:48.554661,BHEL,297.69,9775,297.54,1979405,297.84,1077673
2026-08-13 19:48:48.569298,HUDCO,194.06,10907,193.96,1760196,194.16,2450216
2026-08-13 19:48:48.572620,PNB,114.42,9931,114.36,2434210,114.48,1652676
2026-08-13 19:48:48.589136,NHPC,96.72,3091,96.67,1529132,96.77,1956908
2026-08-13 19:48:48.606099,SMALLCAP1,46.35,747,46.3,21808,46.4,17321
2026-08-13 19:48:48.622314,RELIANCE,2811.26,14869,2809.85,1562710,2812.67,1749653
2026-08-13 19:48:48.639793,TCS,3751.6,13273,3749.72,2336111,3753.48,1755925
2026-08-13 19:48:48.655976,INFY,1470.72,5963,1469.98,1410338,1471.46,2246560
2026-08-13 19:48:48.672239,PENNYSTOCK,14.51,6374,14.46,2077356,14.56,2210781
2026-08-13 19:49:03.407553,IDFCFIRSTB,73.26,13893,73.21,1221332,73.31,1575921
2026-08-13 19:49:03.437009,SUZLON,55.86,1237,55.81,1255238,55.91,1592125
2026-08-13 19:49:03.439007,GMRINFRA,89.57,37597,89.52,1185976,89.62,2248721
2026-08-13 19:49:03.455738,SOUTHBANK,33.66,4911,33.61,2022604,33.71,2277277
2026-08-13 19:49:03.472771,IRB,63.35,9953,63.3,2076298,63.4,1190909
2026-08-13 19:49:03.489827,HFCL,119.35,9840,119.29,1631874,119.41,1552960
2026-08-13 19:49:03.508422,NMDC,220.59,14753,220.48,1123361,220.7,2495849
2026-08-13 19:49:03.522350,TATAPOWER,417.75,5059,417.54,1665429,417.96,2076646
2026-08-13 19:49:03.554661,BHEL,297.9,14731,297.75,1122525,298.05,1701645
2026-08-13 19:49:03.569298,HUDCO,194.27,13861,194.17,2438286,194.37,1979877
2026-08-13 19:49:03.572620,PNB,114.54,13619,114.48,1770827,114.6,1663994
2026-08-13 19:49:03.589136,NHPC,96.81,7766,96.76,2120591,96.86,2086721
2026-08-13 19:49:03.606099,SMALLCAP1,46.27,806,46.22,12074,46.32,19539
2026-08-13 19:49:03.622314,RELIANCE,2813.58,4961,2812.17,2234884,2814.99,1459282
2026-08-13 19:49:03.639793,TCS,3751.82,3295,3749.94,1345524,3753.7,1210253
2026-08-13 19:49:03.655976,INFY,1471.48,11436,1470.74,1902532,1472.22,2437052
2026-08-13 19:49:03.672239,PENNYSTOCK,14.52,14682,14.47,2075442,14.57,1103332
2026-08-13 19:49:18.407553,IDFCFIRSTB,73.22,2961,73.17,1919188,73.27,1263527
2026-08-13 19:49:18.437009,SUZLON,55.88,10794,55.83,1451779,55.93,2068049
2026-08-13 19:49:18.439007,GMRINFRA,89.62,2636,89.57,1694028,89.67,1432789
2026-08-13 19:49:18.455738,SOUTHBANK,33.66,2840,33.61,2209282,33.71,1261018
2026-08-13 19:49:18.472771,IRB,63.43,9590,63.38,1083482,63.48,1341285
2026-08-13 19:49:18.489827,HFCL,119.61,104532,119.55,1187063,119.67,1530492
2026-08-13 19:49:18.508422,NMDC,220.42,9964,220.31,2415060,220.53,2070816
2026-08-13 19:49:18.522350,TATAPOWER,418.48,1574,418.27,1973164,418.69,2251034
2026-08-13 19:49:18.554661,BHEL,297.67,6376,297.52,1172203,297.82,2369244
2026-08-13 19:49:18.569298,HUDCO,195.03,768,194.93,1412369,195.13,1110163
2026-08-13 19:49:18.572620,PNB,114.29,4469,114.23,2009978,114.35,1877310
2026-08-13 19:49:18.589136,NHPC,96.76,11615,96.71,2446739,96.81,2062111
2026-08-13 19:49:18.606099,SMALLCAP1,46.21,972,46.16,23819,46.26,16492
2026-08-13 19:49:18.622314,RELIANCE,2818.15,8028,2816.74,1907303,2819.56,2071655
2026-08-13 19:49:18.639793,TCS,3748.81,8722,3746.94,1419193,3750.68,2263915
2026-08-13 19:49:18.655976,INFY,1469.17,9816,1468.44,2022432,1469.9,1705671
2026-08-13 19:49:18.672239,PENNYSTOCK,14.51,7836,14.46,1835136,14.56,1117396
2026-08-13 19:49:33.407553,IDFCFIRSTB,73.3,4271,73.25,2050958,73.35,1545893
2026-08-13 19:49:33.437009,SUZLON,55.88,4479,55.83,1864198,55.93,1727226
2026-08-13 19:49:33.439007,GMRINFRA,89.67,12037,89.62,2333357,89.72,2161392
2026-08-13 19:49:33.455738,SOUTHBANK,33.63,14482,33.58,1283714,33.68,1082501
2026-08-13 19:49:33.472771,IRB,63.39,14770,63.34,1849944,63.44,2448933
2026-08-13 19:49:33.489827,HFCL,119.46,10826,119.4,1176914,119.52,2172757
2026-08-13 19:49:33.508422,NMDC,220.21,4781,220.1,1112699,220.32,1383531
2026-08-13 19:49:33.522350,TATAPOWER,418.62,6674,418.41,1069160,418.83,2483558
2026-08-13 19:49:33.554661,BHEL,295.82,7630,295.67,2359368,295.97,2414713
2026-08-13 19:49:33.569298,HUDCO,194.89,18848,194.79,1743167,194.99,2319892
2026-08-13 19:49:33.572620,PNB,114.29,10528,114.23,1729912,114.35,1882342
2026-08-13 19:49:33.589136,NHPC,96.58,6141,96.53,2223991,96.63,1118847
2026-08-13 19:49:33.606099,SMALLCAP1,46.3,590,46.25,17228,46.35,15636
2026-08-13 19:49:33.622314,RELIANCE,2814.88,10957,2813.47,1483793,2816.29,2237605
2026-08-13 19:49:33.639793,TCS,3747.99,14335,3746.12,1231744,3749.86,1083400
2026-08-13 19:49:33.655976,INFY,1469.85,99544,1469.12,1421481,1470.58,1526525
2026-08-13 19:49:33.672239,PENNYSTOCK,14.54,3824,14.49,1368839,14.59,1497926
2026-08-13 19:49:48.407553,IDFCFIRSTB,73.4,3977,73.35,1260024,73.45,1737799
2026-08-13 19:49:48.437009,SUZLON,55.82,4800,55.77,2161336,55.87,1220829
2026-08-13 19:49:48.439007,GMRINFRA,89.71,14277,89.66,1958263,89.76,2163237
2026-08-13 19:49:48.455738,SOUTHBANK,33.66,8988,33.61,1805956,33.71,1371451
2026-08-13 19:49:48.472771,IRB,63.38,10758,63.33,1741401,63.43,1697271
2026-08-13 19:49:48.489827,HFCL,119.73,7428,119.67,1251390,119.79,2199268
2026-08-13 19:49:48.508422,NMDC,220.14,9673,220.03,1770102,220.25,2394619
2026-08-13 19:49:48.522350,TATAPOWER,418.45,6169,418.24,1393749,418.66,1407551
2026-08-13 19:49:48.554661,BHEL,295.87,2111,295.72,1611620,296.02,1741220
2026-08-13 19:49:48.569298,HUDCO,194.73,11253,194.63,1533794,194.83,1255714
2026-08-13 19:49:48.572620,PNB,113.88,4638,113.82,1107447,113.94,1516381
2026-08-13 19:49:48.589136,NHPC,96.57,1710,96.52,1193869,96.62,1643845
2026-08-13 19:49:48.606099,SMALLCAP1,46.28,619,46.23,7112,46.33,5590
2026-08-13 19:49:48.622314,RELIANCE,2815.47,1278,2814.06,1151340,2816.88,1132668
2026-08-13 19:49:48.639793,TCS,3749.8,13167,3747.93,1876583,3751.67,1612067
2026-08-13 19:49:48.655976,INFY,1472.29,8447,1471.55,1696921,1473.03,1638181
2026-08-13 19:49:48.672239,PENNYSTOCK,14.52,13402,14.47,1701887,14.57,2377581
2026-08-13 19:50:03.407553,IDFCFIRSTB,73.41,5679,73.36,2129911,73.46,2236087
2026-08-13 19:50:03.437009,SUZLON,55.68,6427,55.63,1752368,55.73,1908584
2026-08-13 19:50:03.439007,GMRINFRA,89.61,4862,89.56,2446898,89.66,1126207
2026-08-13 19:50:03.455738,SOUTHBANK,33.58,6947,33.53,2306235,33.63,1165921
2026-08-13 19:50:03.472771,IRB,63.51,14042,63.46,2460535,63.56,2270021
2026-08-13 19:50:03.489827,HFCL,119.59,2660,119.53,1148495,119.65,1517907
2026-08-13 19:50:03.508422,NMDC,220.36,10658,220.25,1072999,220.47,1373408
2026-08-13 19:50:03.522350,TATAPOWER,419.79,2413,419.58,2327789,420.0,2179152
2026-08-13 19:50:03.554661,BHEL,295.96,7196,295.81,2451057,296.11,2377437
2026-08-13 19:50:03.569298,HUDCO,194.54,10649,194.44,1382047,194.64,1131840
2026-08-13 19:50:03.572620,PNB,113.75,6244,113.69,1284656,113.81,2371451
2026-08-13 19:50:03.589136,NHPC,96.4,14570,96.35,1828045,96.45,2063923
2026-08-13 19:50:03.606099,SMALLCAP1,46.19,561,46.14,13111,46.24,20618
2026-08-13 19:50:03.622314,RELIANCE,2809.16,2371,2807.76,2438857,2810.56,1728811
2026-08-13 19:50:03.639793,TCS,3754.11,13762,3752.23,1485846,3755.99,1165125
2026-08-13 19:50:03.655976,INFY,1473.63,9086,1472.89,1744139,1474.37,1367105
2026-08-13 19:50:03.672239,PENNYSTOCK,14.54,1956,14.49,2150762,14.59,1926089
2026-08-13 19:50:18.407553,IDFCFIRSTB,73.26,1669,73.21,1594745,73.31,1999206
2026-08-13 19:50:18.437009,SUZLON,55.73,3328,55.68,1666826,55.78,2288299
2026-08-13 19:50:18.439007,GMRINFRA,89.63,9338,89.58,2063924,89.68,1793881
2026-08-13 19:50:18.455738,SOUTHBANK,33.65,3375,33.6,1242858,33.7,2377157
2026-08-13 19:50:18.472771,IRB,63.47,8472,63.42,1781161,63.52,1637496
2026-08-13 19:50:18.489827,HFCL,120.02,12749,119.96,2477930,120.08,1626540
2026-08-13 19:50:18.508422,NMDC,220.88,6421,220.77,1675596,220.99,2006352
2026-08-13 19:50:18.522350,TATAPOWER,420.19,11963,419.98,2478580,420.4,1928841
2026-08-13 19:50:18.554661,BHEL,296.66,10965,296.51,1489587,296.81,1235697
2026-08-13 19:50:18.569298,HUDCO,194.88,3395,194.78,1162092,194.98,2255856
2026-08-13 19:50:18.572620,PNB,113.59,5754,113.53,1706165,113.65,1162139
2026-08-13 19:50:18.589136,NHPC,96.44,1460,96.39,2091740,96.49,1827531
2026-08-13 19:50:18.606099,SMALLCAP1,46.2,137,46.15,13521,46.25,6683
2026-08-13 19:50:18.622314,RELIANCE,2810.03,14950,2808.62,1450033,2811.44,1192976
2026-08-13 19:50:18.639793,TCS,3747.56,4080,3745.69,2256025,3749.43,2422304
2026-08-13 19:50:18.655976,INFY,1472.43,13194,1471.69,1787228,1473.17,2110213
2026-08-13 19:50:18.672239,PENNYSTOCK,14.54,12542,14.49,1330592,14.59,2044130
2026-08-13 19:50:33.407553,IDFCFIRSTB,73.26,7652,73.21,1462026,73.31,2051322
2026-08-13 19:50:33.437009,SUZLON,55.73,14408,55.68,1813241,55.78,1994323
2026-08-13 19:50:33.439007,GMRINFRA,89.73,10180,89.68,1556349,89.78,1706967
2026-08-13 19:50:33.455738,SOUTHBANK,33.68,1411,33.63,1394313,33.73,2413262
2026-08-13 19:50:33.472771,IRB,63.53,796,63.48,1124863,63.58,1221318
2026-08-13 19:50:33.489827,HFCL,120.3,13859,120.24,1693961,120.36,1672120
2026-08-13 19:50:33.508422,NMDC,220.8,7453,220.69,2202292,220.91,1190618
2026-08-13 19:50:33.522350,TATAPOWER,420.07,8785,419.86,1303415,420.28,1092803
2026-08-13 19:50:33.554661,BHEL,296.69,2082,296.54,2205101,296.84,1600939
2026-08-13 19:50:33.569298,HUDCO,195.27,14023,195.17,1687518,195.37,1243182
2026-08-13 19:50:33.572620,PNB,113.43,14760,113.37,2231103,113.49,1927260
2026-08-13 19:50:33.589136,NHPC,96.44,4375,96.39,2232432,96.49,1220282
2026-08-13 19:50:33.606099,SMALLCAP1,46.27,532,46.22,21391,46.32,19607
2026-08-13 19:50:33.622314,RELIANCE,2813.84,891,2812.43,1428900,2815.25,1344681
2026-08-13 19:50:33.639793,TCS,3746.75,3868,3744.88,1350418,3748.62,1522878
2026-08-13 19:50:33.655976,INFY,1470.85,1039,1470.11,1941731,1471.59,1711289
2026-08-13 19:50:33.672239,PENNYSTOCK,14.55,12579,14.5,2387937,14.6,1891828
2026-08-13 19:50:48.407553,IDFCFIRSTB,73.16,3589,73.11,1550062,73.21,1687147
2026-08-13 19:50:48.437009,SUZLON,55.71,2815,55.66,2019761,55.76,1794773
2026-08-13 19:50:48.439007,GMRINFRA,89.99,2880,89.94,1659930,90.04,2252597
2026-08-13 19:50:48.455738,SOUTHBANK,33.71,10298,33.66,1143386,33.76,1403452
2026-08-13 19:50:48.472771,IRB,63.55,7933,63.5,1302333,63.6,1859976
2026-08-13 19:50:48.489827,HFCL,120.67,4543,120.61,1409277,120.73,1621300
2026-08-13 19:50:48.508422,NMDC,220.45,87264,220.34,1210642,220.56,1339813
2026-08-13 19:50:48.522350,TATAPOWER,420.11,4873,419.9,2004011,420.32,1143699
2026-08-13 19:50:48.554661,BHEL,296.41,1731,296.26,1405534,296.56,1818929
2026-08-13 19:50:48.569298,HUDCO,195.04,8829,194.94,2441743,195.14,2454948
2026-08-13 19:50:48.572620,PNB,113.71,2942,113.65,1783527,113.77,2024232
2026-08-13 19:50:48.589136,NHPC,96.38,517,96.33,2177069,96.43,1983280
2026-08-13 19:50:48.606099,SMALLCAP1,46.36,160,46.31,22374,46.41,9285
2026-08-13 19:50:48.622314,RELIANCE,2816.28,13679,2814.87,1116215,2817.69,2430758
2026-08-13 19:50:48.639793,TCS,3755.14,9682,3753.26,1551031,3757.02,1369019
2026-08-13 19:50:48.655976,INFY,1468.9,747,1468.17,2259310,1469.63,2238277
2026-08-13 19:50:48.672239,PENNYSTOCK,14.58,14510,14.53,2299210,14.63,2433507
2026-08-13 19:51:03.407553,IDFCFIRSTB,73.12,72513,73.07,2263059,73.17,1781412
2026-08-13 19:51:03.437009,SUZLON,55.6,11967,55.55,2008910,55.65,2229229
2026-08-13 19:51:03.439007,GMRINFRA,89.87,6210,89.82,1894980,89.92,2035214
2026-08-13 19:51:03.455738,SOUTHBANK,33.73,576,33.68,1342441,33.78,1300235
2026-08-13 19:51:03.472771,IRB,63.78,7376,63.73,1390458,63.83,1872619
2026-08-13 19:51:03.489827,HFCL,120.62,82404,120.56,1169732,120.68,1575868
2026-08-13 19:51:03.508422,NMDC,220.08,1878,219.97,1704264,220.19,1996297
2026-08-13 19:51:03.522350,TATAPOWER,419.16,27272,418.95,1905168,419.37,2193964
2026-08-13 19:51:03.554661,BHEL,296.59,11708,296.44,2456990,296.74,1792947
2026-08-13 19:51:03.569298,HUDCO,195.05,4487,194.95,1376523,195.15,2274678
2026-08-13 19:51:03.572620,PNB,113.89,3929,113.83,1172219,113.95,2487358
2026-08-13 19:51:03.589136,NHPC,96.29,7639,96.24,2366753,96.34,1371209
2026-08-13 19:51:03.606099,SMALLCAP1,46.24,714,46.19,12145,46.29,19064
2026-08-13 19:51:03.622314,RELIANCE,2815.46,12334,2814.05,2093142,2816.87,1360892
2026-08-13 19:51:03.639793,TCS,3750.41,3657,3748.53,1783220,3752.29,1775693
2026-08-13 19:51:03.655976,INFY,1471.96,773,1471.22,1098207,1472.7,1609945
2026-08-13 19:51:03.672239,PENNYSTOCK,14.58,1337,14.53,2108343,14.63,1710398
2026-08-13 19:51:18.407553,IDFCFIRSTB,73.05,12005,73.0,2408008,73.1,1711111
2026-08-13 19:51:18.437009,SUZLON,55.61,10653,55.56,2443043,55.66,2410974
2026-08-13 19:51:18.439007,GMRINFRA,89.85,8196,89.8,1352518,89.9,1129031
2026-08-13 19:51:18.455738,SOUTHBANK,33.68,4111,33.63,1819676,33.73,1227025
2026-08-13 19:51:18.472771,IRB,63.66,617,63.61,2356985,63.71,1370991
2026-08-13 19:51:18.489827,HFCL,120.75,12185,120.69,1770837,120.81,1710953
2026-08-13 19:51:18.508422,NMDC,219.85,3382,219.74,1371330,219.96,1131913
2026-08-13 19:51:18.522350,TATAPOWER,419.43,1803,419.22,2379988,419.64,1708936
2026-08-13 19:51:18.554661,BHEL,296.4,2086,296.25,1597087,296.55,2042513
2026-08-13 19:51:18.569298,HUDCO,195.21,10746,195.11,1906382,195.31,1245188
2026-08-13 19:51:18.572620,PNB,113.9,995,113.84,1414906,113.96,1569321
2026-08-13 19:51:18.589136,NHPC,96.37,13031,96.32,2293306,96.42,1693306
2026-08-13 19:51:18.606099,SMALLCAP1,46.34,868,46.29,7501,46.39,19296
2026-08-13 19:51:18.622314,RELIANCE,2820.35,5769,2818.94,2256757,2821.76,2331169
2026-08-13 19:51:18.639793,TCS,3761.07,3855,3759.19,1677082,3762.95,2319498
2026-08-13 19:51:18.655976,INFY,1469.5,9440,1468.77,1799120,1470.23,1533154
2026-08-13 19:51:18.672239,PENNYSTOCK,14.61,4149,14.56,1575303,14.66,1893224
2026-08-13 19:51:33.407553,IDFCFIRSTB,72.99,3508,72.94,2158890,73.04,1197745
2026-08-13 19:51:33.437009,SUZLON,55.53,4480,55.48,1242748,55.58,1867304
2026-08-13 19:51:33.439007,GMRINFRA,89.5,9129,89.45,2394610,89.55,1425560
2026-08-13 19:51:33.455738,SOUTHBANK,33.76,10818,33.71,1281873,33.81,2232012
2026-08-13 19:51:33.472771,IRB,63.62,10113,63.57,1059674,63.67,1237634
2026-08-13 19:51:33.489827,HFCL,120.52,3329,120.46,2212148,120.58,2197632
2026-08-13 19:51:33.508422,NMDC,219.61,3049,219.5,2416796,219.72,1732064
2026-08-13 19:51:33.522350,TATAPOWER,419.23,7403,419.02,1635178,419.44,1080820
2026-08-13 19:51:33.554661,BHEL,296.07,9018,295.92,2340530,296.22,1588540
2026-08-13 19:51:33.569298,HUDCO,195.37,13470,195.27,1076495,195.47,1108852
2026-08-13 19:51:33.572620,PNB,113.77,76257,113.71,1683108,113.83,1308503
2026-08-13 19:51:33.589136,NHPC,96.45,6753,96.4,1527925,96.5,2318211
2026-08-13 19:51:33.606099,SMALLCAP1,46.3,87,46.25,8387,46.35,8393
2026-08-13 19:51:33.622314,RELIANCE,2820.93,4708,2819.52,1297899,2822.34,1084086
2026-08-13 19:51:33.639793,TCS,3755.98,11609,3754.1,2185168,3757.86,1960034
2026-08-13 19:51:33.655976,INFY,1465.28,37170,1464.55,1692508,1466.01,2121951
2026-08-13 19:51:33.672239,PENNYSTOCK,14.56,10736,14.51,2085460,14.61,2132718
2026-08-13 19:51:48.407553,IDFCFIRSTB,73.01,13336,72.96,1576632,73.06,1958809
2026-08-13 19:51:48.437009,SUZLON,55.47,13582,55.42,1864899,55.52,1752859
2026-08-13 19:51:48.439007,GMRINFRA,89.2,8879,89.15,1170669,89.25,2027478
2026-08-13 19:51:48.455738,SOUTHBANK,33.76,850,33.71,2127788,33.81,1432079
2026-08-13 19:51:48.472771,IRB,63.49,3796,63.44,1991767,63.54,1330578
2026-08-13 19:51:48.489827,HFCL,120.54,8108,120.48,2035242,120.6,1565733
2026-08-13 19:51:48.508422,NMDC,219.81,3855,219.7,1571327,219.92,1774735
2026-08-13 19:51:48.522350,TATAPOWER,417.93,7229,417.72,1342364,418.14,2063475
2026-08-13 19:51:48.554661,BHEL,296.23,3661,296.08,1960739,296.38,1146991
2026-08-13 19:51:48.569298,HUDCO,195.44,8247,195.34,1818181,195.54,2436880
2026-08-13 19:51:48.572620,PNB,113.71,3019,113.65,1168712,113.77,1233451
2026-08-13 19:51:48.589136,NHPC,96.44,3803,96.39,2335216,96.49,1743943
2026-08-13 19:51:48.606099,SMALLCAP1,46.29,408,46.24,6895,46.34,14541
2026-08-13 19:51:48.622314,RELIANCE,2822.73,3902,2821.32,1183387,2824.14,2479352
2026-08-13 19:51:48.639793,TCS,3754.38,10957,3752.5,1722627,3756.26,2234354
2026-08-13 19:51:48.655976,INFY,1466.98,2643,1466.25,1178717,1467.71,2381463
2026-08-13 19:51:48.672239,PENNYSTOCK,14.57,12174,14.52,2226693,14.62,2183801
2026-08-13 19:52:03.407553,IDFCFIRSTB,72.9,82338,72.85,1279907,72.95,1174560
2026-08-13 19:52:03.437009,SUZLON,55.48,11145,55.43,1581537,55.53,1352227
2026-08-13 19:52:03.439007,GMRINFRA,89.34,12287,89.29,1992297,89.39,1283533
2026-08-13 19:52:03.455738,SOUTHBANK,33.72,12974,33.67,1770372,33.77,1150521
2026-08-13 19:52:03.472771,IRB,63.58,8680,63.53,2155592,63.63,1766003
2026-08-13 19:52:03.489827,HFCL,120.4,3307,120.34,1832050,120.46,1914376
2026-08-13 19:52:03.508422,NMDC,219.71,10112,219.6,1565191,219.82,1109594
2026-08-13 19:52:03.522350,TATAPOWER,419.1,107001,418.89,2115284,419.31,1723001
2026-08-13 19:52:03.554661,BHEL,296.38,9314,296.23,1316503,296.53,1299284
2026-08-13 19:52:03.569298,HUDCO,195.15,2788,195.05,1913343,195.25,1720983
2026-08-13 19:52:03.572620,PNB,113.41,6738,113.35,1779781,113.47,1732315
2026-08-13 19:52:03.589136,NHPC,96.54,12628,96.49,1443087,96.59,1553086
2026-08-13 19:52:03.606099,SMALLCAP1,46.41,717,46.36,15910,46.46,8698
2026-08-13 19:52:03.622314,RELIANCE,2818.74,4313,2817.33,1495695,2820.15,1441405
2026-08-13 19:52:03.639793,TCS,3758.01,63612,3756.13,2290389,3759.89,2435579
2026-08-13 19:52:03.655976,INFY,1468.04,4969,1467.31,1144802,1468.77,1400781
2026-08-13 19:52:03.672239,PENNYSTOCK,14.57,1095,14.52,1589214,14.62,2249456
2026-08-13 19:52:18.407553,IDFCFIRSTB,72.8,13388,72.75,1266140,72.85,1624462
2026-08-13 19:52:18.437009,SUZLON,55.55,13209,55.5,1953166,55.6,1481120
2026-08-13 19:52:18.439007,GMRINFRA,89.49,12524,89.44,2270940,89.54,2161503
2026-08-13 19:52:18.455738,SOUTHBANK,33.69,1995,33.64,1784954,33.74,1081724
2026-08-13 19:52:18.472771,IRB,63.65,2626,63.6,2368774,63.7,1197401
2026-08-13 19:52:18.489827,HFCL,120.43,4538,120.37,1798692,120.49,1427137
2026-08-13 19:52:18.508422,NMDC,219.98,950,219.87,2300700,220.09,1918228
2026-08-13 19:52:18.522350,TATAPOWER,419.19,6713,418.98,2436668,419.4,1954500
2026-08-13 19:52:18.554661,BHEL,296.88,5528,296.73,1569626,297.03,1197005
2026-08-13 19:52:18.569298,HUDCO,195.54,1045,195.44,2469909,195.64,2128626
2026-08-13 19:52:18.572620,PNB,113.16,7190,113.1,2440493,113.22,2024351
2026-08-13 19:52:18.589136,NHPC,96.19,4020,96.14,1580445,96.24,1848247
2026-08-13 19:52:18.606099,SMALLCAP1,46.62,952,46.57,12867,46.67,9928
2026-08-13 19:52:18.622314,RELIANCE,2817.1,9054,2815.69,1577330,2818.51,1083240
2026-08-13 19:52:18.639793,TCS,3761.28,6198,3759.4,2395778,3763.16,1434394
2026-08-13 19:52:18.655976,INFY,1469.16,9224,1468.43,1999042,1469.89,2104091
2026-08-13 19:52:18.672239,PENNYSTOCK,14.57,12223,14.52,1592023,14.62,1451087
2026-08-13 19:52:33.407553,IDFCFIRSTB,72.8,13282,72.75,1741071,72.85,1212325
2026-08-13 19:52:33.437009,SUZLON,55.67,5518,55.62,2147575,55.72,1929502
2026-08-13 19:52:33.439007,GMRINFRA,89.69,2080,89.64,1984706,89.74,1094152
2026-08-13 19:52:33.455738,SOUTHBANK,33.7,86250,33.65,2093010,33.75,1269176
2026-08-13 19:52:33.472771,IRB,63.74,6947,63.69,2414235,63.79,1523301
2026-08-13 19:52:33.489827,HFCL,120.52,832,120.46,2230974,120.58,1170098
2026-08-13 19:52:33.508422,NMDC,219.47,7285,219.36,1438132,219.58,1262223
2026-08-13 19:52:33.522350,TATAPOWER,418.94,1909,418.73,1286039,419.15,2285233
2026-08-13 19:52:33.554661,BHEL,296.72,4306,296.57,1082325,296.87,1431025
2026-08-13 19:52:33.569298,HUDCO,195.83,11280,195.73,2296210,195.93,1304846
2026-08-13 19:52:33.572620,PNB,113.24,5175,113.18,1122221,113.3,1716512
2026-08-13 19:52:33.589136,NHPC,96.04,2611,95.99,2127859,96.09,1469118
2026-08-13 19:52:33.606099,SMALLCAP1,46.6,986,46.55,21415,46.65,8069
2026-08-13 19:52:33.622314,RELIANCE,2814.94,9275,2813.53,1871938,2816.35,1177661
2026-08-13 19:52:33.639793,TCS,3759.37,111264,3757.49,2481273,3761.25,1646600
2026-08-13 19:52:33.655976,INFY,1469.02,9068,1468.29,2049761,1469.75,1125514
2026-08-13 19:52:33.672239,PENNYSTOCK,14.59,10720,14.54,1912520,14.64,1307901
2026-08-13 19:52:48.407553,IDFCFIRSTB,72.81,8114,72.76,2234237,72.86,2341111
2026-08-13 19:52:48.437009,SUZLON,55.64,14762,55.59,2292106,55.69,2326622
2026-08-13 19:52:48.439007,GMRINFRA,89.56,14477,89.51,2254166,89.61,1201976
2026-08-13 19:52:48.455738,SOUTHBANK,33.76,5673,33.71,2181174,33.81,1080089
2026-08-13 19:52:48.472771,IRB,63.83,3142,63.78,1492924,63.88,1634722
2026-08-13 19:52:48.489827,HFCL,120.5,12796,120.44,2456715,120.56,1519562
2026-08-13 19:52:48.508422,NMDC,219.72,14844,219.61,2261318,219.83,1991268
2026-08-13 19:52:48.522350,TATAPOWER,419.0,9283,418.79,1816350,419.21,1082850
2026-08-13 19:52:48.554661,BHEL,296.04,12441,295.89,1423008,296.19,1814550
2026-08-13 19:52:48.569298,HUDCO,196.24,5933,196.14,2368153,196.34,1234503
2026-08-13 19:52:48.572620,PNB,112.93,7216,112.87,1361274,112.99,2434734
2026-08-13 19:52:48.589136,NHPC,96.05,11699,96.0,2386452,96.1,1329333
2026-08-13 19:52:48.606099,SMALLCAP1,46.62,326,46.57,8943,46.67,14400
2026-08-13 19:52:48.622314,RELIANCE,2817.78,11782,2816.37,1780789,2819.19,2225854
2026-08-13 19:52:48.639793,TCS,3761.82,13454,3759.94,2383957,3763.7,1538191
2026-08-13 19:52:48.655976,INFY,1472.5,112952,1471.76,1712859,1473.24,2190717
2026-08-13 19:52:48.672239,PENNYSTOCK,14.59,1584,14.54,2276093,14.64,2288312
2026-08-13 19:53:03.407553,IDFCFIRSTB,72.82,120681,72.77,1086228,72.87,1578696
2026-08-13 19:53:03.437009,SUZLON,55.6,14104,55.55,1855293,55.65,1964346
2026-08-13 19:53:03.439007,GMRINFRA,89.9,58933,89.85,1066965,89.95,2318522
2026-08-13 19:53:03.455738,SOUTHBANK,33.77,13542,33.72,2429059,33.82,1223194
2026-08-13 19:53:03.472771,IRB,63.84,10707,63.79,1494808,63.89,2120210
2026-08-13 19:53:03.489827,HFCL,120.41,11448,120.35,1949916,120.47,1681476
2026-08-13 19:53:03.508422,NMDC,219.28,14623,219.17,1142895,219.39,1658857
2026-08-13 19:53:03.522350,TATAPOWER,418.82,10574,418.61,1793233,419.03,1134701
2026-08-13 19:53:03.554661,BHEL,295.28,74100,295.13,1599257,295.43,1298092
2026-08-13 19:53:03.569298,HUDCO,196.49,2964,196.39,1277739,196.59,2366307
2026-08-13 19:53:03.572620,PNB,113.03,6030,112.97,1293998,113.09,2101961
2026-08-13 19:53:03.589136,NHPC,95.98,6419,95.93,2266031,96.03,1704237
2026-08-13 19:53:03.606099,SMALLCAP1,46.63,82,46.58,24998,46.68,10292
2026-08-13 19:53:03.622314,RELIANCE,2824.88,3582,2823.47,2261774,2826.29,1618446
2026-08-13 19:53:03.639793,TCS,3765.81,2590,3763.93,1933643,3767.69,2205136
2026-08-13 19:53:03.655976,INFY,1474.98,8791,1474.24,1528695,1475.72,1781739
2026-08-13 19:53:03.672239,PENNYSTOCK,14.59,3543,14.54,1186970,14.64,1315450
2026-08-13 19:53:18.407553,IDFCFIRSTB,73.06,11539,73.01,1822607,73.11,1402130
2026-08-13 19:53:18.437009,SUZLON,55.49,9397,55.44,2270409,55.54,1255291
2026-08-13 19:53:18.439007,GMRINFRA,89.93,10687,89.88,1422999,89.98,1644598
2026-08-13 19:53:18.455738,SOUTHBANK,33.78,8088,33.73,1389341,33.83,1492275
2026-08-13 19:53:18.472771,IRB,63.95,70164,63.9,2325233,64.0,1238088
2026-08-13 19:53:18.489827,HFCL,120.41,1972,120.35,1952946,120.47,2456759
2026-08-13 19:53:18.508422,NMDC,219.16,10739,219.05,1294126,219.27,1575338
2026-08-13 19:53:18.522350,TATAPOWER,420.3,4614,420.09,1185975,420.51,1634170
2026-08-13 19:53:18.554661,BHEL,294.98,1912,294.83,1456110,295.13,1882004
2026-08-13 19:53:18.569298,HUDCO,196.1,11975,196.0,1731689,196.2,1266069
2026-08-13 19:53:18.572620,PNB,112.7,5926,112.64,1854712,112.76,1819891
2026-08-13 19:53:18.589136,NHPC,96.02,9391,95.97,2424892,96.07,1275352
2026-08-13 19:53:18.606099,SMALLCAP1,46.72,447,46.67,7727,46.77,24373
2026-08-13 19:53:18.622314,RELIANCE,2830.62,6194,2829.2,2152261,2832.04,1332768
2026-08-13 19:53:18.639793,TCS,3761.67,5612,3759.79,2487815,3763.55,2173730
2026-08-13 19:53:18.655976,INFY,1477.02,1597,1476.28,1725430,1477.76,1197089
2026-08-13 19:53:18.672239,PENNYSTOCK,14.58,6741,14.53,1731497,14.63,1190761
2026-08-13 19:53:33.407553,IDFCFIRSTB,72.89,8333,72.84,2452746,72.94,1351491
2026-08-13 19:53:33.437009,SUZLON,55.51,4110,55.46,2089613,55.56,1361377
2026-08-13 19:53:33.439007,GMRINFRA,90.03,9191,89.98,1926450,90.08,1867114
2026-08-13 19:53:33.455738,SOUTHBANK,33.83,10592,33.78,2356039,33.88,1333603
2026-08-13 19:53:33.472771,IRB,63.97,6300,63.92,2141650,64.02,2082948
2026-08-13 19:53:33.489827,HFCL,120.2,3715,120.14,1788545,120.26,1851797
2026-08-13 19:53:33.508422,NMDC,219.32,10153,219.21,1234791,219.43,2084077
2026-08-13 19:53:33.522350,TATAPOWER,421.06,14390,420.85,2439900,421.27,2068924
2026-08-13 19:53:33.554661,BHEL,295.77,14215,295.62,1630962,295.92,1710241
2026-08-13 19:53:33.569298,HUDCO,196.04,61821,195.94,2173538,196.14,2342250
2026-08-13 19:53:33.572620,PNB,112.75,7890,112.69,1634524,112.81,2443825
2026-08-13 19:53:33.589136,NHPC,95.96,12338,95.91,1107412,96.01,1628506
2026-08-13 19:53:33.606099,SMALLCAP1,46.79,555,46.74,23543,46.84,17446
2026-08-13 19:53:33.622314,RELIANCE,2833.97,8831,2832.55,1904499,2835.39,2444030
2026-08-13 19:53:33.639793,TCS,3762.19,12210,3760.31,2333950,3764.07,1285635
2026-08-13 19:53:33.655976,INFY,1478.51,9472,1477.77,1872248,1479.25,1510081
2026-08-13 19:53:33.672239,PENNYSTOCK,14.58,3143,14.53,1056234,14.63,2134747
2026-08-13 19:53:48.407553,IDFCFIRSTB,72.85,8900,72.8,1989662,72.9,2361431
2026-08-13 19:53:48.437009,SUZLON,55.59,13004,55.54,1666850,55.64,2036832
2026-08-13 19:53:48.439007,GMRINFRA,90.03,4875,89.98,1973214,90.08,2292177
2026-08-13 19:53:48.455738,SOUTHBANK,33.79,13860,33.74,1079580,33.84,2449866
2026-08-13 19:53:48.472771,IRB,64.07,9789,64.02,1748440,64.12,2363932
2026-08-13 19:53:48.489827,HFCL,120.44,3227,120.38,1110525,120.5,1951260
2026-08-13 19:53:48.508422,NMDC,219.87,11989,219.76,2353082,219.98,2240148
2026-08-13 19:53:48.522350,TATAPOWER,421.6,10076,421.39,2089653,421.81,1618359
2026-08-13 19:53:48.554661,BHEL,295.93,13183,295.78,1837461,296.08,1854714
2026-08-13 19:53:48.569298,HUDCO,195.8,2509,195.7,2499951,195.9,1852027
2026-08-13 19:53:48.572620,PNB,112.88,12059,112.82,1212329,112.94,1231274
2026-08-13 19:53:48.589136,NHPC,96.17,4362,96.12,1267871,96.22,2423429
2026-08-13 19:53:48.606099,SMALLCAP1,46.83,553,46.78,17774,46.88,10754
2026-08-13 19:53:48.622314,RELIANCE,2834.77,4289,2833.35,2366938,2836.19,1235617
2026-08-13 19:53:48.639793,TCS,3761.98,13578,3760.1,1556465,3763.86,1132167
2026-08-13 19:53:48.655976,INFY,1476.33,5076,1475.59,1858230,1477.07,1549263
2026-08-13 19:53:48.672239,PENNYSTOCK,14.62,10314,14.57,2340363,14.67,2031186
2026-08-13 19:54:03.407553,IDFCFIRSTB,72.87,6007,72.82,2342539,72.92,2426493
2026-08-13 19:54:03.437009,SUZLON,55.67,11773,55.62,1759829,55.72,2063949
2026-08-13 19:54:03.439007,GMRINFRA,90.08,6093,90.03,1810569,90.13,2390161
2026-08-13 19:54:03.455738,SOUTHBANK,33.82,1583,33.77,2215036,33.87,1244193
2026-08-13 19:54:03.472771,IRB,63.91,1071,63.86,1543652,63.96,2120115
2026-08-13 19:54:03.489827,HFCL,120.1,5418,120.04,1951237,120.16,1969459
2026-08-13 19:54:03.508422,NMDC,220.57,3874,220.46,1238829,220.68,1798946
2026-08-13 19:54:03.522350,TATAPOWER,422.2,6749,421.99,2302184,422.41,1735806
2026-08-13 19:54:03.554661,BHEL,295.84,2795,295.69,1970532,295.99,1915130
2026-08-13 19:54:03.569298,HUDCO,195.98,7360,195.88,2252729,196.08,1829331
2026-08-13 19:54:03.572620,PNB,113.0,4301,112.94,1511558,113.06,1764811
2026-08-13 19:54:03.589136,NHPC,96.23,63019,96.18,1556016,96.28,1488740
2026-08-13 19:54:03.606099,SMALLCAP1,46.86,660,46.81,24052,46.91,10461
2026-08-13 19:54:03.622314,RELIANCE,2841.29,10568,2839.87,1863146,2842.71,1200865
2026-08-13 19:54:03.639793,TCS,3762.58,2345,3760.7,2414067,3764.46,1452636
2026-08-13 19:54:03.655976,INFY,1473.65,12130,1472.91,1639927,1474.39,2401994
2026-08-13 19:54:03.672239,PENNYSTOCK,14.59,3378,14.54,1780114,14.64,1116584
2026-08-13 19:54:18.407553,IDFCFIRSTB,72.78,2118,72.73,2182365,72.83,1162562
2026-08-13 19:54:18.437009,SUZLON,55.7,9608,55.65,2271070,55.75,1908836
2026-08-13 19:54:18.439007,GMRINFRA,89.94,4176,89.89,2404460,89.99,1414180
2026-08-13 19:54:18.455738,SOUTHBANK,33.81,14273,33.76,2164687,33.86,1324239
2026-08-13 19:54:18.472771,IRB,63.88,4957,63.83,1387280,63.93,1234470
2026-08-13 19:54:18.489827,HFCL,120.22,7305,120.16,2056753,120.28,1201101
2026-08-13 19:54:18.508422,NMDC,220.74,13058,220.63,2017094,220.85,2193381
2026-08-13 19:54:18.522350,TATAPOWER,423.19,2729,422.98,2244869,423.4,1574246
2026-08-13 19:54:18.554661,BHEL,296.92,4255,296.77,1877884,297.07,1904753
2026-08-13 19:54:18.569298,HUDCO,195.84,6515,195.74,2420200,195.94,1289462
2026-08-13 19:54:18.572620,PNB,113.0,11481,112.94,1469737,113.06,2399477
2026-08-13 19:54:18.589136,NHPC,96.03,15966,95.98,1760284,96.08,1082288
2026-08-13 19:54:18.606099,SMALLCAP1,46.73,922,46.68,19904,46.78,23166
2026-08-13 19:54:18.622314,RELIANCE,2850.1,13958,2848.67,2138494,2851.53,2265800
2026-08-13 19:54:18.639793,TCS,3770.34,10708,3768.45,1453440,3772.23,1625322
2026-08-13 19:54:18.655976,INFY,1469.31,3297,1468.58,1440880,1470.04,1850453
2026-08-13 19:54:18.672239,PENNYSTOCK,14.59,8398,14.54,2438658,14.64,1511709
2026-08-13 19:54:33.407553,IDFCFIRSTB,72.62,7912,72.57,1411268,72.67,2352747
2026-08-13 19:54:33.437009,SUZLON,55.79,9707,55.74,1238682,55.84,1648417
2026-08-13 19:54:33.439007,GMRINFRA,90.1,5391,90.05,1752189,90.15,1316641
2026-08-13 19:54:33.455738,SOUTHBANK,33.86,9070,33.81,1121043,33.91,1635929
2026-08-13 19:54:33.472771,IRB,63.87,13956,63.82,1614522,63.92,2160507
2026-08-13 19:54:33.489827,HFCL,120.21,6883,120.15,1872082,120.27,1550302
2026-08-13 19:54:33.508422,NMDC,220.85,3623,220.74,1262005,220.96,2499733
2026-08-13 19:54:33.522350,TATAPOWER,423.92,1144,423.71,1214493,424.13,1545306
2026-08-13 19:54:33.554661,BHEL,297.24,11922,297.09,2192526,297.39,1538026
2026-08-13 19:54:33.569298,HUDCO,195.46,9117,195.36,1229174,195.56,2360572
2026-08-13 19:54:33.572620,PNB,112.77,5468,112.71,2064720,112.83,1366971
2026-08-13 19:54:33.589136,NHPC,95.92,6509,95.87,1548668,95.97,1665355
2026-08-13 19:54:33.606099,SMALLCAP1,46.65,287,46.6,5754,46.7,23722
2026-08-13 19:54:33.622314,RELIANCE,2853.93,5319,2852.5,1078992,2855.36,2467914
2026-08-13 19:54:33.639793,TCS,3770.94,9634,3769.05,1718386,3772.83,1998192
2026-08-13 19:54:33.655976,INFY,1466.07,4421,1465.34,2476436,1466.8,1480807
2026-08-13 19:54:33.672239,PENNYSTOCK,14.59,2003,14.54,1771477,14.64,1105626
2026-08-13 19:54:48.407553,IDFCFIRSTB,72.72,5443,72.67,1697280,72.77,1569598
2026-08-13 19:54:48.437009,SUZLON,55.76,10014,55.71,2313140,55.81,2206812
2026-08-13 19:54:48.439007,GMRINFRA,90.03,12443,89.98,2396004,90.08,2247220
2026-08-13 19:54:48.455738,SOUTHBANK,33.86,6540,33.81,1330619,33.91,1204079
2026-08-13 19:54:48.472771,IRB,63.88,1186,63.83,2044543,63.93,2170726
2026-08-13 19:54:48.489827,HFCL,120.49,8522,120.43,1218873,120.55,1714769
2026-08-13 19:54:48.508422,NMDC,221.07,12619,220.96,2067715,221.18,1154211
2026-08-13 19:54:48.522350,TATAPOWER,424.12,12797,423.91,1114085,424.33,2303952
2026-08-13 19:54:48.554661,BHEL,297.98,13789,297.83,2354763,298.13,1113447
2026-08-13 19:54:48.569298,HUDCO,195.55,14894,195.45,1507837,195.65,1625358
2026-08-13 19:54:48.572620,PNB,112.53,1706,112.47,1414915,112.59,1999360
2026-08-13 19:54:48.589136,NHPC,96.05,91792,96.0,1370434,96.1,1769620
2026-08-13 19:54:48.606099,SMALLCAP1,46.61,751,46.56,14208,46.66,14756
2026-08-13 19:54:48.622314,RELIANCE,2854.11,9474,2852.68,2121178,2855.54,1090610
2026-08-13 19:54:48.639793,TCS,3778.27,4105,3776.38,1139733,3780.16,1422193
2026-08-13 19:54:48.655976,INFY,1467.25,8497,1466.52,1206226,1467.98,1875267
2026-08-13 19:54:48.672239,PENNYSTOCK,14.6,12102,14.55,2015605,14.65,2472329
2026-08-13 19:55:03.407553,IDFCFIRSTB,72.65,11369,72.6,1624663,72.7,1854094
2026-08-13 19:55:03.437009,SUZLON,55.8,1164,55.75,1545334,55.85,2108210
2026-08-13 19:55:03.439007,GMRINFRA,90.06,11426,90.01,1360823,90.11,2274035
2026-08-13 19:55:03.455738,SOUTHBANK,33.85,6156,33.8,2069888,33.9,2332344
2026-08-13 19:55:03.472771,IRB,63.86,5165,63.81,1190713,63.91,1927178
2026-08-13 19:55:03.489827,HFCL,120.57,36820,120.51,1078320,120.63,1747308
2026-08-13 19:55:03.508422,NMDC,220.85,11356,220.74,1718123,220.96,2438900
2026-08-13 19:55:03.522350,TATAPOWER,424.14,9527,423.93,1731485,424.35,2093394
2026-08-13 19:55:03.554661,BHEL,298.12,8522,297.97,1552890,298.27,2077569
2026-08-13 19:55:03.569298,HUDCO,195.91,3744,195.81,1870428,196.01,2255412
2026-08-13 19:55:03.572620,PNB,112.41,14152,112.35,1557237,112.47,2178536
2026-08-13 19:55:03.589136,NHPC,95.97,8021,95.92,2170475,96.02,1897252
2026-08-13 19:55:03.606099,SMALLCAP1,46.54,920,46.49,23312,46.59,22175
2026-08-13 19:55:03.622314,RELIANCE,2853.06,14239,2851.63,2264443,2854.49,1501457
2026-08-13 19:55:03.639793,TCS,3784.1,10000,3782.21,1109421,3785.99,1870440
2026-08-13 19:55:03.655976,INFY,1467.75,5780,1467.02,2204747,1468.48,2358504
2026-08-13 19:55:03.672239,PENNYSTOCK,14.63,11979,14.58,2143270,14.68,2326833
2026-08-13 19:55:18.407553,IDFCFIRSTB,72.67,7342,72.62,1318538,72.72,2066003
2026-08-13 19:55:18.437009,SUZLON,55.79,7867,55.74,1962648,55.84,2492350
2026-08-13 19:55:18.439007,GMRINFRA,89.91,11802,89.86,1293393,89.96,2388045
2026-08-13 19:55:18.455738,SOUTHBANK,33.81,3773,33.76,1202016,33.86,1215877
2026-08-13 19:55:18.472771,IRB,63.7,5695,63.65,1884542,63.75,1255670
2026-08-13 19:55:18.489827,HFCL,120.68,4066,120.62,1648997,120.74,1503985
2026-08-13 19:55:18.508422,NMDC,221.19,10865,221.08,1896879,221.3,1260273
2026-08-13 19:55:18.522350,TATAPOWER,424.78,1614,424.57,2064890,424.99,1910602
2026-08-13 19:55:18.554661,BHEL,298.46,2144,298.31,1688167,298.61,1777269
2026-08-13 19:55:18.569298,HUDCO,195.82,929,195.72,2431033,195.92,1050980
2026-08-13 19:55:18.572620,PNB,112.68,1382,112.62,1438771,112.74,2038199
2026-08-13 19:55:18.589136,NHPC,95.84,4452,95.79,1450670,95.89,2144491
2026-08-13 19:55:18.606099,SMALLCAP1,46.53,3235,46.48,19840,46.58,17462
2026-08-13 19:55:18.622314,RELIANCE,2853.0,7920,2851.57,1255224,2854.43,2467357
2026-08-13 19:55:18.639793,TCS,3776.69,6640,3774.8,1154460,3778.58,2119499
2026-08-13 19:55:18.655976,INFY,1466.24,36400,1465.51,2287804,1466.97,2320055
2026-08-13 19:55:18.672239,PENNYSTOCK,14.64,8538,14.59,1941874,14.69,1959791
2026-08-13 19:55:33.407553,IDFCFIRSTB,72.74,2992,72.69,1173364,72.79,2291461
2026-08-13 19:55:33.437009,SUZLON,55.83,7334,55.78,1108366,55.88,1702808
2026-08-13 19:55:33.439007,GMRINFRA,89.73,1690,89.68,2445787,89.78,2005930
2026-08-13 19:55:33.455738,SOUTHBANK,33.85,7406,33.8,1942199,33.9,1281360
2026-08-13 19:55:33.472771,IRB,63.65,14153,63.6,1962680,63.7,2214585
2026-08-13 19:55:33.489827,HFCL,120.88,12663,120.82,2256747,120.94,2008907
2026-08-13 19:55:33.508422,NMDC,220.98,69470,220.87,1717521,221.09,1233525
2026-08-13 19:55:33.522350,TATAPOWER,423.66,13961,423.45,1396057,423.87,1725909
2026-08-13 19:55:33.554661,BHEL,298.56,12933,298.41,1999254,298.71,1101448
2026-08-13 19:55:33.569298,HUDCO,196.22,7339,196.12,2443396,196.32,1972819
2026-08-13 19:55:33.572620,PNB,112.82,6449,112.76,2093010,112.88,1133552
2026-08-13 19:55:33.589136,NHPC,95.94,13997,95.89,2227534,95.99,1487826
2026-08-13 19:55:33.606099,SMALLCAP1,46.42,427,46.37,5457,46.47,13126
2026-08-13 19:55:33.622314,RELIANCE,2858.44,12526,2857.01,1938366,2859.87,2459184
2026-08-13 19:55:33.639793,TCS,3776.06,12462,3774.17,2237697,3777.95,1228630
2026-08-13 19:55:33.655976,INFY,1464.32,5253,1463.59,1683016,1465.05,1896774
2026-08-13 19:55:33.672239,PENNYSTOCK,14.62,11059,14.57,1192403,14.67,2262174
2026-08-13 19:55:48.407553,IDFCFIRSTB,72.67,11622,72.62,2059287,72.72,2053255
2026-08-13 19:55:48.437009,SUZLON,55.93,1111,55.88,1369604,55.98,1222252
2026-08-13 19:55:48.439007,GMRINFRA,89.84,9548,89.79,1525651,89.89,1565192
2026-08-13 19:55:48.455738,SOUTHBANK,33.77,14445,33.72,2363148,33.82,2063042
2026-08-13 19:55:48.472771,IRB,63.66,7882,63.61,1946235,63.71,2234357
2026-08-13 19:55:48.489827,HFCL,121.2,13187,121.14,1156389,121.26,2126754
2026-08-13 19:55:48.508422,NMDC,221.24,3264,221.13,1314800,221.35,2205590
2026-08-13 19:55:48.522350,TATAPOWER,423.69,13437,423.48,1194827,423.9,2304236
2026-08-13 19:55:48.554661,BHEL,299.13,15652,298.98,1447055,299.28,2413786
2026-08-13 19:55:48.569298,HUDCO,196.32,7825,196.22,1269597,196.42,1945688
2026-08-13 19:55:48.572620,PNB,113.02,14107,112.96,1135692,113.08,2021722
2026-08-13 19:55:48.589136,NHPC,96.13,6012,96.08,1124389,96.18,1855166
2026-08-13 19:55:48.606099,SMALLCAP1,46.41,88,46.36,24125,46.46,7745
2026-08-13 19:55:48.622314,RELIANCE,2851.46,12190,2850.03,2199867,2852.89,1546337
2026-08-13 19:55:48.639793,TCS,3778.22,1497,3776.33,2393079,3780.11,1715871
2026-08-13 19:55:48.655976,INFY,1466.89,3538,1466.16,2450190,1467.62,1146970
2026-08-13 19:55:48.672239,PENNYSTOCK,14.62,4416,14.57,1544456,14.67,1112001
2026-08-13 19:56:03.407553,IDFCFIRSTB,72.67,5599,72.62,2167532,72.72,1957499
2026-08-13 19:56:03.437009,SUZLON,55.87,10165,55.82,1656748,55.92,2162637
2026-08-13 19:56:03.439007,GMRINFRA,90.06,3173,90.01,2139853,90.11,1568694
2026-08-13 19:56:03.455738,SOUTHBANK,33.75,938,33.7,1657460,33.8,1345689
2026-08-13 19:56:03.472771,IRB,63.65,2736,63.6,2492927,63.7,1553051
2026-08-13 19:56:03.489827,HFCL,120.95,7021,120.89,1475119,121.01,1060731
2026-08-13 19:56:03.508422,NMDC,221.13,2751,221.02,2398257,221.24,2081915
2026-08-13 19:56:03.522350,TATAPOWER,423.38,4206,423.17,1156928,423.59,2269825
2026-08-13 19:56:03.554661,BHEL,298.95,1909,298.8,1121236,299.1,1620892
2026-08-13 19:56:03.569298,HUDCO,196.0,11681,195.9,2350780,196.1,2322064
2026-08-13 19:56:03.572620,PNB,113.02,1392,112.96,1913469,113.08,1495304
2026-08-13 19:56:03.589136,NHPC,96.19,1411,96.14,1873079,96.24,2104548
2026-08-13 19:56:03.606099,SMALLCAP1,46.36,539,46.31,13242,46.41,17983
2026-08-13 19:56:03.622314,RELIANCE,2853.28,6638,2851.85,2380561,2854.71,1688819
2026-08-13 19:56:03.639793,TCS,3775.52,12013,3773.63,2413171,3777.41,1718640
2026-08-13 19:56:03.655976,INFY,1466.8,9218,1466.07,1566584,1467.53,1707561
2026-08-13 19:56:03.672239,PENNYSTOCK,14.61,982,14.56,1742756,14.66,2341235
2026-08-13 19:56:18.407553,IDFCFIRSTB,72.81,3439,72.76,1715243,72.86,2419574
2026-08-13 19:56:18.437009,SUZLON,55.75,10288,55.7,2232460,55.8,1810475
2026-08-13 19:56:18.439007,GMRINFRA,90.0,8114,89.95,2324648,90.05,2361552
2026-08-13 19:56:18.455738,SOUTHBANK,33.76,8151,33.71,1269487,33.81,1869000
2026-08-13 19:56:18.472771,IRB,63.67,10361,63.62,1886030,63.72,1703774
2026-08-13 19:56:18.489827,HFCL,121.19,2291,121.13,1445010,121.25,1608029
2026-08-13 19:56:18.508422,NMDC,220.94,8121,220.83,1551280,221.05,1896981
2026-08-13 19:56:18.522350,TATAPOWER,422.83,6591,422.62,1896141,423.04,1474248
2026-08-13 19:56:18.554661,BHEL,299.55,7015,299.4,1717555,299.7,1949382
2026-08-13 19:56:18.569298,HUDCO,195.44,2746,195.34,1978306,195.54,2238385
2026-08-13 19:56:18.572620,PNB,113.11,1607,113.05,1476321,113.17,1284075
2026-08-13 19:56:18.589136,NHPC,96.06,1221,96.01,1518720,96.11,1084308
2026-08-13 19:56:18.606099,SMALLCAP1,46.32,799,46.27,21925,46.37,19612
2026-08-13 19:56:18.622314,RELIANCE,2854.58,540,2853.15,2347803,2856.01,1440266
2026-08-13 19:56:18.639793,TCS,3771.36,2929,3769.47,1435934,3773.25,1365854
2026-08-13 19:56:18.655976,INFY,1466.59,4352,1465.86,2095872,1467.32,2073362
2026-08-13 19:56:18.672239,PENNYSTOCK,14.58,2301,14.53,2448522,14.63,1142185
2026-08-13 19:56:33.407553,IDFCFIRSTB,72.68,2563,72.63,2023071,72.73,1526935
2026-08-13 19:56:33.437009,SUZLON,55.67,9350,55.62,2180831,55.72,2054446
2026-08-13 19:56:33.439007,GMRINFRA,89.63,5473,89.58,1342292,89.68,1939893
2026-08-13 19:56:33.455738,SOUTHBANK,33.92,2594,33.87,2032277,33.97,2114179
2026-08-13 19:56:33.472771,IRB,63.61,12209,63.56,1672189,63.66,1816879
2026-08-13 19:56:33.489827,HFCL,121.41,4758,121.35,1059684,121.47,2401853
2026-08-13 19:56:33.508422,NMDC,221.23,2144,221.12,1208435,221.34,1292231
2026-08-13 19:56:33.522350,TATAPOWER,423.65,3086,423.44,2168461,423.86,1863508
2026-08-13 19:56:33.554661,BHEL,299.42,13302,299.27,1645812,299.57,1549703
2026-08-13 19:56:33.569298,HUDCO,194.66,9092,194.56,2493900,194.76,2302389
2026-08-13 19:56:33.572620,PNB,113.3,2937,113.24,2148119,113.36,2206111
2026-08-13 19:56:33.589136,NHPC,96.0,3986,95.95,2275355,96.05,2212845
2026-08-13 19:56:33.606099,SMALLCAP1,46.32,293,46.27,20594,46.37,9041
2026-08-13 19:56:33.622314,RELIANCE,2854.57,3091,2853.14,2172922,2856.0,2182472
2026-08-13 19:56:33.639793,TCS,3778.98,8635,3777.09,1380907,3780.87,1390413
2026-08-13 19:56:33.655976,INFY,1466.23,9361,1465.5,1533768,1466.96,1744844
2026-08-13 19:56:33.672239,PENNYSTOCK,14.59,1714,14.54,1805579,14.64,1879672
2026-08-13 19:56:48.407553,IDFCFIRSTB,72.68,2482,72.63,1752930,72.73,2199083
2026-08-13 19:56:48.437009,SUZLON,55.73,10253,55.68,1166350,55.78,2443426
2026-08-13 19:56:48.439007,GMRINFRA,89.65,6782,89.6,1932339,89.7,1093452
2026-08-13 19:56:48.455738,SOUTHBANK,34.02,7046,33.97,2446006,34.07,1074927
2026-08-13 19:56:48.472771,IRB,63.61,11939,63.56,1463342,63.66,1121202
2026-08-13 19:56:48.489827,HFCL,121.4,2695,121.34,1501413,121.46,1956656
2026-08-13 19:56:48.508422,NMDC,220.85,4925,220.74,1441572,220.96,1702572
2026-08-13 19:56:48.522350,TATAPOWER,424.44,11192,424.23,2119310,424.65,1119097
2026-08-13 19:56:48.554661,BHEL,299.89,2972,299.74,2372872,300.04,1216887
2026-08-13 19:56:48.569298,HUDCO,194.79,8861,194.69,2336719,194.89,2152378
2026-08-13 19:56:48.572620,PNB,113.26,5396,113.2,2091000,113.32,2458615
2026-08-13 19:56:48.589136,NHPC,96.01,52632,95.96,1064280,96.06,1551119
2026-08-13 19:56:48.606099,SMALLCAP1,46.4,442,46.35,7510,46.45,18170
2026-08-13 19:56:48.622314,RELIANCE,2851.63,9443,2850.2,2061965,2853.06,1681223
2026-08-13 19:56:48.639793,TCS,3777.36,1522,3775.47,1214110,3779.25,2068751
2026-08-13 19:56:48.655976,INFY,1466.7,70155,1465.97,2322687,1467.43,1916829
2026-08-13 19:56:48.672239,PENNYSTOCK,14.63,6169,14.58,1812703,14.68,1654331
2026-08-13 19:57:03.407553,IDFCFIRSTB,72.61,3313,72.56,1512183,72.66,1844138
2026-08-13 19:57:03.437009,SUZLON,55.87,12427,55.82,1123755,55.92,1302501
2026-08-13 19:57:03.439007,GMRINFRA,89.48,7045,89.43,1461514,89.53,1603983
2026-08-13 19:57:03.455738,SOUTHBANK,33.97,10650,33.92,1551311,34.02,1508909
2026-08-13 19:57:03.472771,IRB,63.57,10998,63.52,1832834,63.62,1797648
2026-08-13 19:57:03.489827,HFCL,121.11,9978,121.05,1292899,121.17,1454414
2026-08-13 19:57:03.508422,NMDC,221.33,14409,221.22,1632651,221.44,1303252
2026-08-13 19:57:03.522350,TATAPOWER,425.29,7653,425.08,2027321,425.5,1845654
2026-08-13 19:57:03.554661,BHEL,299.47,5498,299.32,1620597,299.62,1112036
2026-08-13 19:57:03.569298,HUDCO,194.92,155001,194.82,2324876,195.02,1719640
2026-08-13 19:57:03.572620,PNB,113.27,11117,113.21,2338075,113.33,1809263
2026-08-13 19:57:03.589136,NHPC,95.78,7627,95.73,1576460,95.83,2333020
2026-08-13 19:57:03.606099,SMALLCAP1,46.49,453,46.44,21571,46.54,12913
2026-08-13 19:57:03.622314,RELIANCE,2857.23,12730,2855.8,1850668,2858.66,1610813
2026-08-13 19:57:03.639793,TCS,3775.0,2064,3773.11,2199345,3776.89,1895169
2026-08-13 19:57:03.655976,INFY,1466.48,1822,1465.75,1980693,1467.21,2365073
2026-08-13 19:57:03.672239,PENNYSTOCK,14.63,12309,14.58,2156265,14.68,2053179
2026-08-13 19:57:18.407553,IDFCFIRSTB,72.71,7284,72.66,2341085,72.76,2097204
2026-08-13 19:57:18.437009,SUZLON,55.8,10025,55.75,2336375,55.85,1973658
2026-08-13 19:57:18.439007,GMRINFRA,89.6,1954,89.55,2446834,89.65,1498494
2026-08-13 19:57:18.455738,SOUTHBANK,33.97,1752,33.92,1678824,34.02,1293023
2026-08-13 19:57:18.472771,IRB,63.41,4082,63.36,1228633,63.46,2243336
2026-08-13 19:57:18.489827,HFCL,120.84,83490,120.78,1389161,120.9,1368159
2026-08-13 19:57:18.508422,NMDC,220.51,35000,220.4,1823698,220.62,2398488
2026-08-13 19:57:18.522350,TATAPOWER,424.99,13552,424.78,2477288,425.2,1434415
2026-08-13 19:57:18.554661,BHEL,299.52,7532,299.37,1322274,299.67,1354746
2026-08-13 19:57:18.569298,HUDCO,194.57,1655,194.47,1820242,194.67,2493342
2026-08-13 19:57:18.572620,PNB,113.22,14369,113.16,1348240,113.28,2066988
2026-08-13 19:57:18.589136,NHPC,95.55,986,95.5,2198025,95.6,2164131
2026-08-13 19:57:18.606099,SMALLCAP1,46.5,695,46.45,24328,46.55,12361
2026-08-13 19:57:18.622314,RELIANCE,2859.82,7685,2858.39,2432419,2861.25,2259009
2026-08-13 19:57:18.639793,TCS,3785.22,4854,3783.33,1308164,3787.11,1215368
2026-08-13 19:57:18.655976,INFY,1468.65,6448,1467.92,2013279,1469.38,2449255
2026-08-13 19:57:18.672239,PENNYSTOCK,14.68,7703,14.63,1991604,14.73,1485074
2026-08-13 19:57:33.407553,IDFCFIRSTB,72.6,8141,72.55,2233530,72.65,2303134
2026-08-13 19:57:33.437009,SUZLON,55.73,2954,55.68,2011694,55.78,2235335
2026-08-13 19:57:33.439007,GMRINFRA,89.64,1470,89.59,1105740,89.69,2020360
2026-08-13 19:57:33.455738,SOUTHBANK,33.97,8666,33.92,2404855,34.02,1243014
2026-08-13 19:57:33.472771,IRB,63.4,9548,63.35,1736712,63.45,1681099
2026-08-13 19:57:33.489827,HFCL,120.39,2943,120.33,1678429,120.45,2139763
2026-08-13 19:57:33.508422,NMDC,220.59,14859,220.48,2254504,220.7,2290487
2026-08-13 19:57:33.522350,TATAPOWER,425.08,14344,424.87,1618165,425.29,1545349
2026-08-13 19:57:33.554661,BHEL,300.19,14306,300.04,1450421,300.34,1284683
2026-08-13 19:57:33.569298,HUDCO,194.28,3600,194.18,1477918,194.38,2237522
2026-08-13 19:57:33.572620,PNB,113.28,6164,113.22,1129566,113.34,1050457
2026-08-13 19:57:33.589136,NHPC,95.54,5454,95.49,2358465,95.59,1730766
2026-08-13 19:57:33.606099,SMALLCAP1,46.52,169,46.47,13870,46.57,9314
2026-08-13 19:57:33.622314,RELIANCE,2862.53,13573,2861.1,1424638,2863.96,1321622
2026-08-13 19:57:33.639793,TCS,3786.14,8210,3784.25,1996643,3788.03,1929977
2026-08-13 19:57:33.655976,INFY,1471.89,10814,1471.15,2015057,1472.63,1577933
2026-08-13 19:57:33.672239,PENNYSTOCK,14.68,6684,14.63,2232525,14.73,1795451
2026-08-13 19:57:48.407553,IDFCFIRSTB,72.53,12161,72.48,2164165,72.58,2059566
2026-08-13 19:57:48.437009,SUZLON,55.72,789,55.67,2193638,55.77,1981766
2026-08-13 19:57:48.439007,GMRINFRA,89.66,4026,89.61,1401380,89.71,1675567
2026-08-13 19:57:48.455738,SOUTHBANK,34.03,7302,33.98,1873853,34.08,1724683
2026-08-13 19:57:48.472771,IRB,63.52,12095,63.47,1250025,63.57,1594566
2026-08-13 19:57:48.489827,HFCL,120.29,8743,120.23,2328630,120.35,2322778
2026-08-13 19:57:48.508422,NMDC,220.15,13701,220.04,1516087,220.26,1500548
2026-08-13 19:57:48.522350,TATAPOWER,424.85,8026,424.64,2491911,425.06,1312417
2026-08-13 19:57:48.554661,BHEL,299.82,9553,299.67,1532357,299.97,2458316
2026-08-13 19:57:48.569298,HUDCO,194.58,15552,194.48,1810198,194.68,2491470
2026-08-13 19:57:48.572620,PNB,113.41,7745,113.35,2161807,113.47,2198588
2026-08-13 19:57:48.589136,NHPC,95.56,9120,95.51,1316414,95.61,1181868
2026-08-13 19:57:48.606099,SMALLCAP1,46.49,155,46.44,8896,46.54,6372
2026-08-13 19:57:48.622314,RELIANCE,2861.78,9037,2860.35,1073551,2863.21,1754984
2026-08-13 19:57:48.639793,TCS,3781.97,13975,3780.08,1950045,3783.86,1770966
2026-08-13 19:57:48.655976,INFY,1474.12,12405,1473.38,2140255,1474.86,2448902
2026-08-13 19:57:48.672239,PENNYSTOCK,14.7,11140,14.65,1301177,14.75,1597185
2026-08-13 19:58:03.407553,IDFCFIRSTB,72.42,8203,72.37,1843870,72.47,2253835
2026-08-13 19:58:03.437009,SUZLON,55.77,101128,55.72,2165526,55.82,1345956
2026-08-13 19:58:03.439007,GMRINFRA,89.39,125900,89.34,1232341,89.44,1509728
2026-08-13 19:58:03.455738,SOUTHBANK,34.03,3649,33.98,1603318,34.08,1525233
2026-08-13 19:58:03.472771,IRB,63.64,4214,63.59,1450808,63.69,2293610
2026-08-13 19:58:03.489827,HFCL,120.26,1682,120.2,2265911,120.32,2478961
2026-08-13 19:58:03.508422,NMDC,220.64,7293,220.53,1552701,220.75,2262572
2026-08-13 19:58:03.522350,TATAPOWER,425.86,9535,425.65,2200434,426.07,1086450
2026-08-13 19:58:03.554661,BHEL,300.01,27302,299.86,1762218,300.16,1680277
2026-08-13 19:58:03.569298,HUDCO,194.87,89190,194.77,2180619,194.97,1559587
2026-08-13 19:58:03.572620,PNB,113.59,5069,113.53,1829337,113.65,1545186
2026-08-13 19:58:03.589136,NHPC,95.39,10503,95.34,2422883,95.44,2497312
2026-08-13 19:58:03.606099,SMALLCAP1,46.49,990,46.44,19656,46.54,7171
2026-08-13 19:58:03.622314,RELIANCE,2859.28,8061,2857.85,2112869,2860.71,1936779
2026-08-13 19:58:03.639793,TCS,3799.45,6912,3797.55,2155233,3801.35,2240776
2026-08-13 19:58:03.655976,INFY,1479.19,14039,1478.45,2332169,1479.93,2272229
2026-08-13 19:58:03.672239,PENNYSTOCK,14.73,11851,14.68,2126405,14.78,2086665
2026-08-13 19:58:18.407553,IDFCFIRSTB,72.47,2836,72.42,1550643,72.52,1150425
2026-08-13 19:58:18.437009,SUZLON,55.8,14969,55.75,1401828,55.85,1386575
2026-08-13 19:58:18.439007,GMRINFRA,89.09,11784,89.04,2261232,89.14,1984202
2026-08-13 19:58:18.455738,SOUTHBANK,34.03,5873,33.98,1259159,34.08,2170397
2026-08-13 19:58:18.472771,IRB,63.63,4632,63.58,1883562,63.68,1682220
2026-08-13 19:58:18.489827,HFCL,120.19,8474,120.13,2486914,120.25,1681935
2026-08-13 19:58:18.508422,NMDC,220.98,36567,220.87,1601381,221.09,2080024
2026-08-13 19:58:18.522350,TATAPOWER,426.96,998,426.75,2221286,427.17,1216499
2026-08-13 19:58:18.554661,BHEL,299.83,4042,299.68,1800511,299.98,1313837
2026-08-13 19:58:18.569298,HUDCO,195.1,12323,195.0,2411978,195.2,1100036
2026-08-13 19:58:18.572620,PNB,113.84,3368,113.78,2354590,113.9,1086726
2026-08-13 19:58:18.589136,NHPC,95.45,8349,95.4,1725203,95.5,1488613
2026-08-13 19:58:18.606099,SMALLCAP1,46.6,65,46.55,6396,46.65,23331
2026-08-13 19:58:18.622314,RELIANCE,2863.56,6404,2862.13,1251802,2864.99,2182691
2026-08-13 19:58:18.639793,TCS,3802.55,27202,3800.65,1206577,3804.45,1436905
2026-08-13 19:58:18.655976,INFY,1481.33,14753,1480.59,2353856,1482.07,2440006
2026-08-13 19:58:18.672239,PENNYSTOCK,14.71,11569,14.66,1148447,14.76,1699467
2026-08-13 19:58:33.407553,IDFCFIRSTB,72.48,11345,72.43,2437576,72.53,2091505
2026-08-13 19:58:33.437009,SUZLON,56.05,10443,56.0,1535024,56.1,1543586
2026-08-13 19:58:33.439007,GMRINFRA,88.97,128645,88.92,1808525,89.02,1911591
2026-08-13 19:58:33.455738,SOUTHBANK,34.09,9923,34.04,2167399,34.14,1912129
2026-08-13 19:58:33.472771,IRB,63.86,14678,63.81,1534983,63.91,2493480
2026-08-13 19:58:33.489827,HFCL,120.43,10474,120.37,2460530,120.49,1843987
2026-08-13 19:58:33.508422,NMDC,221.05,3111,220.94,2492335,221.16,2125056
2026-08-13 19:58:33.522350,TATAPOWER,426.32,4451,426.11,2489294,426.53,1250859
2026-08-13 19:58:33.554661,BHEL,299.67,11917,299.52,1417657,299.82,2416245
2026-08-13 19:58:33.569298,HUDCO,195.01,4038,194.91,1860661,195.11,1082666
2026-08-13 19:58:33.572620,PNB,113.8,515,113.74,2185669,113.86,1632997
2026-08-13 19:58:33.589136,NHPC,95.53,7070,95.48,1377646,95.58,1743321
2026-08-13 19:58:33.606099,SMALLCAP1,46.59,380,46.54,6018,46.64,22586
2026-08-13 19:58:33.622314,RELIANCE,2868.7,9737,2867.27,1722256,2870.13,1380568
2026-08-13 19:58:33.639793,TCS,3803.13,1979,3801.23,2492978,3805.03,2233952
2026-08-13 19:58:33.655976,INFY,1479.23,26140,1478.49,2415443,1479.97,1773020
2026-08-13 19:58:33.672239,PENNYSTOCK,14.72,9292,14.67,1284868,14.77,2314123
2026-08-13 19:58:48.407553,IDFCFIRSTB,72.53,48852,72.48,2325921,72.58,1077542
2026-08-13 19:58:48.437009,SUZLON,56.18,4278,56.13,2006855,56.23,2193867
2026-08-13 19:58:48.439007,GMRINFRA,88.96,1914,88.91,1955561,89.01,1449614
2026-08-13 19:58:48.455738,SOUTHBANK,34.13,2348,34.08,1148778,34.18,1161962
2026-08-13 19:58:48.472771,IRB,63.99,9275,63.94,1383829,64.04,1349754
2026-08-13 19:58:48.489827,HFCL,120.57,1954,120.51,1374789,120.63,1482694
2026-08-13 19:58:48.508422,NMDC,220.5,13236,220.39,1616954,220.61,1398641
2026-08-13 19:58:48.522350,TATAPOWER,426.71,6915,426.5,2042939,426.92,1621092
2026-08-13 19:58:48.554661,BHEL,299.49,3107,299.34,1793054,299.64,1051992
2026-08-13 19:58:48.569298,HUDCO,194.67,14564,194.57,1579266,194.77,2085217
2026-08-13 19:58:48.572620,PNB,114.12,5390,114.06,2232137,114.18,1179633
2026-08-13 19:58:48.589136,NHPC,95.43,9921,95.38,2329873,95.48,2066000
2026-08-13 19:58:48.606099,SMALLCAP1,46.59,903,46.54,17538,46.64,15883
2026-08-13 19:58:48.622314,RELIANCE,2862.55,13387,2861.12,1170913,2863.98,2458895
2026-08-13 19:58:48.639793,TCS,3806.66,6820,3804.76,1416485,3808.56,1912899
2026-08-13 19:58:48.655976,INFY,1478.16,11953,1477.42,2372922,1478.9,1431293
2026-08-13 19:58:48.672239,PENNYSTOCK,14.68,77076,14.63,1939708,14.73,2450804
2026-08-13 19:59:03.407553,IDFCFIRSTB,72.7,1622,72.65,1099189,72.75,2218555
2026-08-13 19:59:03.437009,SUZLON,56.19,7153,56.14,1613310,56.24,2413174
2026-08-13 19:59:03.439007,GMRINFRA,89.0,522,88.95,1984129,89.05,1627207
2026-08-13 19:59:03.455738,SOUTHBANK,34.22,110439,34.17,1158100,34.27,1070935
2026-08-13 19:59:03.472771,IRB,63.89,5109,63.84,2325498,63.94,1780410
2026-08-13 19:59:03.489827,HFCL,120.77,8639,120.71,1614746,120.83,2243313
2026-08-13 19:59:03.508422,NMDC,220.29,11730,220.18,2010187,220.4,2279082
2026-08-13 19:59:03.522350,TATAPOWER,425.84,2188,425.63,1052642,426.05,1708023
2026-08-13 19:59:03.554661,BHEL,298.78,12193,298.63,1782099,298.93,1380403
2026-08-13 19:59:03.569298,HUDCO,195.07,8822,194.97,1964914,195.17,1730311
2026-08-13 19:59:03.572620,PNB,113.87,5846,113.81,2484544,113.93,2411637
2026-08-13 19:59:03.589136,NHPC,95.28,12652,95.23,1443768,95.33,1163764
2026-08-13 19:59:03.606099,SMALLCAP1,46.56,560,46.51,13912,46.61,15740
2026-08-13 19:59:03.622314,RELIANCE,2854.26,6279,2852.83,1358271,2855.69,2078538
2026-08-13 19:59:03.639793,TCS,3803.01,4085,3801.11,1905177,3804.91,1559389
2026-08-13 19:59:03.655976,INFY,1479.73,1337,1478.99,2029608,1480.47,2197456
2026-08-13 19:59:03.672239,PENNYSTOCK,14.71,3492,14.66,1543904,14.76,2273269
2026-08-13 19:59:18.407553,IDFCFIRSTB,72.91,8656,72.86,1591556,72.96,1179732
2026-08-13 19:59:18.437009,SUZLON,56.19,11664,56.14,1579157,56.24,2197245
2026-08-13 19:59:18.439007,GMRINFRA,89.0,10066,88.95,1683144,89.05,1878257
2026-08-13 19:59:18.455738,SOUTHBANK,34.1,1906,34.05,2016298,34.15,1334299
2026-08-13 19:59:18.472771,IRB,64.07,10226,64.02,1095581,64.12,1156866
2026-08-13 19:59:18.489827,HFCL,120.87,5330,120.81,2452787,120.93,1894350
2026-08-13 19:59:18.508422,NMDC,220.36,1443,220.25,2006856,220.47,1104637
2026-08-13 19:59:18.522350,TATAPOWER,425.93,12502,425.72,1739444,426.14,1729794
2026-08-13 19:59:18.554661,BHEL,298.41,5798,298.26,1404917,298.56,2256691
2026-08-13 19:59:18.569298,HUDCO,195.41,9588,195.31,1747088,195.51,2448514
2026-08-13 19:59:18.572620,PNB,113.74,5839,113.68,1748110,113.8,1957369
2026-08-13 19:59:18.589136,NHPC,95.22,13273,95.17,2197692,95.27,1120543
2026-08-13 19:59:18.606099,SMALLCAP1,46.53,511,46.48,6634,46.58,12611
2026-08-13 19:59:18.622314,RELIANCE,2850.74,5300,2849.31,2366775,2852.17,2348929
2026-08-13 19:59:18.639793,TCS,3801.33,12148,3799.43,1357540,3803.23,1458030
2026-08-13 19:59:18.655976,INFY,1481.81,1705,1481.07,1079861,1482.55,2432368
2026-08-13 19:59:18.672239,PENNYSTOCK,14.72,2506,14.67,1779161,14.77,1778860
2026-08-13 19:59:33.407553,IDFCFIRSTB,72.83,781,72.78,1988276,72.88,2344419
2026-08-13 19:59:33.437009,SUZLON,56.06,12838,56.01,1577363,56.11,1707979
2026-08-13 19:59:33.439007,GMRINFRA,89.11,8017,89.06,2478104,89.16,2281805
2026-08-13 19:59:33.455738,SOUTHBANK,34.08,7091,34.03,1692240,34.13,2008418
2026-08-13 19:59:33.472771,IRB,64.05,5295,64.0,2174015,64.1,1069391
2026-08-13 19:59:33.489827,HFCL,121.12,6823,121.06,1080295,121.18,2415261
2026-08-13 19:59:33.508422,NMDC,220.99,5884,220.88,1420121,221.1,1089739
2026-08-13 19:59:33.522350,TATAPOWER,426.27,6553,426.06,2394644,426.48,1089898
2026-08-13 19:59:33.554661,BHEL,298.8,5451,298.65,2420546,298.95,2441109
2026-08-13 19:59:33.569298,HUDCO,195.21,8151,195.11,2425944,195.31,2301893
2026-08-13 19:59:33.572620,PNB,113.94,7296,113.88,1478054,114.0,2172827
2026-08-13 19:59:33.589136,NHPC,95.2,8383,95.15,1424244,95.25,2375309
2026-08-13 19:59:33.606099,SMALLCAP1,46.48,541,46.43,6743,46.53,20226
2026-08-13 19:59:33.622314,RELIANCE,2854.22,5736,2852.79,1725528,2855.65,1167370
2026-08-13 19:59:33.639793,TCS,3790.37,12565,3788.47,1439949,3792.27,2174046
2026-08-13 19:59:33.655976,INFY,1482.68,11378,1481.94,1274984,1483.42,2475723
2026-08-13 19:59:33.672239,PENNYSTOCK,14.73,747,14.68,1893355,14.78,1846065
2026-08-13 19:59:48.407553,IDFCFIRSTB,72.79,3712,72.74,2407105,72.84,2397254
2026-08-13 19:59:48.437009,SUZLON,56.1,12300,56.05,2259410,56.15,1683894
2026-08-13 19:59:48.439007,GMRINFRA,89.02,3902,88.97,1945866,89.07,1458984
2026-08-13 19:59:48.455738,SOUTHBANK,34.06,14756,34.01,1977514,34.11,1697375
2026-08-13 19:59:48.472771,IRB,63.84,3921,63.79,2272300,63.89,2464856
2026-08-13 19:59:48.489827,HFCL,121.22,12923,121.16,2175287,121.28,1564890
2026-08-13 19:59:48.508422,NMDC,221.45,5277,221.34,1268674,221.56,1282549
2026-08-13 19:59:48.522350,TATAPOWER,426.09,7645,425.88,2056225,426.3,2215759
2026-08-13 19:59:48.554661,BHEL,299.26,9511,299.11,1798541,299.41,2001983
2026-08-13 19:59:48.569298,HUDCO,194.68,6743,194.58,1117807,194.78,2039664
2026-08-13 19:59:48.572620,PNB,113.78,1646,113.72,1444612,113.84,1323384
2026-08-13 19:59:48.589136,NHPC,95.18,6754,95.13,2058801,95.23,1848789
2026-08-13 19:59:48.606099,SMALLCAP1,46.51,985,46.46,11345,46.56,23010
2026-08-13 19:59:48.622314,RELIANCE,2851.22,3171,2849.79,1442392,2852.65,1710164
2026-08-13 19:59:48.639793,TCS,3794.39,8718,3792.49,2042185,3796.29,1499606
2026-08-13 19:59:48.655976,INFY,1483.03,9611,1482.29,1216795,1483.77,2291450
2026-08-13 19:59:48.672239,PENNYSTOCK,14.71,11620,14.66,1666597,14.76,1818724
2026-08-13 20:00:03.407553,IDFCFIRSTB,72.73,2847,72.68,2233965,72.78,1556557
2026-08-13 20:00:03.437009,SUZLON,56.3,2136,56.25,1475244,56.35,1273395
2026-08-13 20:00:03.439007,GMRINFRA,89.21,7210,89.16,2409926,89.26,1217898
2026-08-13 20:00:03.455738,SOUTHBANK,34.03,10478,33.98,1422650,34.08,1068912
2026-08-13 20:00:03.472771,IRB,63.81,5998,63.76,1429346,63.86,2118162
2026-08-13 20:00:03.489827,HFCL,121.35,11371,121.29,1794706,121.41,1597111
2026-08-13 20:00:03.508422,NMDC,221.42,9727,221.31,1052662,221.53,1483802
2026-08-13 20:00:03.522350,TATAPOWER,425.99,4252,425.78,1138872,426.2,1495053
2026-08-13 20:00:03.554661,BHEL,299.55,8227,299.4,1055224,299.7,1678093
2026-08-13 20:00:03.569298,HUDCO,194.13,77769,194.03,1687643,194.23,2013674
2026-08-13 20:00:03.572620,PNB,113.73,9962,113.67,1780142,113.79,2173882
2026-08-13 20:00:03.589136,NHPC,95.37,11989,95.32,2104285,95.42,1437646
2026-08-13 20:00:03.606099,SMALLCAP1,46.44,108,46.39,17650,46.49,7037
2026-08-13 20:00:03.622314,RELIANCE,2852.89,7150,2851.46,2234289,2854.32,2021915
2026-08-13 20:00:03.639793,TCS,3797.82,4273,3795.92,1207683,3799.72,2379347
2026-08-13 20:00:03.655976,INFY,1480.14,3319,1479.4,1988289,1480.88,1167853
2026-08-13 20:00:03.672239,PENNYSTOCK,14.73,4700,14.68,1765573,14.78,1265070
2026-08-13 20:00:18.407553,IDFCFIRSTB,72.87,13605,72.82,1052285,72.92,1191208
2026-08-13 20:00:18.437009,SUZLON,56.33,10997,56.28,2195387,56.38,1992245
2026-08-13 20:00:18.439007,GMRINFRA,89.12,4047,89.07,1322333,89.17,1964307
2026-08-13 20:00:18.455738,SOUTHBANK,33.98,1121,33.93,1731039,34.03,1351937
2026-08-13 20:00:18.472771,IRB,63.95,6814,63.9,1230139,64.0,2111379
2026-08-13 20:00:18.489827,HFCL,121.36,5698,121.3,1734453,121.42,1954114
2026-08-13 20:00:18.508422,NMDC,221.45,5479,221.34,2225251,221.56,1603719
2026-08-13 20:00:18.522350,TATAPOWER,425.91,801,425.7,1507782,426.12,1627338
2026-08-13 20:00:18.554661,BHEL,299.84,1941,299.69,2076063,299.99,1568010
2026-08-13 20:00:18.569298,HUDCO,193.86,14771,193.76,1159919,193.96,1109812
2026-08-13 20:00:18.572620,PNB,113.36,13054,113.3,1948661,113.42,2106959
2026-08-13 20:00:18.589136,NHPC,95.54,8827,95.49,1621633,95.59,1282842
2026-08-13 20:00:18.606099,SMALLCAP1,46.45,498,46.4,22135,46.5,14898
2026-08-13 20:00:18.622314,RELIANCE,2854.36,924,2852.93,2183598,2855.79,1670699
2026-08-13 20:00:18.639793,TCS,3793.51,4103,3791.61,1902343,3795.41,1053208
2026-08-13 20:00:18.655976,INFY,1479.95,5401,1479.21,2148001,1480.69,1779942
2026-08-13 20:00:18.672239,PENNYSTOCK,14.72,3445,14.67,1753489,14.77,1394027
2026-08-13 20:00:33.407553,IDFCFIRSTB,72.87,8675,72.82,1133533,72.92,2386688
2026-08-13 20:00:33.437009,SUZLON,56.4,11706,56.35,2153462,56.45,1778353
2026-08-13 20:00:33.439007,GMRINFRA,89.12,938,89.07,1270299,89.17,2093304
2026-08-13 20:00:33.455738,SOUTHBANK,33.97,1681,33.92,2499574,34.02,1967397
2026-08-13 20:00:33.472771,IRB,63.99,9220,63.94,1889276,64.04,2338925
2026-08-13 20:00:33.489827,HFCL,121.25,10861,121.19,1186033,121.31,1787973
2026-08-13 20:00:33.508422,NMDC,221.89,8977,221.78,1481657,222.0,1545013
2026-08-13 20:00:33.522350,TATAPOWER,426.02,1045,425.81,2067688,426.23,1619037
2026-08-13 20:00:33.554661,BHEL,299.88,11642,299.73,1285418,300.03,2395477
2026-08-13 20:00:33.569298,HUDCO,194.12,1392,194.02,1501465,194.22,2112515
2026-08-13 20:00:33.572620,PNB,113.45,668,113.39,1396768,113.51,1807507
2026-08-13 20:00:33.589136,NHPC,95.5,8722,95.45,1428969,95.55,1283058
2026-08-13 20:00:33.606099,SMALLCAP1,46.46,960,46.41,22384,46.51,6926
2026-08-13 20:00:33.622314,RELIANCE,2854.6,13093,2853.17,2385884,2856.03,2369325
2026-08-13 20:00:33.639793,TCS,3795.6,9965,3793.7,2407647,3797.5,1817347
2026-08-13 20:00:33.655976,INFY,1479.17,13712,1478.43,2270644,1479.91,1725604
2026-08-13 20:00:33.672239,PENNYSTOCK,14.72,3610,14.67,2075949,14.77,1114303
2026-08-13 20:00:48.407553,IDFCFIRSTB,72.86,7804,72.81,1706209,72.91,2228210
2026-08-13 20:00:48.437009,SUZLON,56.32,7380,56.27,1731261,56.37,1401788
2026-08-13 20:00:48.439007,GMRINFRA,89.12,3695,89.07,2397577,89.17,2053417
2026-08-13 20:00:48.455738,SOUTHBANK,33.99,7975,33.94,2166391,34.04,1871485
2026-08-13 20:00:48.472771,IRB,63.93,9683,63.88,2092785,63.98,2202553
2026-08-13 20:00:48.489827,HFCL,121.17,8394,121.11,1989603,121.23,1564129
2026-08-13 20:00:48.508422,NMDC,222.21,9792,222.1,2434133,222.32,2267709
2026-08-13 20:00:48.522350,TATAPOWER,426.33,9995,426.12,2019348,426.54,1114183
2026-08-13 20:00:48.554661,BHEL,300.39,13857,300.24,1053585,300.54,1799988
2026-08-13 20:00:48.569298,HUDCO,194.11,4913,194.01,1449272,194.21,1882869
2026-08-13 20:00:48.572620,PNB,113.58,3182,113.52,2285079,113.64,1390552
2026-08-13 20:00:48.589136,NHPC,95.77,4398,95.72,1741944,95.82,1819373
2026-08-13 20:00:48.606099,SMALLCAP1,46.43,80,46.38,12884,46.48,5764
2026-08-13 20:00:48.622314,RELIANCE,2860.72,13398,2859.29,2138321,2862.15,1605493
2026-08-13 20:00:48.639793,TCS,3790.15,4367,3788.25,1111130,3792.05,1442853
2026-08-13 20:00:48.655976,INFY,1481.48,12419,1480.74,1558143,1482.22,1313309
2026-08-13 20:00:48.672239,PENNYSTOCK,14.72,137640,14.67,1461944,14.77,1903681
2026-08-13 20:01:03.407553,IDFCFIRSTB,72.97,6225,72.92,1680938,73.02,2004677
2026-08-13 20:01:03.437009,SUZLON,56.32,12551,56.27,2217343,56.37,1334941
2026-08-13 20:01:03.439007,GMRINFRA,89.23,12242,89.18,1283963,89.28,1308940
2026-08-13 20:01:03.455738,SOUTHBANK,34.0,4446,33.95,1679454,34.05,2071487
2026-08-13 20:01:03.472771,IRB,63.83,2371,63.78,2335915,63.88,1641935
2026-08-13 20:01:03.489827,HFCL,120.98,11670,120.92,1752502,121.04,2043934
2026-08-13 20:01:03.508422,NMDC,221.89,2267,221.78,2203904,222.0,1351273
2026-08-13 20:01:03.522350,TATAPOWER,426.35,4262,426.14,1819053,426.56,1559561
2026-08-13 20:01:03.554661,BHEL,300.6,12156,300.45,1701636,300.75,2110017
2026-08-13 20:01:03.569298,HUDCO,193.86,4840,193.76,1456726,193.96,1169225
2026-08-13 20:01:03.572620,PNB,113.29,12060,113.23,1336795,113.35,1466423
2026-08-13 20:01:03.589136,NHPC,95.66,13074,95.61,1479862,95.71,1785178
2026-08-13 20:01:03.606099,SMALLCAP1,46.3,687,46.25,23010,46.35,7272
2026-08-13 20:01:03.622314,RELIANCE,2854.97,1187,2853.54,1910904,2856.4,1666766
2026-08-13 20:01:03.639793,TCS,3792.64,994,3790.74,2245982,3794.54,1874618
2026-08-13 20:01:03.655976,INFY,1480.45,4905,1479.71,1829349,1481.19,1628679
2026-08-13 20:01:03.672239,PENNYSTOCK,14.73,8772,14.68,1353618,14.78,1754231
2026-08-13 20:01:18.407553,IDFCFIRSTB,72.96,7107,72.91,1894327,73.01,1955214
2026-08-13 20:01:18.437009,SUZLON,56.19,10653,56.14,1107938,56.24,1707435
2026-08-13 20:01:18.439007,GMRINFRA,89.25,3810,89.2,1537578,89.3,1694096
2026-08-13 20:01:18.455738,SOUTHBANK,34.08,10274,34.03,1351373,34.13,1120354
2026-08-13 20:01:18.472771,IRB,63.8,14614,63.75,1542097,63.85,2304532
2026-08-13 20:01:18.489827,HFCL,120.73,6614,120.67,2298029,120.79,1508106
2026-08-13 20:01:18.508422,NMDC,221.92,5222,221.81,1092602,222.03,2470431
2026-08-13 20:01:18.522350,TATAPOWER,427.22,62262,427.01,2228152,427.43,1851969
2026-08-13 20:01:18.554661,BHEL,301.5,554,301.35,2257065,301.65,1900897
2026-08-13 20:01:18.569298,HUDCO,193.6,9639,193.5,2004695,193.7,1786860
2026-08-13 20:01:18.572620,PNB,113.33,13319,113.27,2188524,113.39,1861437
2026-08-13 20:01:18.589136,NHPC,95.65,2513,95.6,1445425,95.7,1257332
2026-08-13 20:01:18.606099,SMALLCAP1,46.42,207,46.37,14419,46.47,18040
2026-08-13 20:01:18.622314,RELIANCE,2856.93,6329,2855.5,1162090,2858.36,1542262
2026-08-13 20:01:18.639793,TCS,3788.94,6262,3787.05,1447232,3790.83,1169704
2026-08-13 20:01:18.655976,INFY,1478.38,8711,1477.64,1142739,1479.12,2242867
2026-08-13 20:01:18.672239,PENNYSTOCK,14.77,6255,14.72,1357732,14.82,1526837
2026-08-13 20:01:33.407553,IDFCFIRSTB,72.87,4036,72.82,1794376,72.92,2130791
2026-08-13 20:01:33.437009,SUZLON,56.22,8573,56.17,1527446,56.27,1591239
2026-08-13 20:01:33.439007,GMRINFRA,89.23,14331,89.18,1394535,89.28,2302551
2026-08-13 20:01:33.455738,SOUTHBANK,34.14,9049,34.09,1056825,34.19,2458556
2026-08-13 20:01:33.472771,IRB,63.79,2194,63.74,1437920,63.84,1340320
2026-08-13 20:01:33.489827,HFCL,121.03,2651,120.97,1461869,121.09,1316536
2026-08-13 20:01:33.508422,NMDC,222.27,6990,222.16,2290166,222.38,1960702
2026-08-13 20:01:33.522350,TATAPOWER,427.91,5297,427.7,2000363,428.12,1434738
2026-08-13 20:01:33.554661,BHEL,301.85,3073,301.7,1864805,302.0,2013447
2026-08-13 20:01:33.569298,HUDCO,193.51,1904,193.41,1132992,193.61,2158013
2026-08-13 20:01:33.572620,PNB,113.01,8434,112.95,1602220,113.07,2374248
2026-08-13 20:01:33.589136,NHPC,95.29,9119,95.24,1544649,95.34,1819494
2026-08-13 20:01:33.606099,SMALLCAP1,46.58,416,46.53,7828,46.63,7390
2026-08-13 20:01:33.622314,RELIANCE,2854.42,6499,2852.99,2204905,2855.85,1060765
2026-08-13 20:01:33.639793,TCS,3786.5,152088,3784.61,1944385,3788.39,2484134
2026-08-13 20:01:33.655976,INFY,1481.8,1521,1481.06,1476511,1482.54,1122439
2026-08-13 20:01:33.672239,PENNYSTOCK,14.78,6279,14.73,1562611,14.83,1930870
2026-08-13 20:01:48.407553,IDFCFIRSTB,72.68,520,72.63,1849145,72.73,2086135
2026-08-13 20:01:48.437009,SUZLON,56.09,13389,56.04,2107237,56.14,1383242
2026-08-13 20:01:48.439007,GMRINFRA,89.29,7344,89.24,1714783,89.34,1457382
2026-08-13 20:01:48.455738,SOUTHBANK,34.1,13427,34.05,1381373,34.15,1495683
2026-08-13 20:01:48.472771,IRB,63.76,6387,63.71,2195884,63.81,2259012
2026-08-13 20:01:48.489827,HFCL,120.92,146500,120.86,1916068,120.98,2326327
2026-08-13 20:01:48.508422,NMDC,221.87,10642,221.76,1925674,221.98,1690859
2026-08-13 20:01:48.522350,TATAPOWER,427.25,4051,427.04,1211657,427.46,2470258
2026-08-13 20:01:48.554661,BHEL,302.35,10822,302.2,2386018,302.5,1789009
2026-08-13 20:01:48.569298,HUDCO,193.78,8654,193.68,1743814,193.88,1877437
2026-08-13 20:01:48.572620,PNB,113.01,12369,112.95,2273554,113.07,2148751
2026-08-13 20:01:48.589136,NHPC,95.31,11367,95.26,1316518,95.36,1729822
2026-08-13 20:01:48.606099,SMALLCAP1,46.7,206,46.65,22706,46.75,13114
2026-08-13 20:01:48.622314,RELIANCE,2846.1,14671,2844.68,1343288,2847.52,1740490
2026-08-13 20:01:48.639793,TCS,3785.52,9031,3783.63,2436564,3787.41,1120517
2026-08-13 20:01:48.655976,INFY,1478.4,14310,1477.66,2042339,1479.14,2045885
2026-08-13 20:01:48.672239,PENNYSTOCK,14.8,11850,14.75,1743401,14.85,1304412
2026-08-13 20:02:03.407553,IDFCFIRSTB,72.61,40572,72.56,1828301,72.66,1172092
2026-08-13 20:02:03.437009,SUZLON,56.02,1747,55.97,1461789,56.07,2333000
2026-08-13 20:02:03.439007,GMRINFRA,89.25,10560,89.2,1187929,89.3,1927969
2026-08-13 20:02:03.455738,SOUTHBANK,34.04,1475,33.99,1057590,34.09,2198168
2026-08-13 20:02:03.472771,IRB,63.71,12468,63.66,1345960,63.76,2479060
2026-08-13 20:02:03.489827,HFCL,120.95,13431,120.89,2426956,121.01,1801020
2026-08-13 20:02:03.508422,NMDC,222.18,13783,222.07,2219051,222.29,1448191
2026-08-13 20:02:03.522350,TATAPOWER,427.64,4899,427.43,1726059,427.85,1660637
2026-08-13 20:02:03.554661,BHEL,302.26,3227,302.11,1861138,302.41,2448802
2026-08-13 20:02:03.569298,HUDCO,193.76,9193,193.66,1717652,193.86,1240206
2026-08-13 20:02:03.572620,PNB,112.67,6170,112.61,1683675,112.73,2481234
2026-08-13 20:02:03.589136,NHPC,95.36,7916,95.31,2077756,95.41,1069372
2026-08-13 20:02:03.606099,SMALLCAP1,46.62,609,46.57,13830,46.67,13327
2026-08-13 20:02:03.622314,RELIANCE,2850.66,2477,2849.23,1059265,2852.09,2385406
2026-08-13 20:02:03.639793,TCS,3787.53,3027,3785.64,1551693,3789.42,2053074
2026-08-13 20:02:03.655976,INFY,1482.53,7710,1481.79,1311049,1483.27,1136273
2026-08-13 20:02:03.672239,PENNYSTOCK,14.81,8699,14.76,2075017,14.86,1114548
2026-08-13 20:02:18.407553,IDFCFIRSTB,72.74,14996,72.69,1579585,72.79,1324212
2026-08-13 20:02:18.437009,SUZLON,55.99,13310,55.94,1303184,56.04,2146797
2026-08-13 20:02:18.439007,GMRINFRA,88.73,4379,88.68,1969453,88.78,1809319
2026-08-13 20:02:18.455738,SOUTHBANK,34.04,2434,33.99,1984373,34.09,1057206
2026-08-13 20:02:18.472771,IRB,63.54,8743,63.49,1814947,63.59,2432340
2026-08-13 20:02:18.489827,HFCL,120.95,5325,120.89,1815711,121.01,1559632
2026-08-13 20:02:18.508422,NMDC,222.35,3560,222.24,1592949,222.46,1542607
2026-08-13 20:02:18.522350,TATAPOWER,427.62,13777,427.41,1573421,427.83,1477654
2026-08-13 20:02:18.554661,BHEL,302.33,12374,302.18,2041046,302.48,1945131
2026-08-13 20:02:18.569298,HUDCO,193.62,2248,193.52,1649662,193.72,2130132
2026-08-13 20:02:18.572620,PNB,112.7,10176,112.64,1234401,112.76,1080343
2026-08-13 20:02:18.589136,NHPC,95.43,11328,95.38,2442844,95.48,1460953
2026-08-13 20:02:18.606099,SMALLCAP1,46.6,805,46.55,7934,46.65,15133
2026-08-13 20:02:18.622314,RELIANCE,2844.1,4934,2842.68,1719405,2845.52,2007573
2026-08-13 20:02:18.639793,TCS,3780.45,6736,3778.56,2056291,3782.34,1479743
2026-08-13 20:02:18.655976,INFY,1482.04,12595,1481.3,1964645,1482.78,2154322
2026-08-13 20:02:18.672239,PENNYSTOCK,14.78,11075,14.73,1607668,14.83,1097192
2026-08-13 20:02:33.407553,IDFCFIRSTB,72.72,14935,72.67,2485085,72.77,1829230
2026-08-13 20:02:33.437009,SUZLON,56.0,2624,55.95,1561833,56.05,2476526
2026-08-13 20:02:33.439007,GMRINFRA,88.63,2082,88.58,2254082,88.68,1928891
2026-08-13 20:02:33.455738,SOUTHBANK,34.03,7143,33.98,1462428,34.08,1122354
2026-08-13 20:02:33.472771,IRB,63.67,10434,63.62,1300691,63.72,1521134
2026-08-13 20:02:33.489827,HFCL,121.2,2455,121.14,2267356,121.26,1906181
2026-08-13 20:02:33.508422,NMDC,222.78,4379,222.67,1322739,222.89,1386888
2026-08-13 20:02:33.522350,TATAPOWER,426.61,11423,426.4,2229733,426.82,2075112
2026-08-13 20:02:33.554661,BHEL,302.14,5049,301.99,2308834,302.29,2372404
2026-08-13 20:02:33.569298,HUDCO,193.86,9342,193.76,2069041,193.96,1557103
2026-08-13 20:02:33.572620,PNB,112.87,5985,112.81,1318562,112.93,1717540
2026-08-13 20:02:33.589136,NHPC,95.22,5908,95.17,1961653,95.27,2440204
2026-08-13 20:02:33.606099,SMALLCAP1,46.58,522,46.53,15044,46.63,8726
2026-08-13 20:02:33.622314,RELIANCE,2835.7,12001,2834.28,2451814,2837.12,2102106
2026-08-13 20:02:33.639793,TCS,3779.25,8208,3777.36,2146313,3781.14,1732780
2026-08-13 20:02:33.655976,INFY,1484.94,14482,1484.2,1676880,1485.68,2319107
2026-08-13 20:02:33.672239,PENNYSTOCK,14.8,14242,14.75,2303131,14.85,2161687
2026-08-13 20:02:48.407553,IDFCFIRSTB,72.93,3994,72.88,1902161,72.98,1216279
2026-08-13 20:02:48.437009,SUZLON,56.13,14070,56.08,1395381,56.18,1633164
2026-08-13 20:02:48.439007,GMRINFRA,88.52,6333,88.47,1147536,88.57,2364954
2026-08-13 20:02:48.455738,SOUTHBANK,34.01,12182,33.96,1780197,34.06,1949372
2026-08-13 20:02:48.472771,IRB,63.63,5797,63.58,1708820,63.68,2040019
2026-08-13 20:02:48.489827,HFCL,121.09,4245,121.03,1129715,121.15,1229803
2026-08-13 20:02:48.508422,NMDC,222.95,8170,222.84,2220454,223.06,2475213
2026-08-13 20:02:48.522350,TATAPOWER,426.86,14868,426.65,2440721,427.07,1231950
2026-08-13 20:02:48.554661,BHEL,302.29,1399,302.14,2471978,302.44,2095125
2026-08-13 20:02:48.569298,HUDCO,194.04,8023,193.94,1979846,194.14,1581888
2026-08-13 20:02:48.572620,PNB,112.71,1728,112.65,2181128,112.77,1947627
2026-08-13 20:02:48.589136,NHPC,95.16,6917,95.11,2301667,95.21,2195553
2026-08-13 20:02:48.606099,SMALLCAP1,46.56,127,46.51,13655,46.61,22671
2026-08-13 20:02:48.622314,RELIANCE,2839.09,14721,2837.67,1635630,2840.51,1717294
2026-08-13 20:02:48.639793,TCS,3783.91,2402,3782.02,1933068,3785.8,2473175
2026-08-13 20:02:48.655976,INFY,1487.8,48224,1487.06,1299712,1488.54,1862678
2026-08-13 20:02:48.672239,PENNYSTOCK,14.82,6710,14.77,2273695,14.87,1945240
2026-08-13 20:03:03.407553,IDFCFIRSTB,73.07,4642,73.02,2162410,73.12,1399185
2026-08-13 20:03:03.437009,SUZLON,56.15,9351,56.1,1750204,56.2,1693310
2026-08-13 20:03:03.439007,GMRINFRA,88.46,7549,88.41,2196196,88.51,1404977
2026-08-13 20:03:03.455738,SOUTHBANK,34.1,2767,34.05,1535766,34.15,1592987
2026-08-13 20:03:03.472771,IRB,63.45,7923,63.4,1251845,63.5,1547596
2026-08-13 20:03:03.489827,HFCL,120.95,12236,120.89,1120475,121.01,2091972
2026-08-13 20:03:03.508422,NMDC,222.88,13288,222.77,1649792,222.99,1930079
2026-08-13 20:03:03.522350,TATAPOWER,426.79,12348,426.58,2098598,427.0,1207251
2026-08-13 20:03:03.554661,BHEL,302.79,14150,302.64,1476138,302.94,1303236
2026-08-13 20:03:03.569298,HUDCO,194.77,3962,194.67,1191628,194.87,1951711
2026-08-13 20:03:03.572620,PNB,112.42,3535,112.36,1897329,112.48,1499390
2026-08-13 20:03:03.589136,NHPC,95.33,9592,95.28,2248230,95.38,1150503
2026-08-13 20:03:03.606099,SMALLCAP1,46.59,784,46.54,16275,46.64,11441
2026-08-13 20:03:03.622314,RELIANCE,2837.04,11433,2835.62,1392268,2838.46,2081547
2026-08-13 20:03:03.639793,TCS,3781.2,12075,3779.31,1219251,3783.09,1107164
2026-08-13 20:03:03.655976,INFY,1493.48,14390,1492.73,1517402,1494.23,1990549
2026-08-13 20:03:03.672239,PENNYSTOCK,14.81,6576,14.76,1683451,14.86,2293654
2026-08-13 20:03:18.407553,IDFCFIRSTB,73.09,10448,73.04,2389885,73.14,2063223
2026-08-13 20:03:18.437009,SUZLON,56.14,9930,56.09,1654370,56.19,1068669
2026-08-13 20:03:18.439007,GMRINFRA,88.41,7760,88.36,1597867,88.46,2413031
2026-08-13 20:03:18.455738,SOUTHBANK,34.2,2446,34.15,2063107,34.25,1122223
2026-08-13 20:03:18.472771,IRB,63.43,116640,63.38,1160020,63.48,2184679
2026-08-13 20:03:18.489827,HFCL,120.8,14933,120.74,2352593,120.86,1992006
2026-08-13 20:03:18.508422,NMDC,222.9,1293,222.79,2025289,223.01,1258112
2026-08-13 20:03:18.522350,TATAPOWER,426.36,9936,426.15,2272464,426.57,1357971
2026-08-13 20:03:18.554661,BHEL,303.03,11763,302.88,2089727,303.18,1826212
2026-08-13 20:03:18.569298,HUDCO,195.12,11071,195.02,1771831,195.22,1262659
2026-08-13 20:03:18.572620,PNB,112.62,1905,112.56,1503745,112.68,1692878
2026-08-13 20:03:18.589136,NHPC,95.41,8921,95.36,1378307,95.46,1217133
2026-08-13 20:03:18.606099,SMALLCAP1,46.54,225,46.49,14119,46.59,7305
2026-08-13 20:03:18.622314,RELIANCE,2840.16,10179,2838.74,1080799,2841.58,1569048
2026-08-13 20:03:18.639793,TCS,3775.4,12529,3773.51,2162293,3777.29,2027861
2026-08-13 20:03:18.655976,INFY,1489.98,14547,1489.24,1103510,1490.72,2263571
2026-08-13 20:03:18.672239,PENNYSTOCK,14.82,8423,14.77,1732662,14.87,1972769
2026-08-13 20:03:33.407553,IDFCFIRSTB,73.1,10429,73.05,2273707,73.15,2232547
2026-08-13 20:03:33.437009,SUZLON,56.11,10315,56.06,1803721,56.16,1818935
2026-08-13 20:03:33.439007,GMRINFRA,88.43,6440,88.38,1921468,88.48,1826414
2026-08-13 20:03:33.455738,SOUTHBANK,34.2,10571,34.15,1560544,34.25,1307898
2026-08-13 20:03:33.472771,IRB,63.53,950,63.48,1609462,63.58,2457758
2026-08-13 20:03:33.489827,HFCL,120.91,2891,120.85,2088358,120.97,1638654
2026-08-13 20:03:33.508422,NMDC,223.34,13486,223.23,1880166,223.45,2229498
2026-08-13 20:03:33.522350,TATAPOWER,426.04,8538,425.83,2252943,426.25,2173577
2026-08-13 20:03:33.554661,BHEL,302.74,5694,302.59,1587331,302.89,1850780
2026-08-13 20:03:33.569298,HUDCO,195.55,10442,195.45,2330686,195.65,2210082
2026-08-13 20:03:33.572620,PNB,112.63,6498,112.57,2283970,112.69,2350667
2026-08-13 20:03:33.589136,NHPC,95.71,730,95.66,1301252,95.76,1104563
2026-08-13 20:03:33.606099,SMALLCAP1,46.48,395,46.43,24675,46.53,16119
2026-08-13 20:03:33.622314,RELIANCE,2839.45,1298,2838.03,1287494,2840.87,2108477
2026-08-13 20:03:33.639793,TCS,3783.69,2652,3781.8,1359955,3785.58,1605173
2026-08-13 20:03:33.655976,INFY,1487.52,12785,1486.78,2100123,1488.26,1303629
2026-08-13 20:03:33.672239,PENNYSTOCK,14.84,9174,14.79,1430197,14.89,1514488
2026-08-13 20:03:48.407553,IDFCFIRSTB,72.95,4711,72.9,1233643,73.0,1174951
2026-08-13 20:03:48.437009,SUZLON,56.21,13599,56.16,1132875,56.26,2390749
2026-08-13 20:03:48.439007,GMRINFRA,88.36,4811,88.31,1714856,88.41,1176373
2026-08-13 20:03:48.455738,SOUTHBANK,34.19,5857,34.14,1538425,34.24,2490920
2026-08-13 20:03:48.472771,IRB,63.5,7917,63.45,2296199,63.55,1464168
2026-08-13 20:03:48.489827,HFCL,121.26,11167,121.2,1637208,121.32,1181478
2026-08-13 20:03:48.508422,NMDC,223.8,8055,223.69,1217860,223.91,2026987
2026-08-13 20:03:48.522350,TATAPOWER,425.63,7547,425.42,1413091,425.84,1398680
2026-08-13 20:03:48.554661,BHEL,302.96,5469,302.81,1572680,303.11,1056639
2026-08-13 20:03:48.569298,HUDCO,195.87,14467,195.77,1163462,195.97,1662100
2026-08-13 20:03:48.572620,PNB,112.5,14920,112.44,1834121,112.56,1282155
2026-08-13 20:03:48.589136,NHPC,95.76,13087,95.71,1454059,95.81,1899497
2026-08-13 20:03:48.606099,SMALLCAP1,46.48,982,46.43,12442,46.53,10104
2026-08-13 20:03:48.622314,RELIANCE,2841.53,9943,2840.11,1766427,2842.95,1876938
2026-08-13 20:03:48.639793,TCS,3794.63,9664,3792.73,1545784,3796.53,1575591
2026-08-13 20:03:48.655976,INFY,1491.32,11254,1490.57,1628831,1492.07,1457553
2026-08-13 20:03:48.672239,PENNYSTOCK,14.88,2449,14.83,1637614,14.93,2486871
2026-08-13 20:04:03.407553,IDFCFIRSTB,72.88,1179,72.83,2160644,72.93,2144346
2026-08-13 20:04:03.437009,SUZLON,56.24,14888,56.19,1732424,56.29,2419060
2026-08-13 20:04:03.439007,GMRINFRA,88.44,8391,88.39,1641885,88.49,1519045
2026-08-13 20:04:03.455738,SOUTHBANK,34.24,1772,34.19,1241574,34.29,1330302
2026-08-13 20:04:03.472771,IRB,63.63,3908,63.58,1384889,63.68,2170228
2026-08-13 20:04:03.489827,HFCL,121.46,1436,121.4,1406594,121.52,1205057
2026-08-13 20:04:03.508422,NMDC,224.14,10395,224.03,1568485,224.25,2338623
2026-08-13 20:04:03.522350,TATAPOWER,426.17,11658,425.96,1964826,426.38,1785441
2026-08-13 20:04:03.554661,BHEL,302.65,1520,302.5,2192897,302.8,2007914
2026-08-13 20:04:03.569298,HUDCO,195.77,6616,195.67,1081603,195.87,1636563
2026-08-13 20:04:03.572620,PNB,112.29,14926,112.23,2424147,112.35,1563948
2026-08-13 20:04:03.589136,NHPC,95.88,7010,95.83,1589073,95.93,1782973
2026-08-13 20:04:03.606099,SMALLCAP1,46.49,361,46.44,14642,46.54,9075
2026-08-13 20:04:03.622314,RELIANCE,2838.05,1600,2836.63,2092957,2839.47,1805807
2026-08-13 20:04:03.639793,TCS,3791.94,4375,3790.04,1573160,3793.84,1493860
2026-08-13 20:04:03.655976,INFY,1493.05,14951,1492.3,1839361,1493.8,1923685
2026-08-13 20:04:03.672239,PENNYSTOCK,14.9,1185,14.85,1166005,14.95,1751594
2026-08-13 20:04:18.407553,IDFCFIRSTB,73.1,9268,73.05,1911014,73.15,1864683
2026-08-13 20:04:18.437009,SUZLON,56.25,180000,56.2,2040310,56.3,1789132
2026-08-13 20:04:18.439007,GMRINFRA,88.52,2433,88.47,1075538,88.57,2251760
2026-08-13 20:04:18.455738,SOUTHBANK,34.23,12905,34.18,1869138,34.28,2324971
2026-08-13 20:04:18.472771,IRB,63.72,10352,63.67,1428223,63.77,2001342
2026-08-13 20:04:18.489827,HFCL,121.26,2446,121.2,1140970,121.32,2418370
2026-08-13 20:04:18.508422,NMDC,223.99,35112,223.88,1195525,224.1,1944212
2026-08-13 20:04:18.522350,TATAPOWER,426.27,5745,426.06,2241968,426.48,1615921
2026-08-13 20:04:18.554661,BHEL,302.69,1734,302.54,1125325,302.84,2094061
2026-08-13 20:04:18.569298,HUDCO,195.84,4178,195.74,2308212,195.94,2467822
2026-08-13 20:04:18.572620,PNB,112.45,12912,112.39,2362775,112.51,2092405
2026-08-13 20:04:18.589136,NHPC,95.69,51432,95.64,1929694,95.74,2018795
2026-08-13 20:04:18.606099,SMALLCAP1,46.37,814,46.32,18218,46.42,23120
2026-08-13 20:04:18.622314,RELIANCE,2849.78,109725,2848.36,2158631,2851.2,1575108
2026-08-13 20:04:18.639793,TCS,3800.12,14065,3798.22,1799923,3802.02,2091014
2026-08-13 20:04:18.655976,INFY,1488.26,9594,1487.52,1997704,1489.0,1483990
2026-08-13 20:04:18.672239,PENNYSTOCK,14.9,10215,14.85,1145903,14.95,1434290
2026-08-13 20:04:33.407553,IDFCFIRSTB,73.17,1468,73.12,2454375,73.22,1872141
2026-08-13 20:04:33.437009,SUZLON,56.45,4139,56.4,2144288,56.5,2201546
2026-08-13 20:04:33.439007,GMRINFRA,88.48,10577,88.43,2259512,88.53,1098215
2026-08-13 20:04:33.455738,SOUTHBANK,34.21,14072,34.16,1220405,34.26,2439879
2026-08-13 20:04:33.472771,IRB,63.8,5622,63.75,1979443,63.85,1234674
2026-08-13 20:04:33.489827,HFCL,121.11,8306,121.05,2190331,121.17,2481577
2026-08-13 20:04:33.508422,NMDC,223.57,10611,223.46,1397320,223.68,1988462
2026-08-13 20:04:33.522350,TATAPOWER,426.04,4011,425.83,2342042,426.25,1736701
2026-08-13 20:04:33.554661,BHEL,302.79,12442,302.64,1319589,302.94,2352549
2026-08-13 20:04:33.569298,HUDCO,195.38,1857,195.28,1093586,195.48,1987172
2026-08-13 20:04:33.572620,PNB,112.47,12638,112.41,1291278,112.53,1520376
2026-08-13 20:04:33.589136,NHPC,95.76,14428,95.71,1231176,95.81,1101838
2026-08-13 20:04:33.606099,SMALLCAP1,46.52,446,46.47,12174,46.57,13933
2026-08-13 20:04:33.622314,RELIANCE,2852.75,10930,2851.32,1509869,2854.18,1367705
2026-08-13 20:04:33.639793,TCS,3802.81,12942,3800.91,1770037,3804.71,1334124
2026-08-13 20:04:33.655976,INFY,1487.86,4941,1487.12,1410624,1488.6,2338057
2026-08-13 20:04:33.672239,PENNYSTOCK,14.89,5425,14.84,2447500,14.94,1871092
2026-08-13 20:04:48.407553,IDFCFIRSTB,73.08,4862,73.03,1158592,73.13,1279820
2026-08-13 20:04:48.437009,SUZLON,56.4,3388,56.35,1111051,56.45,1600497
2026-08-13 20:04:48.439007,GMRINFRA,88.47,10697,88.42,1069658,88.52,2007535
2026-08-13 20:04:48.455738,SOUTHBANK,34.19,3142,34.14,2328886,34.24,1181588
2026-08-13 20:04:48.472771,IRB,63.89,12868,63.84,1802170,63.94,1410213
2026-08-13 20:04:48.489827,HFCL,121.33,8460,121.27,1656212,121.39,1251215
2026-08-13 20:04:48.508422,NMDC,223.74,3301,223.63,1973716,223.85,1092576
2026-08-13 20:04:48.522350,TATAPOWER,426.03,14123,425.82,2406152,426.24,1920161
2026-08-13 20:04:48.554661,BHEL,303.16,11928,303.01,2092300,303.31,1326046
2026-08-13 20:04:48.569298,HUDCO,195.18,8041,195.08,2044541,195.28,1577591
2026-08-13 20:04:48.572620,PNB,112.19,4554,112.13,1870835,112.25,1407253
2026-08-13 20:04:48.589136,NHPC,95.6,640,95.55,1227645,95.65,2472078
2026-08-13 20:04:48.606099,SMALLCAP1,46.5,4410,46.45,11239,46.55,13834
2026-08-13 20:04:48.622314,RELIANCE,2851.07,13465,2849.64,1276216,2852.5,1564458
2026-08-13 20:04:48.639793,TCS,3810.47,2967,3808.56,1529545,3812.38,1320173
2026-08-13 20:04:48.655976,INFY,1489.89,12150,1489.15,1689979,1490.63,1071767
2026-08-13 20:04:48.672239,PENNYSTOCK,14.87,14219,14.82,1089357,14.92,2232673
2026-08-13 20:05:03.407553,IDFCFIRSTB,72.97,2926,72.92,1631285,73.02,1126448
2026-08-13 20:05:03.437009,SUZLON,56.38,14743,56.33,2214715,56.43,1430827
2026-08-13 20:05:03.439007,GMRINFRA,88.47,3761,88.42,2169142,88.52,1209270
2026-08-13 20:05:03.455738,SOUTHBANK,34.15,12349,34.1,2069553,34.2,1985243
2026-08-13 20:05:03.472771,IRB,63.96,2648,63.91,1294120,64.01,1114440
2026-08-13 20:05:03.489827,HFCL,121.54,6148,121.48,1915023,121.6,2216149
2026-08-13 20:05:03.508422,NMDC,223.38,12982,223.27,2113720,223.49,1661732
2026-08-13 20:05:03.522350,TATAPOWER,425.06,3457,424.85,1961535,425.27,2051745
2026-08-13 20:05:03.554661,BHEL,303.0,7921,302.85,1054358,303.15,2205777
2026-08-13 20:05:03.569298,HUDCO,195.15,3190,195.05,2436476,195.25,2441253
2026-08-13 20:05:03.572620,PNB,112.27,14963,112.21,1871750,112.33,2057702
2026-08-13 20:05:03.589136,NHPC,95.61,10155,95.56,1515789,95.66,1634457
2026-08-13 20:05:03.606099,SMALLCAP1,46.37,637,46.32,12674,46.42,18239
2026-08-13 20:05:03.622314,RELIANCE,2856.71,10016,2855.28,1136942,2858.14,1475743
2026-08-13 20:05:03.639793,TCS,3818.86,9090,3816.95,1194885,3820.77,1091593
2026-08-13 20:05:03.655976,INFY,1485.86,1020,1485.12,1100068,1486.6,2247833
2026-08-13 20:05:03.672239,PENNYSTOCK,14.81,1140,14.76,1208328,14.86,1862908
2026-08-13 20:05:18.407553,IDFCFIRSTB,72.95,9763,72.9,1584022,73.0,2145891
2026-08-13 20:05:18.437009,SUZLON,56.28,11320,56.23,2496717,56.33,1939953
2026-08-13 20:05:18.439007,GMRINFRA,88.41,2202,88.36,2230562,88.46,1464114
2026-08-13 20:05:18.455738,SOUTHBANK,34.21,12518,34.16,1909230,34.26,2423436
2026-08-13 20:05:18.472771,IRB,64.02,5405,63.97,1620105,64.07,1157554
2026-08-13 20:05:18.489827,HFCL,121.78,9743,121.72,1321615,121.84,1635974
2026-08-13 20:05:18.508422,NMDC,223.51,11953,223.4,1326178,223.62,2277720
2026-08-13 20:05:18.522350,TATAPOWER,424.33,11914,424.12,1855913,424.54,1225594
2026-08-13 20:05:18.554661,BHEL,303.59,5532,303.44,1142218,303.74,1444796
2026-08-13 20:05:18.569298,HUDCO,195.65,14663,195.55,1499832,195.75,2321806
2026-08-13 20:05:18.572620,PNB,112.77,63270,112.71,2034013,112.83,1713729
2026-08-13 20:05:18.589136,NHPC,95.81,12844,95.76,1142393,95.86,2379103
2026-08-13 20:05:18.606099,SMALLCAP1,46.39,233,46.34,5054,46.44,21027
2026-08-13 20:05:18.622314,RELIANCE,2851.14,10531,2849.71,1233615,2852.57,1262322
2026-08-13 20:05:18.639793,TCS,3827.82,10824,3825.91,2470674,3829.73,1869093
2026-08-13 20:05:18.655976,INFY,1486.27,14570,1485.53,2160852,1487.01,1628442
2026-08-13 20:05:18.672239,PENNYSTOCK,14.76,5593,14.71,2150985,14.81,1291272
2026-08-13 20:05:33.407553,IDFCFIRSTB,72.98,6897,72.93,1094907,73.03,2437444
2026-08-13 20:05:33.437009,SUZLON,56.4,11355,56.35,2137316,56.45,1689484
2026-08-13 20:05:33.439007,GMRINFRA,88.23,4936,88.18,2314833,88.28,2377196
2026-08-13 20:05:33.455738,SOUTHBANK,34.2,1865,34.15,2427348,34.25,1087130
2026-08-13 20:05:33.472771,IRB,64.18,840,64.13,1445448,64.23,1930937
2026-08-13 20:05:33.489827,HFCL,121.85,5322,121.79,2152183,121.91,1093218
2026-08-13 20:05:33.508422,NMDC,223.71,3349,223.6,2240408,223.82,1983526
2026-08-13 20:05:33.522350,TATAPOWER,424.68,11237,424.47,1923778,424.89,2465272
2026-08-13 20:05:33.554661,BHEL,303.78,3489,303.63,1496431,303.93,1780568
2026-08-13 20:05:33.569298,HUDCO,195.97,2911,195.87,2484515,196.07,2440427
2026-08-13 20:05:33.572620,PNB,112.92,8927,112.86,1703046,112.98,1283649
2026-08-13 20:05:33.589136,NHPC,95.94,14960,95.89,2463942,95.99,1512007
2026-08-13 20:05:33.606099,SMALLCAP1,46.36,730,46.31,10276,46.41,20161
2026-08-13 20:05:33.622314,RELIANCE,2850.17,87924,2848.74,2220249,2851.6,2234629
2026-08-13 20:05:33.639793,TCS,3834.31,12140,3832.39,2050267,3836.23,1308624
2026-08-13 20:05:33.655976,INFY,1485.83,11767,1485.09,2335924,1486.57,1775741
2026-08-13 20:05:33.672239,PENNYSTOCK,14.75,6057,14.7,2464464,14.8,1295847
2026-08-13 20:05:48.407553,IDFCFIRSTB,72.85,13933,72.8,1143593,72.9,1742038
2026-08-13 20:05:48.437009,SUZLON,56.36,6772,56.31,1857019,56.41,1372490
2026-08-13 20:05:48.439007,GMRINFRA,88.19,7002,88.14,1292647,88.24,2131276
2026-08-13 20:05:48.455738,SOUTHBANK,34.2,14751,34.15,1252998,34.25,1165487
2026-08-13 20:05:48.472771,IRB,64.15,12708,64.1,1317626,64.2,1705503
2026-08-13 20:05:48.489827,HFCL,122.03,10189,121.97,2046232,122.09,2358613
2026-08-13 20:05:48.508422,NMDC,223.83,2664,223.72,1184914,223.94,1541448
2026-08-13 20:05:48.522350,TATAPOWER,424.85,14747,424.64,1272218,425.06,2232322
2026-08-13 20:05:48.554661,BHEL,303.92,8156,303.77,2014256,304.07,1656963
2026-08-13 20:05:48.569298,HUDCO,195.82,5017,195.72,1394601,195.92,1743640
2026-08-13 20:05:48.572620,PNB,112.82,10597,112.76,1482050,112.88,1170652
2026-08-13 20:05:48.589136,NHPC,95.98,4196,95.93,1509756,96.03,2287084
2026-08-13 20:05:48.606099,SMALLCAP1,46.27,962,46.22,8238,46.32,19873
2026-08-13 20:05:48.622314,RELIANCE,2854.66,5678,2853.23,1708498,2856.09,1337061
2026-08-13 20:05:48.639793,TCS,3830.65,8625,3828.73,1648348,3832.57,1321843
2026-08-13 20:05:48.655976,INFY,1484.13,8711,1483.39,1218043,1484.87,2367093
2026-08-13 20:05:48.672239,PENNYSTOCK,14.76,6816,14.71,1795967,14.81,2445029
2026-08-13 20:06:03.407553,IDFCFIRSTB,72.71,968,72.66,1963343,72.76,2364362
2026-08-13 20:06:03.437009,SUZLON,56.16,1971,56.11,1229371,56.21,2246515
2026-08-13 20:06:03.439007,GMRINFRA,88.4,1632,88.35,1740029,88.45,1248765
2026-08-13 20:06:03.455738,SOUTHBANK,34.23,4324,34.18,2006738,34.28,1069454
2026-08-13 20:06:03.472771,IRB,64.19,1146,64.14,1508108,64.24,2475231
2026-08-13 20:06:03.489827,HFCL,122.11,9424,122.05,1629535,122.17,1265867
2026-08-13 20:06:03.508422,NMDC,223.75,5787,223.64,1394113,223.86,1296992
2026-08-13 20:06:03.522350,TATAPOWER,426.27,904,426.06,1396294,426.48,1406504
2026-08-13 20:06:03.554661,BHEL,303.76,8152,303.61,1623440,303.91,1502040
2026-08-13 20:06:03.569298,HUDCO,195.95,10939,195.85,1195604,196.05,1641863
2026-08-13 20:06:03.572620,PNB,112.94,2361,112.88,1294101,113.0,1261357
2026-08-13 20:06:03.589136,NHPC,96.0,8061,95.95,1929751,96.05,2394835
2026-08-13 20:06:03.606099,SMALLCAP1,46.25,220,46.2,20382,46.3,21315
2026-08-13 20:06:03.622314,RELIANCE,2855.37,12040,2853.94,2345501,2856.8,1783176
2026-08-13 20:06:03.639793,TCS,3831.43,13058,3829.51,1896727,3833.35,1639381
2026-08-13 20:06:03.655976,INFY,1482.17,4668,1481.43,1814926,1482.91,1246427
2026-08-13 20:06:03.672239,PENNYSTOCK,14.72,3792,14.67,1073960,14.77,1129174
2026-08-13 20:06:18.407553,IDFCFIRSTB,72.68,6617,72.63,2223644,72.73,2061760
2026-08-13 20:06:18.437009,SUZLON,56.07,1955,56.02,1918360,56.12,1997833
2026-08-13 20:06:18.439007,GMRINFRA,88.35,13401,88.3,2465004,88.4,2155239
2026-08-13 20:06:18.455738,SOUTHBANK,34.18,939,34.13,1497298,34.23,2401355
2026-08-13 20:06:18.472771,IRB,64.15,6777,64.1,1608422,64.2,1754966
2026-08-13 20:06:18.489827,HFCL,122.12,1952,122.06,2335091,122.18,2490390
2026-08-13 20:06:18.508422,NMDC,224.38,3122,224.27,1483077,224.49,1133666
2026-08-13 20:06:18.522350,TATAPOWER,426.09,12164,425.88,1838782,426.3,1750052
2026-08-13 20:06:18.554661,BHEL,303.49,1523,303.34,1712681,303.64,1556044
2026-08-13 20:06:18.569298,HUDCO,196.09,13878,195.99,2439531,196.19,1503923
2026-08-13 20:06:18.572620,PNB,112.9,8077,112.84,1367523,112.96,1175040
2026-08-13 20:06:18.589136,NHPC,96.19,14080,96.14,1811760,96.24,1536114
2026-08-13 20:06:18.606099,SMALLCAP1,46.12,8921,46.07,8526,46.17,12429
2026-08-13 20:06:18.622314,RELIANCE,2852.43,6917,2851.0,2400067,2853.86,2432401
2026-08-13 20:06:18.639793,TCS,3827.05,8302,3825.14,1148585,3828.96,1840956
2026-08-13 20:06:18.655976,INFY,1481.98,11715,1481.24,2272063,1482.72,1118942
2026-08-13 20:06:18.672239,PENNYSTOCK,14.69,3904,14.64,1182499,14.74,2260921
2026-08-13 20:06:33.407553,IDFCFIRSTB,72.84,10468,72.79,2194467,72.89,1407259
2026-08-13 20:06:33.437009,SUZLON,55.94,3217,55.89,2300912,55.99,1994485
2026-08-13 20:06:33.439007,GMRINFRA,88.22,14317,88.17,1060270,88.27,1893056
2026-08-13 20:06:33.455738,SOUTHBANK,34.19,2283,34.14,2351807,34.24,2246335
2026-08-13 20:06:33.472771,IRB,64.03,7397,63.98,2227541,64.08,1851291
2026-08-13 20:06:33.489827,HFCL,122.03,2265,121.97,2173070,122.09,1495220
2026-08-13 20:06:33.508422,NMDC,224.38,9964,224.27,1245949,224.49,2438484
2026-08-13 20:06:33.522350,TATAPOWER,425.25,7570,425.04,2149832,425.46,1828740
2026-08-13 20:06:33.554661,BHEL,303.65,6435,303.5,1997253,303.8,1715605
2026-08-13 20:06:33.569298,HUDCO,195.23,8574,195.13,2216913,195.33,2408574
2026-08-13 20:06:33.572620,PNB,113.09,5872,113.03,2476224,113.15,1586490
2026-08-13 20:06:33.589136,NHPC,96.22,13238,96.17,1861572,96.27,1936447
2026-08-13 20:06:33.606099,SMALLCAP1,46.15,339,46.1,10460,46.2,13772
2026-08-13 20:06:33.622314,RELIANCE,2853.42,5967,2851.99,1731779,2854.85,1711865
2026-08-13 20:06:33.639793,TCS,3831.64,588,3829.72,2433960,3833.56,1451493
2026-08-13 20:06:33.655976,INFY,1484.84,7576,1484.1,1462570,1485.58,2294634
2026-08-13 20:06:33.672239,PENNYSTOCK,14.7,8504,14.65,1305383,14.75,1073885
2026-08-13 20:06:48.407553,IDFCFIRSTB,72.83,11940,72.78,2139713,72.88,1535703
2026-08-13 20:06:48.437009,SUZLON,55.79,11129,55.74,1516486,55.84,2208799
2026-08-13 20:06:48.439007,GMRINFRA,88.24,6720,88.19,1641401,88.29,1713555
2026-08-13 20:06:48.455738,SOUTHBANK,34.15,14745,34.1,2034290,34.2,1201583
2026-08-13 20:06:48.472771,IRB,64.11,1466,64.06,1053479,64.16,2197867
2026-08-13 20:06:48.489827,HFCL,122.16,3715,122.1,2384447,122.22,1522709
2026-08-13 20:06:48.508422,NMDC,224.36,13573,224.25,1739404,224.47,1494308
2026-08-13 20:06:48.522350,TATAPOWER,425.65,9959,425.44,1854141,425.86,1787030
2026-08-13 20:06:48.554661,BHEL,304.42,10512,304.27,1078615,304.57,1318640
2026-08-13 20:06:48.569298,HUDCO,195.69,14576,195.59,2314703,195.79,1299603
2026-08-13 20:06:48.572620,PNB,113.12,8841,113.06,1894823,113.18,2182594
2026-08-13 20:06:48.589136,NHPC,96.29,8584,96.24,2208437,96.34,1809816
2026-08-13 20:06:48.606099,SMALLCAP1,46.19,363,46.14,15744,46.24,10626
2026-08-13 20:06:48.622314,RELIANCE,2858.44,12382,2857.01,1899685,2859.87,2164500
2026-08-13 20:06:48.639793,TCS,3826.38,5889,3824.47,1806264,3828.29,1845440
2026-08-13 20:06:48.655976,INFY,1480.09,1764,1479.35,1510438,1480.83,1899587
2026-08-13 20:06:48.672239,PENNYSTOCK,14.69,8905,14.64,2175319,14.74,1697901
2026-08-13 20:07:03.407553,IDFCFIRSTB,72.98,12793,72.93,1523705,73.03,1805571
2026-08-13 20:07:03.437009,SUZLON,55.8,11474,55.75,2204193,55.85,2123968
2026-08-13 20:07:03.439007,GMRINFRA,88.17,10990,88.12,1799192,88.22,1283943
2026-08-13 20:07:03.455738,SOUTHBANK,34.16,2143,34.11,1796224,34.21,2193172
2026-08-13 20:07:03.472771,IRB,64.13,1087,64.08,1513367,64.18,1805008
2026-08-13 20:07:03.489827,HFCL,122.08,7797,122.02,1924849,122.14,1269545
2026-08-13 20:07:03.508422,NMDC,225.57,799,225.46,1096564,225.68,1304810
2026-08-13 20:07:03.522350,TATAPOWER,425.02,6199,424.81,1284885,425.23,1915331
2026-08-13 20:07:03.554661,BHEL,303.84,12874,303.69,2281921,303.99,1183678
2026-08-13 20:07:03.569298,HUDCO,195.79,13980,195.69,1671200,195.89,1195912
2026-08-13 20:07:03.572620,PNB,113.37,13750,113.31,2057941,113.43,1357316
2026-08-13 20:07:03.589136,NHPC,96.65,7915,96.6,1291550,96.7,2289955
2026-08-13 20:07:03.606099,SMALLCAP1,46.19,887,46.14,15234,46.24,23123
2026-08-13 20:07:03.622314,RELIANCE,2862.67,7483,2861.24,1084193,2864.1,1437100
2026-08-13 20:07:03.639793,TCS,3827.5,8113,3825.59,2360224,3829.41,2411892
2026-08-13 20:07:03.655976,INFY,1481.08,3351,1480.34,2157987,1481.82,1201847
2026-08-13 20:07:03.672239,PENNYSTOCK,14.7,117270,14.65,2430643,14.75,1360494
2026-08-13 20:07:18.407553,IDFCFIRSTB,73.09,11872,73.04,1259195,73.14,1129594
2026-08-13 20:07:18.437009,SUZLON,55.73,10276,55.68,1075390,55.78,2346634
2026-08-13 20:07:18.439007,GMRINFRA,88.13,8375,88.08,1653270,88.18,1722330
2026-08-13 20:07:18.455738,SOUTHBANK,34.11,2029,34.06,1619173,34.16,1416600
2026-08-13 20:07:18.472771,IRB,64.07,10849,64.02,1125631,64.12,2178519
2026-08-13 20:07:18.489827,HFCL,122.07,8971,122.01,1727537,122.13,1163131
2026-08-13 20:07:18.508422,NMDC,224.92,1055,224.81,2060052,225.03,1939679
2026-08-13 20:07:18.522350,TATAPOWER,424.11,4747,423.9,2204151,424.32,1664027
2026-08-13 20:07:18.554661,BHEL,304.1,14402,303.95,2338657,304.25,2078009
2026-08-13 20:07:18.569298,HUDCO,195.47,6869,195.37,1143747,195.57,1987562
2026-08-13 20:07:18.572620,PNB,113.15,9335,113.09,1229081,113.21,1547229
2026-08-13 20:07:18.589136,NHPC,96.69,6941,96.64,1495851,96.74,1907433
2026-08-13 20:07:18.606099,SMALLCAP1,46.19,559,46.14,19417,46.24,21705
2026-08-13 20:07:18.622314,RELIANCE,2864.84,8762,2863.41,2322670,2866.27,2420646
2026-08-13 20:07:18.639793,TCS,3823.36,3199,3821.45,1302745,3825.27,2315545
2026-08-13 20:07:18.655976,INFY,1484.97,5428,1484.23,1174617,1485.71,1404727
2026-08-13 20:07:18.672239,PENNYSTOCK,14.72,6535,14.67,2241424,14.77,1609768
2026-08-13 20:07:33.407553,IDFCFIRSTB,73.06,1505,73.01,1404521,73.11,1748445
2026-08-13 20:07:33.437009,SUZLON,55.63,13354,55.58,1331817,55.68,1260665
2026-08-13 20:07:33.439007,GMRINFRA,88.22,2092,88.17,1635729,88.27,1126622
2026-08-13 20:07:33.455738,SOUTHBANK,34.09,5546,34.04,2302919,34.14,2149258
2026-08-13 20:07:33.472771,IRB,64.11,3161,64.06,1054268,64.16,1219083
2026-08-13 20:07:33.489827,HFCL,122.39,14952,122.33,2476472,122.45,1315427
2026-08-13 20:07:33.508422,NMDC,224.47,3855,224.36,1534399,224.58,1050348
2026-08-13 20:07:33.522350,TATAPOWER,424.74,11429,424.53,1969749,424.95,2433998
2026-08-13 20:07:33.554661,BHEL,304.49,7784,304.34,2243354,304.64,1994120
2026-08-13 20:07:33.569298,HUDCO,195.46,11702,195.36,2022990,195.56,1209851
2026-08-13 20:07:33.572620,PNB,112.92,14917,112.86,1560304,112.98,2485631
2026-08-13 20:07:33.589136,NHPC,96.52,9347,96.47,1300165,96.57,1452228
2026-08-13 20:07:33.606099,SMALLCAP1,46.29,915,46.24,20441,46.34,12634
2026-08-13 20:07:33.622314,RELIANCE,2870.96,9923,2869.52,1655652,2872.4,1258311
2026-08-13 20:07:33.639793,TCS,3835.72,10163,3833.8,1363396,3837.64,2424838
2026-08-13 20:07:33.655976,INFY,1485.37,8041,1484.63,1979420,1486.11,1226411
2026-08-13 20:07:33.672239,PENNYSTOCK,14.71,1338,14.66,2071829,14.76,2345733
2026-08-13 20:07:48.407553,IDFCFIRSTB,73.21,7335,73.16,1199106,73.26,1805943
2026-08-13 20:07:48.437009,SUZLON,55.57,12075,55.52,2443622,55.62,2445924
2026-08-13 20:07:48.439007,GMRINFRA,88.5,8960,88.45,2235467,88.55,2427941
2026-08-13 20:07:48.455738,SOUTHBANK,34.1,540,34.05,2301153,34.15,1778384
2026-08-13 20:07:48.472771,IRB,64.21,6444,64.16,2096386,64.26,2207420
2026-08-13 20:07:48.489827,HFCL,122.23,14384,122.17,1853639,122.29,1885361
2026-08-13 20:07:48.508422,NMDC,224.96,13112,224.85,2495427,225.07,2020391
2026-08-13 20:07:48.522350,TATAPOWER,424.22,4321,424.01,1359909,424.43,2245742
2026-08-13 20:07:48.554661,BHEL,304.2,3987,304.05,2391220,304.35,1134623
2026-08-13 20:07:48.569298,HUDCO,195.55,12846,195.45,2118845,195.65,2121809
2026-08-13 20:07:48.572620,PNB,113.03,3491,112.97,1830228,113.09,1063794
2026-08-13 20:07:48.589136,NHPC,96.59,6834,96.54,1338170,96.64,1713136
2026-08-13 20:07:48.606099,SMALLCAP1,46.36,987,46.31,12184,46.41,16892
2026-08-13 20:07:48.622314,RELIANCE,2874.19,12258,2872.75,2270591,2875.63,1505665
2026-08-13 20:07:48.639793,TCS,3834.74,8981,3832.82,2279982,3836.66,1696057
2026-08-13 20:07:48.655976,INFY,1488.26,14753,1487.52,1259396,1489.0,1154182
2026-08-13 20:07:48.672239,PENNYSTOCK,14.74,5231,14.69,1560769,14.79,1857575
2026-08-13 20:08:03.407553,IDFCFIRSTB,73.22,13504,73.17,1713351,73.27,1105736
2026-08-13 20:08:03.437009,SUZLON,55.48,10474,55.43,2255073,55.53,2457187
2026-08-13 20:08:03.439007,GMRINFRA,88.81,621,88.76,1906382,88.86,2373813
2026-08-13 20:08:03.455738,SOUTHBANK,34.12,5045,34.07,1093165,34.17,1993326
2026-08-13 20:08:03.472771,IRB,64.36,714,64.31,2364581,64.41,1984121
2026-08-13 20:08:03.489827,HFCL,122.09,2586,122.03,1638277,122.15,2002006
2026-08-13 20:08:03.508422,NMDC,224.66,3673,224.55,1624636,224.77,1061287
2026-08-13 20:08:03.522350,TATAPOWER,423.99,14425,423.78,1691678,424.2,1579830
2026-08-13 20:08:03.554661,BHEL,304.27,11748,304.12,1807785,304.42,1885249
2026-08-13 20:08:03.569298,HUDCO,196.1,776,196.0,1710362,196.2,2349033
2026-08-13 20:08:03.572620,PNB,112.97,9519,112.91,1418861,113.03,2125705
2026-08-13 20:08:03.589136,NHPC,96.39,1901,96.34,1866860,96.44,2315143
2026-08-13 20:08:03.606099,SMALLCAP1,46.32,419,46.27,19614,46.37,18478
2026-08-13 20:08:03.622314,RELIANCE,2877.57,7338,2876.13,2113215,2879.01,2370799
2026-08-13 20:08:03.639793,TCS,3833.05,9521,3831.13,1496649,3834.97,2054152
2026-08-13 20:08:03.655976,INFY,1486.57,3670,1485.83,1923087,1487.31,1127523
2026-08-13 20:08:03.672239,PENNYSTOCK,14.74,2080,14.69,1495698,14.79,1440367
2026-08-13 20:08:18.407553,IDFCFIRSTB,73.1,4465,73.05,2384203,73.15,2081448
2026-08-13 20:08:18.437009,SUZLON,55.53,9022,55.48,2117220,55.58,1271171
2026-08-13 20:08:18.439007,GMRINFRA,89.09,12315,89.04,1488103,89.14,1180006
2026-08-13 20:08:18.455738,SOUTHBANK,34.15,7028,34.1,2098526,34.2,2458227
2026-08-13 20:08:18.472771,IRB,64.31,14441,64.26,1204384,64.36,1597104
2026-08-13 20:08:18.489827,HFCL,122.18,3320,122.12,1831967,122.24,1873665
2026-08-13 20:08:18.508422,NMDC,224.49,2227,224.38,1827252,224.6,1060975
2026-08-13 20:08:18.522350,TATAPOWER,424.17,8934,423.96,1246717,424.38,2225385
2026-08-13 20:08:18.554661,BHEL,304.43,14429,304.28,1973515,304.58,2430527
2026-08-13 20:08:18.569298,HUDCO,196.06,10508,195.96,1245032,196.16,1248197
2026-08-13 20:08:18.572620,PNB,112.89,5615,112.83,1995600,112.95,1844894
2026-08-13 20:08:18.589136,NHPC,96.48,8769,96.43,2263070,96.53,1197999
2026-08-13 20:08:18.606099,SMALLCAP1,46.38,520,46.33,17774,46.43,22096
2026-08-13 20:08:18.622314,RELIANCE,2883.73,158904,2882.29,1365343,2885.17,1961574
2026-08-13 20:08:18.639793,TCS,3843.01,4846,3841.09,2390302,3844.93,1684583
2026-08-13 20:08:18.655976,INFY,1482.08,5771,1481.34,1318764,1482.82,1781607
2026-08-13 20:08:18.672239,PENNYSTOCK,14.69,1488,14.64,1806735,14.74,1610927
2026-08-13 20:08:33.407553,IDFCFIRSTB,73.09,1916,73.04,1375334,73.14,1835928
2026-08-13 20:08:33.437009,SUZLON,55.52,6553,55.47,2113738,55.57,1486587
2026-08-13 20:08:33.439007,GMRINFRA,89.2,2772,89.15,2070021,89.25,2150842
2026-08-13 20:08:33.455738,SOUTHBANK,34.16,4679,34.11,1081729,34.21,1767997
2026-08-13 20:08:33.472771,IRB,64.17,3456,64.12,1287690,64.22,1402527
2026-08-13 20:08:33.489827,HFCL,122.37,6154,122.31,1391771,122.43,2471749
2026-08-13 20:08:33.508422,NMDC,224.27,2925,224.16,1546982,224.38,1657209
2026-08-13 20:08:33.522350,TATAPOWER,423.14,14872,422.93,2295760,423.35,1071062
2026-08-13 20:08:33.554661,BHEL,304.33,8181,304.18,1955390,304.48,1394870
2026-08-13 20:08:33.569298,HUDCO,196.33,9599,196.23,1319514,196.43,1431791
2026-08-13 20:08:33.572620,PNB,113.03,13090,112.97,2041389,113.09,2212997
2026-08-13 20:08:33.589136,NHPC,96.27,7828,96.22,1615293,96.32,1546475
2026-08-13 20:08:33.606099,SMALLCAP1,46.32,244,46.27,12088,46.37,20926
2026-08-13 20:08:33.622314,RELIANCE,2883.76,13933,2882.32,1315246,2885.2,1890248
2026-08-13 20:08:33.639793,TCS,3847.48,7652,3845.56,2047875,3849.4,1106302
2026-08-13 20:08:33.655976,INFY,1483.84,3507,1483.1,1648749,1484.58,2408887
2026-08-13 20:08:33.672239,PENNYSTOCK,14.66,10858,14.61,1448924,14.71,1866279
2026-08-13 20:08:48.407553,IDFCFIRSTB,72.84,11329,72.79,1983026,72.89,2013360
2026-08-13 20:08:48.437009,SUZLON,55.44,14217,55.39,1549145,55.49,1331764
2026-08-13 20:08:48.439007,GMRINFRA,89.28,12529,89.23,2156691,89.33,1488217
2026-08-13 20:08:48.455738,SOUTHBANK,34.17,2683,34.12,1322446,34.22,2182573
2026-08-13 20:08:48.472771,IRB,64.25,3541,64.2,1486593,64.3,1281082
2026-08-13 20:08:48.489827,HFCL,122.37,12305,122.31,2292303,122.43,2354349
2026-08-13 20:08:48.508422,NMDC,224.6,8241,224.49,2426091,224.71,1684112
2026-08-13 20:08:48.522350,TATAPOWER,423.29,2325,423.08,1812109,423.5,2248441
2026-08-13 20:08:48.554661,BHEL,304.75,9913,304.6,1219520,304.9,1674042
2026-08-13 20:08:48.569298,HUDCO,196.66,13751,196.56,1567792,196.76,2287194
2026-08-13 20:08:48.572620,PNB,113.09,565,113.03,2042481,113.15,2082009
2026-08-13 20:08:48.589136,NHPC,96.28,3280,96.23,1934355,96.33,1075843
2026-08-13 20:08:48.606099,SMALLCAP1,46.38,657,46.33,9109,46.43,22756
2026-08-13 20:08:48.622314,RELIANCE,2881.02,14943,2879.58,2453612,2882.46,2257357
2026-08-13 20:08:48.639793,TCS,3842.56,4388,3840.64,1498122,3844.48,2330249
2026-08-13 20:08:48.655976,INFY,1484.9,8216,1484.16,2455239,1485.64,2054550
2026-08-13 20:08:48.672239,PENNYSTOCK,14.65,3963,14.6,2364346,14.7,1473314
2026-08-13 20:09:03.407553,IDFCFIRSTB,73.02,13285,72.97,1134214,73.07,1818243
2026-08-13 20:09:03.437009,SUZLON,55.41,13800,55.36,1682096,55.46,1069394
2026-08-13 20:09:03.439007,GMRINFRA,89.35,12451,89.3,1617336,89.4,2095609
2026-08-13 20:09:03.455738,SOUTHBANK,34.11,10692,34.06,1128941,34.16,1951305
2026-08-13 20:09:03.472771,IRB,64.16,9405,64.11,2449508,64.21,1660735
2026-08-13 20:09:03.489827,HFCL,122.44,1625,122.38,2418902,122.5,1820261
2026-08-13 20:09:03.508422,NMDC,224.97,6561,224.86,2329984,225.08,1767437
2026-08-13 20:09:03.522350,TATAPOWER,423.57,14173,423.36,1591830,423.78,2166116
2026-08-13 20:09:03.554661,BHEL,304.96,13845,304.81,1816821,305.11,2161956
2026-08-13 20:09:03.569298,HUDCO,196.86,9109,196.76,1325434,196.96,1944715
2026-08-13 20:09:03.572620,PNB,113.25,12257,113.19,1525506,113.31,1932732
2026-08-13 20:09:03.589136,NHPC,96.4,3141,96.35,1672347,96.45,1116286
2026-08-13 20:09:03.606099,SMALLCAP1,46.24,127,46.19,22122,46.29,5067
2026-08-13 20:09:03.622314,RELIANCE,2883.79,14704,2882.35,1916396,2885.23,2220272
2026-08-13 20:09:03.639793,TCS,3846.03,11722,3844.11,2254865,3847.95,2045475
2026-08-13 20:09:03.655976,INFY,1482.96,4128,1482.22,2301303,1483.7,2341970
2026-08-13 20:09:03.672239,PENNYSTOCK,14.63,5956,14.58,2429443,14.68,1795192
2026-08-13 20:09:18.407553,IDFCFIRSTB,73.02,10277,72.97,2154021,73.07,1493215
2026-08-13 20:09:18.437009,SUZLON,55.32,7572,55.27,1576337,55.37,1732479
2026-08-13 20:09:18.439007,GMRINFRA,89.24,5832,89.19,2086024,89.29,1490940
2026-08-13 20:09:18.455738,SOUTHBANK,34.13,11888,34.08,1505253,34.18,1801377
2026-08-13 20:09:18.472771,IRB,64.19,3022,64.14,2125710,64.24,2221793
2026-08-13 20:09:18.489827,HFCL,122.38,1925,122.32,2407757,122.44,1222289
2026-08-13 20:09:18.508422,NMDC,225.42,12241,225.31,2300401,225.53,1475820
2026-08-13 20:09:18.522350,TATAPOWER,423.41,9789,423.2,1691688,423.62,1368188
2026-08-13 20:09:18.554661,BHEL,304.9,1052,304.75,1919467,305.05,1983986
2026-08-13 20:09:18.569298,HUDCO,197.09,5690,196.99,2093561,197.19,2361323
2026-08-13 20:09:18.572620,PNB,113.03,1812,112.97,1469099,113.09,1176534
2026-08-13 20:09:18.589136,NHPC,96.16,11825,96.11,2073728,96.21,2196568
2026-08-13 20:09:18.606099,SMALLCAP1,46.27,202,46.22,10304,46.32,6337
2026-08-13 20:09:18.622314,RELIANCE,2882.17,8974,2880.73,1071046,2883.61,1208228
2026-08-13 20:09:18.639793,TCS,3832.62,8510,3830.7,1308937,3834.54,1585240
2026-08-13 20:09:18.655976,INFY,1482.14,6603,1481.4,2253372,1482.88,1971930
2026-08-13 20:09:18.672239,PENNYSTOCK,14.67,9699,14.62,1883867,14.72,1542735
2026-08-13 20:09:33.407553,IDFCFIRSTB,72.92,12575,72.87,1475533,72.97,2371400
2026-08-13 20:09:33.437009,SUZLON,55.39,11928,55.34,2096210,55.44,1363243
2026-08-13 20:09:33.439007,GMRINFRA,88.97,6918,88.92,1424792,89.02,2140381
2026-08-13 20:09:33.455738,SOUTHBANK,34.12,11655,34.07,1521900,34.17,2428446
2026-08-13 20:09:33.472771,IRB,64.18,14284,64.13,2441801,64.23,1184693
2026-08-13 20:09:33.489827,HFCL,122.4,7924,122.34,2000806,122.46,2088706
2026-08-13 20:09:33.508422,NMDC,225.71,804,225.6,2219982,225.82,1799426
2026-08-13 20:09:33.522350,TATAPOWER,423.29,3869,423.08,1951127,423.5,1652313
2026-08-13 20:09:33.554661,BHEL,304.55,13438,304.4,1083202,304.7,1652980
2026-08-13 20:09:33.569298,HUDCO,196.7,11818,196.6,1868517,196.8,1115698
2026-08-13 20:09:33.572620,PNB,112.98,10912,112.92,1252862,113.04,2129386
2026-08-13 20:09:33.589136,NHPC,96.23,11271,96.18,1510383,96.28,1139655
2026-08-13 20:09:33.606099,SMALLCAP1,46.25,322,46.2,13114,46.3,20306
2026-08-13 20:09:33.622314,RELIANCE,2878.23,4344,2876.79,2143539,2879.67,1545539
2026-08-13 20:09:33.639793,TCS,3837.32,3664,3835.4,1760565,3839.24,1284974
2026-08-13 20:09:33.655976,INFY,1481.66,7574,1480.92,1136544,1482.4,1989922
2026-08-13 20:09:33.672239,PENNYSTOCK,14.71,12697,14.66,1431698,14.76,2099907
2026-08-13 20:09:48.407553,IDFCFIRSTB,72.86,4761,72.81,1191078,72.91,1546140
2026-08-13 20:09:48.437009,SUZLON,55.29,14227,55.24,1295921,55.34,2453290
2026-08-13 20:09:48.439007,GMRINFRA,88.99,8945,88.94,1685185,89.04,1992172
2026-08-13 20:09:48.455738,SOUTHBANK,34.12,10656,34.07,1206288,34.17,1741372
2026-08-13 20:09:48.472771,IRB,64.03,13144,63.98,2497305,64.08,1249819
2026-08-13 20:09:48.489827,HFCL,122.23,8840,122.17,1580745,122.29,2183093
2026-08-13 20:09:48.508422,NMDC,226.14,11374,226.03,2143355,226.25,2045368
2026-08-13 20:09:48.522350,TATAPOWER,424.05,11168,423.84,1781944,424.26,1282357
2026-08-13 20:09:48.554661,BHEL,304.02,7418,303.87,1937161,304.17,2081402
2026-08-13 20:09:48.569298,HUDCO,197.08,14963,196.98,1478867,197.18,1433398
2026-08-13 20:09:48.572620,PNB,112.95,6067,112.89,1729785,113.01,1416774
2026-08-13 20:09:48.589136,NHPC,96.32,14426,96.27,1485187,96.37,1428656
2026-08-13 20:09:48.606099,SMALLCAP1,46.29,881,46.24,8122,46.34,14406
2026-08-13 20:09:48.622314,RELIANCE,2874.14,144892,2872.7,1688637,2875.58,2261302
2026-08-13 20:09:48.639793,TCS,3846.05,11035,3844.13,1074685,3847.97,1666419
2026-08-13 20:09:48.655976,INFY,1483.76,10905,1483.02,1794631,1484.5,1699631
2026-08-13 20:09:48.672239,PENNYSTOCK,14.7,14610,14.65,2356820,14.75,1194809
2026-08-13 20:10:03.407553,IDFCFIRSTB,72.79,12041,72.74,1858712,72.84,1507173
2026-08-13 20:10:03.437009,SUZLON,55.51,14331,55.46,2377439,55.56,2466539
2026-08-13 20:10:03.439007,GMRINFRA,89.0,3877,88.95,1063966,89.05,1935131
2026-08-13 20:10:03.455738,SOUTHBANK,34.17,14014,34.12,1917333,34.22,1516005
2026-08-13 20:10:03.472771,IRB,63.92,13208,63.87,1449134,63.97,2086928
2026-08-13 20:10:03.489827,HFCL,122.55,4691,122.49,2279960,122.61,2349078
2026-08-13 20:10:03.508422,NMDC,226.4,14609,226.29,1563836,226.51,1203312
2026-08-13 20:10:03.522350,TATAPOWER,423.63,8583,423.42,1409686,423.84,1579048
2026-08-13 20:10:03.554661,BHEL,303.59,13046,303.44,1981955,303.74,2183998
2026-08-13 20:10:03.569298,HUDCO,196.81,7863,196.71,1835495,196.91,2314877
2026-08-13 20:10:03.572620,PNB,112.92,8277,112.86,1612763,112.98,1850371
2026-08-13 20:10:03.589136,NHPC,96.58,8505,96.53,1122417,96.63,1700648
2026-08-13 20:10:03.606099,SMALLCAP1,46.19,836,46.14,14710,46.24,5507
2026-08-13 20:10:03.622314,RELIANCE,2869.26,1748,2867.83,1200568,2870.69,1763380
2026-08-13 20:10:03.639793,TCS,3844.31,916,3842.39,1715427,3846.23,1915082
2026-08-13 20:10:03.655976,INFY,1482.85,3276,1482.11,1254737,1483.59,1723144
2026-08-13 20:10:03.672239,PENNYSTOCK,14.65,14123,14.6,1762922,14.7,2246248
2026-08-13 20:10:18.407553,IDFCFIRSTB,72.9,12378,72.85,1467883,72.95,1051737
2026-08-13 20:10:18.437009,SUZLON,55.51,4596,55.46,1222799,55.56,1260780
2026-08-13 20:10:18.439007,GMRINFRA,88.94,6782,88.89,1481565,88.99,1526994
2026-08-13 20:10:18.455738,SOUTHBANK,34.13,12102,34.08,1942883,34.18,1498696
2026-08-13 20:10:18.472771,IRB,63.91,13791,63.86,1644807,63.96,2298385
2026-08-13 20:10:18.489827,HFCL,122.49,14523,122.43,2247940,122.55,1783278
2026-08-13 20:10:18.508422,NMDC,226.57,10295,226.46,1299078,226.68,2344220
2026-08-13 20:10:18.522350,TATAPOWER,424.02,11600,423.81,2405643,424.23,1885131
2026-08-13 20:10:18.554661,BHEL,303.63,10542,303.48,1087730,303.78,1929851
2026-08-13 20:10:18.569298,HUDCO,196.87,3019,196.77,2097955,196.97,1130348
2026-08-13 20:10:18.572620,PNB,113.09,1007,113.03,1577262,113.15,1940646
2026-08-13 20:10:18.589136,NHPC,96.73,4327,96.68,2022760,96.78,1758511
2026-08-13 20:10:18.606099,SMALLCAP1,46.24,412,46.19,6170,46.29,13069
2026-08-13 20:10:18.622314,RELIANCE,2866.63,10017,2865.2,1780057,2868.06,1508103
2026-08-13 20:10:18.639793,TCS,3844.29,2421,3842.37,1258361,3846.21,2409954
2026-08-13 20:10:18.655976,INFY,1480.58,8298,1479.84,2316206,1481.32,1348501
2026-08-13 20:10:18.672239,PENNYSTOCK,14.66,9662,14.61,1471822,14.71,1599469
2026-08-13 20:10:33.407553,IDFCFIRSTB,73.0,14285,72.95,1093961,73.05,2481925
2026-08-13 20:10:33.437009,SUZLON,55.44,10309,55.39,2227021,55.49,1838982
2026-08-13 20:10:33.439007,GMRINFRA,88.89,9484,88.84,1642172,88.94,1087130
2026-08-13 20:10:33.455738,SOUTHBANK,34.05,11149,34.0,2110823,34.1,1218171
2026-08-13 20:10:33.472771,IRB,63.92,3427,63.87,2027522,63.97,1706226
2026-08-13 20:10:33.489827,HFCL,122.73,8410,122.67,2019555,122.79,1072458
2026-08-13 20:10:33.508422,NMDC,226.67,10593,226.56,1539320,226.78,2237911
2026-08-13 20:10:33.522350,TATAPOWER,423.17,3061,422.96,2235266,423.38,1429054
2026-08-13 20:10:33.554661,BHEL,304.03,8743,303.88,1604268,304.18,2349835
2026-08-13 20:10:33.569298,HUDCO,196.47,13590,196.37,1808979,196.57,2482043
2026-08-13 20:10:33.572620,PNB,113.3,6679,113.24,1601144,113.36,1698150
2026-08-13 20:10:33.589136,NHPC,96.7,14072,96.65,2094497,96.75,1715023
2026-08-13 20:10:33.606099,SMALLCAP1,46.35,353,46.3,14104,46.4,9342
2026-08-13 20:10:33.622314,RELIANCE,2860.89,11023,2859.46,1146951,2862.32,2355750
2026-08-13 20:10:33.639793,TCS,3831.35,14430,3829.43,2287028,3833.27,2383543
2026-08-13 20:10:33.655976,INFY,1480.28,14275,1479.54,1219485,1481.02,1344448
2026-08-13 20:10:33.672239,PENNYSTOCK,14.68,5944,14.63,1975020,14.73,1404343
2026-08-13 20:10:48.407553,IDFCFIRSTB,73.02,3546,72.97,1268174,73.07,1454511
2026-08-13 20:10:48.437009,SUZLON,55.44,10574,55.39,1280070,55.49,1284245
2026-08-13 20:10:48.439007,GMRINFRA,88.85,67692,88.8,1358822,88.9,1961879
2026-08-13 20:10:48.455738,SOUTHBANK,34.06,7494,34.01,2240311,34.11,1500735
2026-08-13 20:10:48.472771,IRB,63.9,8309,63.85,2332514,63.95,1588755
2026-08-13 20:10:48.489827,HFCL,122.57,1287,122.51,1387321,122.63,1158575
2026-08-13 20:10:48.508422,NMDC,226.4,1880,226.29,1376899,226.51,2029311
2026-08-13 20:10:48.522350,TATAPOWER,423.25,3351,423.04,2488273,423.46,1202819
2026-08-13 20:10:48.554661,BHEL,303.95,6659,303.8,1584912,304.1,2085553
2026-08-13 20:10:48.569298,HUDCO,196.5,57198,196.4,2334733,196.6,1419007
2026-08-13 20:10:48.572620,PNB,113.61,5558,113.55,2450513,113.67,1671867
2026-08-13 20:10:48.589136,NHPC,96.96,61190,96.91,2306575,97.01,2317492
2026-08-13 20:10:48.606099,SMALLCAP1,46.22,4445,46.17,22335,46.27,24432
2026-08-13 20:10:48.622314,RELIANCE,2865.11,13801,2863.68,2217090,2866.54,1960437
2026-08-13 20:10:48.639793,TCS,3835.4,14165,3833.48,1723806,3837.32,1608480
2026-08-13 20:10:48.655976,INFY,1479.2,4026,1478.46,1257986,1479.94,2287306
2026-08-13 20:10:48.672239,PENNYSTOCK,14.69,14301,14.64,2023915,14.74,1765683
2026-08-13 20:11:03.407553,IDFCFIRSTB,73.06,11485,73.01,1379084,73.11,1802593
2026-08-13 20:11:03.437009,SUZLON,55.44,6790,55.39,2074710,55.49,2406354
2026-08-13 20:11:03.439007,GMRINFRA,88.99,67734,88.94,1480859,89.04,2384978
2026-08-13 20:11:03.455738,SOUTHBANK,34.03,1165,33.98,2310419,34.08,2150257
2026-08-13 20:11:03.472771,IRB,63.93,8383,63.88,1410345,63.98,1375406
2026-08-13 20:11:03.489827,HFCL,122.53,8026,122.47,1059107,122.59,2461256
2026-08-13 20:11:03.508422,NMDC,226.1,14595,225.99,2180552,226.21,1753871
2026-08-13 20:11:03.522350,TATAPOWER,423.72,3815,423.51,1150808,423.93,2185472
2026-08-13 20:11:03.554661,BHEL,303.92,13078,303.77,2162036,304.07,2259983
2026-08-13 20:11:03.569298,HUDCO,196.42,85281,196.32,2123770,196.52,2349632
2026-08-13 20:11:03.572620,PNB,113.88,4815,113.82,2248403,113.94,1841148
2026-08-13 20:11:03.589136,NHPC,96.8,28560,96.75,2495128,96.85,1685524
2026-08-13 20:11:03.606099,SMALLCAP1,46.16,398,46.11,13606,46.21,9928
2026-08-13 20:11:03.622314,RELIANCE,2865.27,5924,2863.84,2104522,2866.7,1432749
2026-08-13 20:11:03.639793,TCS,3845.16,7515,3843.24,2002516,3847.08,2494480
2026-08-13 20:11:03.655976,INFY,1478.79,10185,1478.05,1573659,1479.53,1312729
2026-08-13 20:11:03.672239,PENNYSTOCK,14.67,12065,14.62,2139408,14.72,2432434
2026-08-13 20:11:18.407553,IDFCFIRSTB,73.17,12829,73.12,1885078,73.22,1977073
2026-08-13 20:11:18.437009,SUZLON,55.43,85382,55.38,1698261,55.48,2287423
2026-08-13 20:11:18.439007,GMRINFRA,89.17,9535,89.12,1368238,89.22,1326256
2026-08-13 20:11:18.455738,SOUTHBANK,34.04,11625,33.99,1351808,34.09,2166200
2026-08-13 20:11:18.472771,IRB,63.88,4006,63.83,1416425,63.93,1613608
2026-08-13 20:11:18.489827,HFCL,122.28,5087,122.22,1066559,122.34,1970136
2026-08-13 20:11:18.508422,NMDC,225.45,6162,225.34,1348989,225.56,1450340
2026-08-13 20:11:18.522350,TATAPOWER,424.66,8973,424.45,2438138,424.87,2015712
2026-08-13 20:11:18.554661,BHEL,304.05,3328,303.9,1385620,304.2,1581689
2026-08-13 20:11:18.569298,HUDCO,195.96,5140,195.86,1363571,196.06,1335358
2026-08-13 20:11:18.572620,PNB,113.87,6119,113.81,1977077,113.93,2466362
2026-08-13 20:11:18.589136,NHPC,96.98,1724,96.93,1429080,97.03,2163694
2026-08-13 20:11:18.606099,SMALLCAP1,46.18,87,46.13,15742,46.23,24925
2026-08-13 20:11:18.622314,RELIANCE,2868.31,5684,2866.88,1652026,2869.74,1313478
2026-08-13 20:11:18.639793,TCS,3845.03,6640,3843.11,1379710,3846.95,1907940
2026-08-13 20:11:18.655976,INFY,1478.3,2874,1477.56,1409772,1479.04,1569771
2026-08-13 20:11:18.672239,PENNYSTOCK,14.68,8758,14.63,2181203,14.73,2309015
2026-08-13 20:11:33.407553,IDFCFIRSTB,73.19,3090,73.14,2180311,73.24,1471684
2026-08-13 20:11:33.437009,SUZLON,55.36,4015,55.31,1538198,55.41,1156683
2026-08-13 20:11:33.439007,GMRINFRA,89.15,7250,89.1,1706709,89.2,1828580
2026-08-13 20:11:33.455738,SOUTHBANK,34.02,5171,33.97,1818417,34.07,1444098
2026-08-13 20:11:33.472771,IRB,63.79,3675,63.74,1234562,63.84,1331063
2026-08-13 20:11:33.489827,HFCL,122.21,526,122.15,1951795,122.27,1081395
2026-08-13 20:11:33.508422,NMDC,225.42,12562,225.31,2084822,225.53,1414693
2026-08-13 20:11:33.522350,TATAPOWER,424.02,13462,423.81,1670471,424.23,2334503
2026-08-13 20:11:33.554661,BHEL,304.08,9118,303.93,1126352,304.23,2284717
2026-08-13 20:11:33.569298,HUDCO,196.18,5931,196.08,2001732,196.28,2365784
2026-08-13 20:11:33.572620,PNB,113.87,11982,113.81,1392246,113.93,2271619
2026-08-13 20:11:33.589136,NHPC,96.92,6922,96.87,1400889,96.97,1621403
2026-08-13 20:11:33.606099,SMALLCAP1,45.98,10208,45.93,19032,46.03,13189
2026-08-13 20:11:33.622314,RELIANCE,2873.25,11421,2871.81,1900544,2874.69,2111241
2026-08-13 20:11:33.639793,TCS,3841.98,6160,3840.06,1976786,3843.9,1751312
2026-08-13 20:11:33.655976,INFY,1480.87,9724,1480.13,1797426,1481.61,2414666
2026-08-13 20:11:33.672239,PENNYSTOCK,14.7,14251,14.65,1494691,14.75,2092778
2026-08-13 20:11:48.407553,IDFCFIRSTB,73.15,14896,73.1,1407768,73.2,2196087
2026-08-13 20:11:48.437009,SUZLON,55.3,5759,55.25,1279596,55.35,1544330
2026-08-13 20:11:48.439007,GMRINFRA,89.21,13767,89.16,2359775,89.26,1187185
2026-08-13 20:11:48.455738,SOUTHBANK,34.08,658,34.03,2108284,34.13,1492216
2026-08-13 20:11:48.472771,IRB,63.82,4589,63.77,2301300,63.87,1981501
2026-08-13 20:11:48.489827,HFCL,122.33,2264,122.27,2064607,122.39,1427616
2026-08-13 20:11:48.508422,NMDC,225.77,2235,225.66,2258618,225.88,1646206
2026-08-13 20:11:48.522350,TATAPOWER,424.95,14572,424.74,1806491,425.16,1842362
2026-08-13 20:11:48.554661,BHEL,304.2,3921,304.05,1585022,304.35,1606351
2026-08-13 20:11:48.569298,HUDCO,195.82,1015,195.72,1607236,195.92,1587010
2026-08-13 20:11:48.572620,PNB,113.88,13599,113.82,2265289,113.94,2068162
2026-08-13 20:11:48.589136,NHPC,96.98,2145,96.93,2193021,97.03,1920637
2026-08-13 20:11:48.606099,SMALLCAP1,46.04,638,45.99,19422,46.09,23831
2026-08-13 20:11:48.622314,RELIANCE,2877.52,7721,2876.08,1278253,2878.96,2029984
2026-08-13 20:11:48.639793,TCS,3850.34,95120,3848.41,1868431,3852.27,2432341
2026-08-13 20:11:48.655976,INFY,1480.4,11744,1479.66,1300191,1481.14,1705770
2026-08-13 20:11:48.672239,PENNYSTOCK,14.67,4569,14.62,1793355,14.72,2196291
2026-08-13 20:12:03.407553,IDFCFIRSTB,73.02,639,72.97,1188161,73.07,2272593
2026-08-13 20:12:03.437009,SUZLON,55.2,8494,55.15,1161895,55.25,1254147
2026-08-13 20:12:03.439007,GMRINFRA,89.18,11972,89.13,2429149,89.23,1552915
2026-08-13 20:12:03.455738,SOUTHBANK,34.02,4820,33.97,2244119,34.07,1855034
2026-08-13 20:12:03.472771,IRB,63.85,12289,63.8,2312236,63.9,1058457
2026-08-13 20:12:03.489827,HFCL,122.08,3200,122.02,1102253,122.14,1153038
2026-08-13 20:12:03.508422,NMDC,226.07,4012,225.96,2247895,226.18,1197729
2026-08-13 20:12:03.522350,TATAPOWER,425.37,12130,425.16,2353949,425.58,2166221
2026-08-13 20:12:03.554661,BHEL,304.75,14913,304.6,2064732,304.9,1573955
2026-08-13 20:12:03.569298,HUDCO,195.54,13837,195.44,1473760,195.64,2215384
2026-08-13 20:12:03.572620,PNB,113.86,8055,113.8,2358235,113.92,2066801
2026-08-13 20:12:03.589136,NHPC,96.82,82344,96.77,1205149,96.87,2246554
2026-08-13 20:12:03.606099,SMALLCAP1,46.12,568,46.07,13557,46.17,12617
2026-08-13 20:12:03.622314,RELIANCE,2880.7,1772,2879.26,1634757,2882.14,2291595
2026-08-13 20:12:03.639793,TCS,3852.21,7096,3850.28,1124754,3854.14,2307598
2026-08-13 20:12:03.655976,INFY,1477.32,13623,1476.58,2470817,1478.06,1141301
2026-08-13 20:12:03.672239,PENNYSTOCK,14.69,8385,14.64,1288789,14.74,1759692
2026-08-13 20:12:18.407553,IDFCFIRSTB,72.98,5966,72.93,1688539,73.03,1956796
2026-08-13 20:12:18.437009,SUZLON,55.21,5845,55.16,1478002,55.26,1541855
2026-08-13 20:12:18.439007,GMRINFRA,88.89,6375,88.84,1585869,88.94,2256551
2026-08-13 20:12:18.455738,SOUTHBANK,34.03,30876,33.98,1490650,34.08,1565748
2026-08-13 20:12:18.472771,IRB,63.72,1878,63.67,2011457,63.77,2194603
2026-08-13 20:12:18.489827,HFCL,122.46,6299,122.4,2267918,122.52,1994013
2026-08-13 20:12:18.508422,NMDC,226.04,2219,225.93,1839845,226.15,1372829
2026-08-13 20:12:18.522350,TATAPOWER,426.27,3102,426.06,1974007,426.48,1534974
2026-08-13 20:12:18.554661,BHEL,305.22,12368,305.07,1775829,305.37,1195612
2026-08-13 20:12:18.569298,HUDCO,195.36,2766,195.26,1585866,195.46,1313332
2026-08-13 20:12:18.572620,PNB,113.6,19026,113.54,2225479,113.66,1941713
2026-08-13 20:12:18.589136,NHPC,96.83,3472,96.78,1384907,96.88,1335060
2026-08-13 20:12:18.606099,SMALLCAP1,46.12,153,46.07,23007,46.17,18480
2026-08-13 20:12:18.622314,RELIANCE,2872.22,6531,2870.78,1244938,2873.66,2377589
2026-08-13 20:12:18.639793,TCS,3842.04,7634,3840.12,1365553,3843.96,1185650
2026-08-13 20:12:18.655976,INFY,1479.99,9913,1479.25,1753734,1480.73,1899914
2026-08-13 20:12:18.672239,PENNYSTOCK,14.71,4664,14.66,1712582,14.76,1547123
2026-08-13 20:12:33.407553,IDFCFIRSTB,72.7,6138,72.65,2475800,72.75,2285316
2026-08-13 20:12:33.437009,SUZLON,55.24,7538,55.19,2189616,55.29,2441314
2026-08-13 20:12:33.439007,GMRINFRA,88.79,8629,88.74,1335097,88.84,1965399
2026-08-13 20:12:33.455738,SOUTHBANK,34.02,7910,33.97,1543045,34.07,1985963
2026-08-13 20:12:33.472771,IRB,63.69,2521,63.64,2007135,63.74,1184492
2026-08-13 20:12:33.489827,HFCL,122.68,2095,122.62,2005374,122.74,1787977
2026-08-13 20:12:33.508422,NMDC,226.18,9958,226.07,1830407,226.29,2263702
2026-08-13 20:12:33.522350,TATAPOWER,427.16,13139,426.95,1979109,427.37,2112984
2026-08-13 20:12:33.554661,BHEL,305.6,3187,305.45,1624438,305.75,1344537
2026-08-13 20:12:33.569298,HUDCO,195.68,6621,195.58,1654484,195.78,1843796
2026-08-13 20:12:33.572620,PNB,113.78,2552,113.72,1159873,113.84,1208212
2026-08-13 20:12:33.589136,NHPC,96.72,1655,96.67,1324528,96.77,2446068
2026-08-13 20:12:33.606099,SMALLCAP1,46.19,489,46.14,13389,46.24,8144
2026-08-13 20:12:33.622314,RELIANCE,2877.93,5168,2876.49,1836226,2879.37,1275868
2026-08-13 20:12:33.639793,TCS,3847.68,7860,3845.76,1151932,3849.6,1226028
2026-08-13 20:12:33.655976,INFY,1481.73,12352,1480.99,2127008,1482.47,2118604
2026-08-13 20:12:33.672239,PENNYSTOCK,14.69,7859,14.64,1717387,14.74,1586354
2026-08-13 20:12:48.407553,IDFCFIRSTB,72.6,7749,72.55,1475384,72.65,1687935
2026-08-13 20:12:48.437009,SUZLON,55.26,12219,55.21,1884956,55.31,2223131
2026-08-13 20:12:48.439007,GMRINFRA,88.72,13270,88.67,2013652,88.77,2218551
2026-08-13 20:12:48.455738,SOUTHBANK,33.92,11753,33.87,1916996,33.97,1598867
2026-08-13 20:12:48.472771,IRB,63.71,14523,63.66,1770485,63.76,2374127
2026-08-13 20:12:48.489827,HFCL,122.86,8136,122.8,1345111,122.92,2401188
2026-08-13 20:12:48.508422,NMDC,226.29,5309,226.18,2348216,226.4,2354721
2026-08-13 20:12:48.522350,TATAPOWER,426.97,2022,426.76,1422696,427.18,2497106
2026-08-13 20:12:48.554661,BHEL,305.73,12726,305.58,2384587,305.88,1295654
2026-08-13 20:12:48.569298,HUDCO,195.42,806,195.32,2240546,195.52,1483204
2026-08-13 20:12:48.572620,PNB,113.64,11945,113.58,1926835,113.7,2179447
2026-08-13 20:12:48.589136,NHPC,96.69,12786,96.64,1313734,96.74,2335929
2026-08-13 20:12:48.606099,SMALLCAP1,46.1,434,46.05,19511,46.15,21669
2026-08-13 20:12:48.622314,RELIANCE,2881.91,6884,2880.47,2236635,2883.35,1400365
2026-08-13 20:12:48.639793,TCS,3854.25,6012,3852.32,2118993,3856.18,1378928
2026-08-13 20:12:48.655976,INFY,1478.95,11153,1478.21,1834329,1479.69,1433405
2026-08-13 20:12:48.672239,PENNYSTOCK,14.71,3295,14.66,1756132,14.76,1305873
2026-08-13 20:13:03.407553,IDFCFIRSTB,72.6,12462,72.55,1461770,72.65,1921904
2026-08-13 20:13:03.437009,SUZLON,55.2,32424,55.15,2123936,55.25,1345237
2026-08-13 20:13:03.439007,GMRINFRA,88.5,840,88.45,2171700,88.55,2263867
2026-08-13 20:13:03.455738,SOUTHBANK,33.91,11137,33.86,1192212,33.96,2321599
2026-08-13 20:13:03.472771,IRB,63.67,13575,63.62,1181610,63.72,1248745
2026-08-13 20:13:03.489827,HFCL,122.86,13021,122.8,1233029,122.92,2176295
2026-08-13 20:13:03.508422,NMDC,226.1,6676,225.99,1543688,226.21,1888828
2026-08-13 20:13:03.522350,TATAPOWER,427.92,4639,427.71,1527835,428.13,2317138
2026-08-13 20:13:03.554661,BHEL,305.89,11848,305.74,1320073,306.04,1134610
2026-08-13 20:13:03.569298,HUDCO,195.56,8339,195.46,1314755,195.66,1182590
2026-08-13 20:13:03.572620,PNB,113.7,4868,113.64,1131241,113.76,2426311
2026-08-13 20:13:03.589136,NHPC,96.76,1285,96.71,1851927,96.81,2249562
2026-08-13 20:13:03.606099,SMALLCAP1,46.17,643,46.12,5212,46.22,7503
2026-08-13 20:13:03.622314,RELIANCE,2875.39,9326,2873.95,2297588,2876.83,1389572
2026-08-13 20:13:03.639793,TCS,3860.6,10264,3858.67,2318255,3862.53,1781431
2026-08-13 20:13:03.655976,INFY,1481.94,945,1481.2,1933218,1482.68,2182314
2026-08-13 20:13:03.672239,PENNYSTOCK,14.72,13825,14.67,1237925,14.77,1066215
2026-08-13 20:13:18.407553,IDFCFIRSTB,72.69,6345,72.64,1966131,72.74,1078113
2026-08-13 20:13:18.437009,SUZLON,55.27,13627,55.22,2020988,55.32,1312571
2026-08-13 20:13:18.439007,GMRINFRA,88.56,8686,88.51,2234321,88.61,1908405
2026-08-13 20:13:18.455738,SOUTHBANK,33.88,58383,33.83,1161587,33.93,1669704
2026-08-13 20:13:18.472771,IRB,63.69,10272,63.64,1771563,63.74,1335612
2026-08-13 20:13:18.489827,HFCL,122.23,3965,122.17,2171244,122.29,1068418
2026-08-13 20:13:18.508422,NMDC,225.93,12458,225.82,1681664,226.04,1881148
2026-08-13 20:13:18.522350,TATAPOWER,428.06,783,427.85,1325339,428.27,2003819
2026-08-13 20:13:18.554661,BHEL,306.33,176388,306.18,1116097,306.48,2001458
2026-08-13 20:13:18.569298,HUDCO,195.72,4701,195.62,1062866,195.82,1434362
2026-08-13 20:13:18.572620,PNB,113.5,10296,113.44,2178880,113.56,2159463
2026-08-13 20:13:18.589136,NHPC,96.89,1351,96.84,2497402,96.94,2490285
2026-08-13 20:13:18.606099,SMALLCAP1,46.22,320,46.17,18877,46.27,6974
2026-08-13 20:13:18.622314,RELIANCE,2878.24,2010,2876.8,1807882,2879.68,1770700
2026-08-13 20:13:18.639793,TCS,3870.41,13960,3868.47,2139700,3872.35,1503779
2026-08-13 20:13:18.655976,INFY,1481.77,14945,1481.03,1565402,1482.51,1173387
2026-08-13 20:13:18.672239,PENNYSTOCK,14.71,5868,14.66,2036176,14.76,2035400
2026-08-13 20:13:33.407553,IDFCFIRSTB,72.65,3823,72.6,2251664,72.7,2489100
2026-08-13 20:13:33.437009,SUZLON,55.29,927,55.24,1915515,55.34,1761458
2026-08-13 20:13:33.439007,GMRINFRA,88.32,7355,88.27,2088900,88.37,2460121
2026-08-13 20:13:33.455738,SOUTHBANK,33.85,5431,33.8,1730171,33.9,1715555
2026-08-13 20:13:33.472771,IRB,63.85,9406,63.8,1737323,63.9,2384234
2026-08-13 20:13:33.489827,HFCL,122.31,7623,122.25,1792680,122.37,1531007
2026-08-13 20:13:33.508422,NMDC,225.69,9382,225.58,1893344,225.8,1244454
2026-08-13 20:13:33.522350,TATAPOWER,428.28,5698,428.07,1608787,428.49,1218007
2026-08-13 20:13:33.554661,BHEL,306.06,3873,305.91,1208907,306.21,1920062
2026-08-13 20:13:33.569298,HUDCO,195.6,1109,195.5,1055867,195.7,1935875
2026-08-13 20:13:33.572620,PNB,113.24,5219,113.18,1153428,113.3,2371567
2026-08-13 20:13:33.589136,NHPC,96.99,9296,96.94,2146587,97.04,2235733
2026-08-13 20:13:33.606099,SMALLCAP1,46.21,924,46.16,16607,46.26,19019
2026-08-13 20:13:33.622314,RELIANCE,2881.45,10609,2880.01,1638743,2882.89,1379102
2026-08-13 20:13:33.639793,TCS,3867.32,12648,3865.39,2373523,3869.25,1651333
2026-08-13 20:13:33.655976,INFY,1480.4,10799,1479.66,1966569,1481.14,1894528
2026-08-13 20:13:33.672239,PENNYSTOCK,14.75,12391,14.7,2025548,14.8,1259553
2026-08-13 20:13:48.407553,IDFCFIRSTB,72.63,6298,72.58,1470749,72.68,1889418
2026-08-13 20:13:48.437009,SUZLON,55.15,8392,55.1,2359135,55.2,1492029
2026-08-13 20:13:48.439007,GMRINFRA,88.55,12848,88.5,1092977,88.6,1526480
2026-08-13 20:13:48.455738,SOUTHBANK,33.8,11297,33.75,1271812,33.85,2405253
2026-08-13 20:13:48.472771,IRB,63.86,2338,63.81,1130822,63.91,1351004
2026-08-13 20:13:48.489827,HFCL,122.24,7210,122.18,1876736,122.3,1979765
2026-08-13 20:13:48.508422,NMDC,225.57,10596,225.46,2232327,225.68,1665220
2026-08-13 20:13:48.522350,TATAPOWER,428.06,14293,427.85,1293246,428.27,2031742
2026-08-13 20:13:48.554661,BHEL,306.38,1972,306.23,1151965,306.53,2318453
2026-08-13 20:13:48.569298,HUDCO,195.59,1557,195.49,1832628,195.69,1862124
2026-08-13 20:13:48.572620,PNB,113.51,5711,113.45,1314999,113.57,1070877
2026-08-13 20:13:48.589136,NHPC,97.13,11345,97.08,1552822,97.18,2388887
2026-08-13 20:13:48.606099,SMALLCAP1,46.29,431,46.24,20157,46.34,17807
2026-08-13 20:13:48.622314,RELIANCE,2892.78,4800,2891.33,2124777,2894.23,2356058
2026-08-13 20:13:48.639793,TCS,3869.18,9811,3867.25,1291802,3871.11,1645164
2026-08-13 20:13:48.655976,INFY,1481.88,11057,1481.14,1080979,1482.62,2296873
2026-08-13 20:13:48.672239,PENNYSTOCK,14.72,64910,14.67,1917588,14.77,2336161
2026-08-13 20:14:03.407553,IDFCFIRSTB,72.63,11724,72.58,2426511,72.68,2238713
2026-08-13 20:14:03.437009,SUZLON,55.09,7270,55.04,2379375,55.14,2032304
2026-08-13 20:14:03.439007,GMRINFRA,88.31,13904,88.26,1453299,88.36,1567767
2026-08-13 20:14:03.455738,SOUTHBANK,33.72,2249,33.67,1618311,33.77,2352247
2026-08-13 20:14:03.472771,IRB,63.79,13949,63.74,1726332,63.84,1446028
2026-08-13 20:14:03.489827,HFCL,122.21,10732,122.15,1942963,122.27,2360498
2026-08-13 20:14:03.508422,NMDC,225.06,2917,224.95,1634610,225.17,2289701
2026-08-13 20:14:03.522350,TATAPOWER,427.73,14878,427.52,1817966,427.94,1759719
2026-08-13 20:14:03.554661,BHEL,307.08,4393,306.93,1627089,307.23,1412678
2026-08-13 20:14:03.569298,HUDCO,195.56,3837,195.46,2493566,195.66,1246115
2026-08-13 20:14:03.572620,PNB,113.53,1224,113.47,1220697,113.59,1158958
2026-08-13 20:14:03.589136,NHPC,97.26,11549,97.21,1508603,97.31,1063867
2026-08-13 20:14:03.606099,SMALLCAP1,46.17,217,46.12,17446,46.22,11891
2026-08-13 20:14:03.622314,RELIANCE,2899.34,5822,2897.89,1259189,2900.79,1768421
2026-08-13 20:14:03.639793,TCS,3864.04,4833,3862.11,2475625,3865.97,1494315
2026-08-13 20:14:03.655976,INFY,1478.84,9212,1478.1,1058772,1479.58,2314595
2026-08-13 20:14:03.672239,PENNYSTOCK,14.73,4549,14.68,2213600,14.78,2015825
2026-08-13 20:14:18.407553,IDFCFIRSTB,72.72,3701,72.67,1564848,72.77,1145178
2026-08-13 20:14:18.437009,SUZLON,55.15,120444,55.1,2133791,55.2,2485132
2026-08-13 20:14:18.439007,GMRINFRA,88.24,774,88.19,2339215,88.29,2163128
2026-08-13 20:14:18.455738,SOUTHBANK,33.69,9695,33.64,1167099,33.74,2164316
2026-08-13 20:14:18.472771,IRB,63.91,9581,63.86,2095353,63.96,1874487
2026-08-13 20:14:18.489827,HFCL,122.37,3425,122.31,1574552,122.43,1351674
2026-08-13 20:14:18.508422,NMDC,225.03,12806,224.92,1875247,225.14,1526535
2026-08-13 20:14:18.522350,TATAPOWER,427.11,3432,426.9,1233296,427.32,1509978
2026-08-13 20:14:18.554661,BHEL,306.94,13461,306.79,1431971,307.09,2378434
2026-08-13 20:14:18.569298,HUDCO,195.74,5444,195.64,1648687,195.84,1492202
2026-08-13 20:14:18.572620,PNB,113.7,6013,113.64,1872659,113.76,1201751
2026-08-13 20:14:18.589136,NHPC,97.21,13388,97.16,1874886,97.26,1604651
2026-08-13 20:14:18.606099,SMALLCAP1,46.0,77,45.95,16334,46.05,7607
2026-08-13 20:14:18.622314,RELIANCE,2901.7,8655,2900.25,1482754,2903.15,1189484
2026-08-13 20:14:18.639793,TCS,3857.89,7025,3855.96,2350264,3859.82,1195227
2026-08-13 20:14:18.655976,INFY,1480.19,9441,1479.45,2456545,1480.93,1549378
2026-08-13 20:14:18.672239,PENNYSTOCK,14.74,7054,14.69,1990985,14.79,1457974
2026-08-13 20:14:33.407553,IDFCFIRSTB,72.86,73610,72.81,1765369,72.91,1357502
2026-08-13 20:14:33.437009,SUZLON,55.11,60030,55.06,1746503,55.16,1599263
2026-08-13 20:14:33.439007,GMRINFRA,87.98,7570,87.93,1173560,88.03,2294899
2026-08-13 20:14:33.455738,SOUTHBANK,33.67,943,33.62,1632028,33.72,1732342
2026-08-13 20:14:33.472771,IRB,63.83,6270,63.78,2384276,63.88,1793162
2026-08-13 20:14:33.489827,HFCL,122.52,2055,122.46,1317388,122.58,2413913
2026-08-13 20:14:33.508422,NMDC,225.15,6423,225.04,1145589,225.26,1116178
2026-08-13 20:14:33.522350,TATAPOWER,426.8,5277,426.59,1737972,427.01,2145508
2026-08-13 20:14:33.554661,BHEL,307.46,574,307.31,2227113,307.61,2196567
2026-08-13 20:14:33.569298,HUDCO,195.87,1680,195.77,2286266,195.97,1520467
2026-08-13 20:14:33.572620,PNB,113.66,8349,113.6,1638197,113.72,1147149
2026-08-13 20:14:33.589136,NHPC,97.15,749,97.1,1493062,97.2,1900381
2026-08-13 20:14:33.606099,SMALLCAP1,46.01,877,45.96,22570,46.06,23349
2026-08-13 20:14:33.622314,RELIANCE,2896.43,7221,2894.98,1772663,2897.88,1247094
2026-08-13 20:14:33.639793,TCS,3841.04,10731,3839.12,1627784,3842.96,2096607
2026-08-13 20:14:33.655976,INFY,1475.02,3725,1474.28,1931668,1475.76,1667949
2026-08-13 20:14:33.672239,PENNYSTOCK,14.75,10133,14.7,2296074,14.8,2389666
2026-08-13 20:14:48.407553,IDFCFIRSTB,72.71,12833,72.66,2414737,72.76,1750936
2026-08-13 20:14:48.437009,SUZLON,55.07,10943,55.02,1103401,55.12,1071994
2026-08-13 20:14:48.439007,GMRINFRA,88.03,11167,87.98,1105827,88.08,1375509
2026-08-13 20:14:48.455738,SOUTHBANK,33.66,8916,33.61,1880666,33.71,1674872
2026-08-13 20:14:48.472771,IRB,63.94,12081,63.89,2202056,63.99,1688992
2026-08-13 20:14:48.489827,HFCL,122.58,6094,122.52,1801337,122.64,1189938
2026-08-13 20:14:48.508422,NMDC,225.05,7165,224.94,2141448,225.16,1783066
2026-08-13 20:14:48.522350,TATAPOWER,426.13,11215,425.92,2468943,426.34,1369964
2026-08-13 20:14:48.554661,BHEL,306.98,4774,306.83,1322945,307.13,2162681
2026-08-13 20:14:48.569298,HUDCO,195.52,9071,195.42,1520129,195.62,1449413
2026-08-13 20:14:48.572620,PNB,113.44,9361,113.38,1851051,113.5,1660082
2026-08-13 20:14:48.589136,NHPC,97.0,6037,96.95,2451636,97.05,2080530
2026-08-13 20:14:48.606099,SMALLCAP1,46.01,332,45.96,9414,46.06,5869
2026-08-13 20:14:48.622314,RELIANCE,2894.73,6139,2893.28,2204510,2896.18,1505676
2026-08-13 20:14:48.639793,TCS,3841.11,4512,3839.19,1546348,3843.03,2302727
2026-08-13 20:14:48.655976,INFY,1474.31,6032,1473.57,1180382,1475.05,2421864
2026-08-13 20:14:48.672239,PENNYSTOCK,14.76,74864,14.71,1105256,14.81,1391213
2026-08-13 20:15:03.407553,IDFCFIRSTB,72.89,1792,72.84,2153598,72.94,1179471
2026-08-13 20:15:03.437009,SUZLON,55.04,8998,54.99,1097596,55.09,2324183
2026-08-13 20:15:03.439007,GMRINFRA,87.95,8299,87.9,1127142,88.0,1400827
2026-08-13 20:15:03.455738,SOUTHBANK,33.69,10237,33.64,1128271,33.74,1830808
2026-08-13 20:15:03.472771,IRB,63.99,12729,63.94,1850299,64.04,2430514
2026-08-13 20:15:03.489827,HFCL,122.56,11271,122.5,2205839,122.62,1553322
2026-08-13 20:15:03.508422,NMDC,225.68,12751,225.57,1583547,225.79,1495844
2026-08-13 20:15:03.522350,TATAPOWER,426.61,7789,426.4,1952430,426.82,1095291
2026-08-13 20:15:03.554661,BHEL,307.27,14557,307.12,1757999,307.42,2031106
2026-08-13 20:15:03.569298,HUDCO,195.55,13858,195.45,2003815,195.65,1606692
2026-08-13 20:15:03.572620,PNB,113.43,5238,113.37,2395316,113.49,2207590
2026-08-13 20:15:03.589136,NHPC,97.33,5687,97.28,2290479,97.38,1877144
2026-08-13 20:15:03.606099,SMALLCAP1,45.96,64,45.91,18957,46.01,24708
2026-08-13 20:15:03.622314,RELIANCE,2894.05,7747,2892.6,2229564,2895.5,1639065
2026-08-13 20:15:03.639793,TCS,3838.0,12222,3836.08,2361214,3839.92,1493282
2026-08-13 20:15:03.655976,INFY,1471.86,2575,1471.12,1383005,1472.6,1978985
2026-08-13 20:15:03.672239,PENNYSTOCK,14.73,11618,14.68,2210824,14.78,2238604
2026-08-13 20:15:18.407553,IDFCFIRSTB,72.91,14866,72.86,2118056,72.96,2151924
2026-08-13 20:15:18.437009,SUZLON,55.0,14965,54.95,2078193,55.05,1161137
2026-08-13 20:15:18.439007,GMRINFRA,88.1,6690,88.05,1164539,88.15,1114742
2026-08-13 20:15:18.455738,SOUTHBANK,33.71,5611,33.66,2012991,33.76,1255325
2026-08-13 20:15:18.472771,IRB,64.0,12227,63.95,2047954,64.05,1887356
2026-08-13 20:15:18.489827,HFCL,122.61,11544,122.55,1928205,122.67,1051196
2026-08-13 20:15:18.508422,NMDC,225.85,63910,225.74,1302993,225.96,1155268
2026-08-13 20:15:18.522350,TATAPOWER,426.84,5051,426.63,2011323,427.05,1754692
2026-08-13 20:15:18.554661,BHEL,307.17,2680,307.02,1366438,307.32,1161233
2026-08-13 20:15:18.569298,HUDCO,195.83,13621,195.73,2379860,195.93,2231847
2026-08-13 20:15:18.572620,PNB,113.36,3703,113.3,2388830,113.42,1881547
2026-08-13 20:15:18.589136,NHPC,97.45,4373,97.4,1644909,97.5,1511880
2026-08-13 20:15:18.606099,SMALLCAP1,46.05,849,46.0,8390,46.1,12966
2026-08-13 20:15:18.622314,RELIANCE,2892.15,3257,2890.7,1324214,2893.6,1453490
2026-08-13 20:15:18.639793,TCS,3838.55,14482,3836.63,1645112,3840.47,2024805
2026-08-13 20:15:18.655976,INFY,1473.94,1875,1473.2,1279317,1474.68,2192733
2026-08-13 20:15:18.672239,PENNYSTOCK,14.74,112255,14.69,1193239,14.79,1357981
2026-08-13 20:15:33.407553,IDFCFIRSTB,72.98,2644,72.93,1197707,73.03,1762399
2026-08-13 20:15:33.437009,SUZLON,54.99,7635,54.94,2279809,55.04,1306341
2026-08-13 20:15:33.439007,GMRINFRA,88.21,6081,88.16,1442392,88.26,1455279
2026-08-13 20:15:33.455738,SOUTHBANK,33.67,7166,33.62,1819498,33.72,1636645
2026-08-13 20:15:33.472771,IRB,64.08,9350,64.03,1090030,64.13,1648112
2026-08-13 20:15:33.489827,HFCL,122.8,8375,122.74,2158370,122.86,2450752
2026-08-13 20:15:33.508422,NMDC,226.04,6035,225.93,1208746,226.15,1565451
2026-08-13 20:15:33.522350,TATAPOWER,426.34,9445,426.13,1084925,426.55,2312587
2026-08-13 20:15:33.554661,BHEL,307.12,14856,306.97,1896526,307.27,2126281
2026-08-13 20:15:33.569298,HUDCO,195.38,4504,195.28,1591451,195.48,1059375
2026-08-13 20:15:33.572620,PNB,113.44,12205,113.38,1253066,113.5,1625698
2026-08-13 20:15:33.589136,NHPC,97.48,12834,97.43,2148998,97.53,1800736
2026-08-13 20:15:33.606099,SMALLCAP1,46.14,70,46.09,17474,46.19,8729
2026-08-13 20:15:33.622314,RELIANCE,2890.44,2293,2888.99,1486875,2891.89,1403036
2026-08-13 20:15:33.639793,TCS,3834.45,14352,3832.53,1719232,3836.37,1968225
2026-08-13 20:15:33.655976,INFY,1473.74,4006,1473.0,1552804,1474.48,2223875
2026-08-13 20:15:33.672239,PENNYSTOCK,14.73,13273,14.68,2380359,14.78,1466856
2026-08-13 20:15:48.407553,IDFCFIRSTB,72.81,1180,72.76,1773059,72.86,1210761
2026-08-13 20:15:48.437009,SUZLON,55.01,14210,54.96,1050017,55.06,2241770
2026-08-13 20:15:48.439007,GMRINFRA,87.8,2056,87.75,1164041,87.85,1704122
2026-08-13 20:15:48.455738,SOUTHBANK,33.64,5257,33.59,2144284,33.69,2209747
2026-08-13 20:15:48.472771,IRB,64.0,6879,63.95,1460279,64.05,1110364
2026-08-13 20:15:48.489827,HFCL,122.89,11017,122.83,1902279,122.95,1634528
2026-08-13 20:15:48.508422,NMDC,226.02,9420,225.91,1681214,226.13,2205794
2026-08-13 20:15:48.522350,TATAPOWER,425.18,1847,424.97,1458981,425.39,2253994
2026-08-13 20:15:48.554661,BHEL,306.85,4939,306.7,1075479,307.0,2371667
2026-08-13 20:15:48.569298,HUDCO,195.67,2753,195.57,1402936,195.77,2318700
2026-08-13 20:15:48.572620,PNB,113.61,7720,113.55,1905297,113.67,1312299
2026-08-13 20:15:48.589136,NHPC,97.49,2651,97.44,1623140,97.54,1688774
2026-08-13 20:15:48.606099,SMALLCAP1,46.2,222,46.15,12557,46.25,17550
2026-08-13 20:15:48.622314,RELIANCE,2882.16,9093,2880.72,1710545,2883.6,2046174
2026-08-13 20:15:48.639793,TCS,3825.76,6336,3823.85,1195662,3827.67,1648189
2026-08-13 20:15:48.655976,INFY,1473.66,12715,1472.92,1746474,1474.4,1830160
2026-08-13 20:15:48.672239,PENNYSTOCK,14.72,12492,14.67,1925658,14.77,1952036
2026-08-13 20:16:03.407553,IDFCFIRSTB,72.69,6972,72.64,1785601,72.74,2109591
2026-08-13 20:16:03.437009,SUZLON,55.16,13911,55.11,1535197,55.21,2402949
2026-08-13 20:16:03.439007,GMRINFRA,87.74,8932,87.69,2497091,87.79,1716043
2026-08-13 20:16:03.455738,SOUTHBANK,33.67,11116,33.62,2083453,33.72,1421739
2026-08-13 20:16:03.472771,IRB,63.76,5685,63.71,2477811,63.81,1581014
2026-08-13 20:16:03.489827,HFCL,122.62,12315,122.56,1159133,122.68,1152827
2026-08-13 20:16:03.508422,NMDC,226.29,5683,226.18,1918745,226.4,1058837
2026-08-13 20:16:03.522350,TATAPOWER,426.0,1858,425.79,2129862,426.21,1636142
2026-08-13 20:16:03.554661,BHEL,306.16,55405,306.01,1240947,306.31,1057916
2026-08-13 20:16:03.569298,HUDCO,195.59,2731,195.49,1494304,195.69,2176622
2026-08-13 20:16:03.572620,PNB,113.44,3400,113.38,1919710,113.5,1922684
2026-08-13 20:16:03.589136,NHPC,97.58,1933,97.53,2423668,97.63,1906924
2026-08-13 20:16:03.606099,SMALLCAP1,46.22,443,46.17,21346,46.27,10740
2026-08-13 20:16:03.622314,RELIANCE,2881.02,13116,2879.58,2469746,2882.46,1834644
2026-08-13 20:16:03.639793,TCS,3828.35,1874,3826.44,2392239,3830.26,2485847
2026-08-13 20:16:03.655976,INFY,1471.61,3810,1470.87,1709819,1472.35,1480986
2026-08-13 20:16:03.672239,PENNYSTOCK,14.7,3953,14.65,1867837,14.75,2306904
2026-08-13 20:16:18.407553,IDFCFIRSTB,72.75,3685,72.7,1884312,72.8,1858073
2026-08-13 20:16:18.437009,SUZLON,55.16,8020,55.11,1053765,55.21,2356255
2026-08-13 20:16:18.439007,GMRINFRA,87.53,7097,87.48,2342154,87.58,1836122
2026-08-13 20:16:18.455738,SOUTHBANK,33.61,12032,33.56,1589615,33.66,1069730
2026-08-13 20:16:18.472771,IRB,63.91,5640,63.86,2199507,63.96,2401495
2026-08-13 20:16:18.489827,HFCL,122.39,962,122.33,2166313,122.45,2214228
2026-08-13 20:16:18.508422,NMDC,226.72,11055,226.61,2136296,226.83,2480088
2026-08-13 20:16:18.522350,TATAPOWER,424.52,5035,424.31,2086237,424.73,1382045
2026-08-13 20:16:18.554661,BHEL,306.25,13905,306.1,2043821,306.4,1322350
2026-08-13 20:16:18.569298,HUDCO,195.76,6353,195.66,1312825,195.86,1236003
2026-08-13 20:16:18.572620,PNB,113.83,7950,113.77,1344263,113.89,1276858
2026-08-13 20:16:18.589136,NHPC,97.53,8735,97.48,1869950,97.58,1522458
2026-08-13 20:16:18.606099,SMALLCAP1,46.23,260,46.18,6248,46.28,7558
2026-08-13 20:16:18.622314,RELIANCE,2888.97,2298,2887.53,1735061,2890.41,1391306
2026-08-13 20:16:18.639793,TCS,3827.41,7781,3825.5,2385219,3829.32,2261052
2026-08-13 20:16:18.655976,INFY,1474.16,9933,1473.42,1695148,1474.9,1429724
2026-08-13 20:16:18.672239,PENNYSTOCK,14.7,1761,14.65,1402761,14.75,1481060
2026-08-13 20:16:33.407553,IDFCFIRSTB,72.94,1097,72.89,1530730,72.99,2174367
2026-08-13 20:16:33.437009,SUZLON,55.3,6242,55.25,2363358,55.35,1732208
2026-08-13 20:16:33.439007,GMRINFRA,87.31,3508,87.26,2110521,87.36,2112154
2026-08-13 20:16:33.455738,SOUTHBANK,33.6,7720,33.55,1418146,33.65,1330328
2026-08-13 20:16:33.472771,IRB,63.72,13318,63.67,1500495,63.77,1852062
2026-08-13 20:16:33.489827,HFCL,122.28,6872,122.22,1449501,122.34,2461971
2026-08-13 20:16:33.508422,NMDC,226.54,13815,226.43,1749036,226.65,1544894
2026-08-13 20:16:33.522350,TATAPOWER,425.9,12332,425.69,1810156,426.11,1819054
2026-08-13 20:16:33.554661,BHEL,305.87,2363,305.72,1834244,306.02,1938001
2026-08-13 20:16:33.569298,HUDCO,195.28,13875,195.18,1182717,195.38,1568574
2026-08-13 20:16:33.572620,PNB,113.87,10792,113.81,2246059,113.93,1957838
2026-08-13 20:16:33.589136,NHPC,97.68,2576,97.63,2065819,97.73,1285849
2026-08-13 20:16:33.606099,SMALLCAP1,46.17,406,46.12,22864,46.22,14361
2026-08-13 20:16:33.622314,RELIANCE,2891.1,10005,2889.65,2308079,2892.55,2391088
2026-08-13 20:16:33.639793,TCS,3822.69,14429,3820.78,2490630,3824.6,2403782
2026-08-13 20:16:33.655976,INFY,1473.2,9323,1472.46,1536972,1473.94,2465098
2026-08-13 20:16:33.672239,PENNYSTOCK,14.67,9057,14.62,1409678,14.72,1731264
2026-08-13 20:16:48.407553,IDFCFIRSTB,72.83,5154,72.78,2025131,72.88,2194190
2026-08-13 20:16:48.437009,SUZLON,55.38,14162,55.33,2298518,55.43,1166058
2026-08-13 20:16:48.439007,GMRINFRA,87.35,11619,87.3,1687151,87.4,2472927
2026-08-13 20:16:48.455738,SOUTHBANK,33.66,6202,33.61,1338803,33.71,2076954
2026-08-13 20:16:48.472771,IRB,63.67,4543,63.62,1724626,63.72,2420995
2026-08-13 20:16:48.489827,HFCL,122.61,2634,122.55,2181755,122.67,1215272
2026-08-13 20:16:48.508422,NMDC,225.97,6606,225.86,1092509,226.08,1939131
2026-08-13 20:16:48.522350,TATAPOWER,425.29,7909,425.08,1545417,425.5,2229689
2026-08-13 20:16:48.554661,BHEL,306.01,14813,305.86,2306750,306.16,1530146
2026-08-13 20:16:48.569298,HUDCO,195.09,1194,194.99,1153583,195.19,2160845
2026-08-13 20:16:48.572620,PNB,113.92,5145,113.86,1911581,113.98,2336539
2026-08-13 20:16:48.589136,NHPC,97.89,7008,97.84,1568551,97.94,1582130
2026-08-13 20:16:48.606099,SMALLCAP1,46.32,750,46.27,11615,46.37,8140
2026-08-13 20:16:48.622314,RELIANCE,2897.9,4309,2896.45,1972629,2899.35,2109632
2026-08-13 20:16:48.639793,TCS,3824.37,8229,3822.46,1166528,3826.28,1116296
2026-08-13 20:16:48.655976,INFY,1470.63,1312,1469.89,1572089,1471.37,1050823
2026-08-13 20:16:48.672239,PENNYSTOCK,14.65,12257,14.6,1808013,14.7,2083585
2026-08-13 20:17:03.407553,IDFCFIRSTB,72.8,5375,72.75,1736470,72.85,2193245
2026-08-13 20:17:03.437009,SUZLON,55.38,12601,55.33,1622478,55.43,2029862
2026-08-13 20:17:03.439007,GMRINFRA,87.37,5764,87.32,1099264,87.42,1707133
2026-08-13 20:17:03.455738,SOUTHBANK,33.7,3511,33.65,1344005,33.75,2273818
2026-08-13 20:17:03.472771,IRB,63.85,11745,63.8,1891598,63.9,1495490
2026-08-13 20:17:03.489827,HFCL,122.79,4312,122.73,2004346,122.85,1777632
2026-08-13 20:17:03.508422,NMDC,226.08,5804,225.97,1499948,226.19,1661272
2026-08-13 20:17:03.522350,TATAPOWER,426.52,9936,426.31,1581010,426.73,1922653
2026-08-13 20:17:03.554661,BHEL,305.66,4203,305.51,1087658,305.81,1290726
2026-08-13 20:17:03.569298,HUDCO,195.1,5537,195.0,1512226,195.2,1307809
2026-08-13 20:17:03.572620,PNB,114.02,14639,113.96,2336864,114.08,1434766
2026-08-13 20:17:03.589136,NHPC,97.88,10943,97.83,2442141,97.93,1411488
2026-08-13 20:17:03.606099,SMALLCAP1,46.42,56,46.37,15341,46.47,12711
2026-08-13 20:17:03.622314,RELIANCE,2896.88,12372,2895.43,2093181,2898.33,1857507
2026-08-13 20:17:03.639793,TCS,3834.92,10699,3833.0,2354908,3836.84,1691757
2026-08-13 20:17:03.655976,INFY,1469.42,616,1468.69,1787577,1470.15,1800467
2026-08-13 20:17:03.672239,PENNYSTOCK,14.63,14440,14.58,1565239,14.68,1250942
2026-08-13 20:17:18.407553,IDFCFIRSTB,72.78,9122,72.73,2070289,72.83,1798969
2026-08-13 20:17:18.437009,SUZLON,55.44,12803,55.39,1480209,55.49,2336020
2026-08-13 20:17:18.439007,GMRINFRA,87.38,33600,87.33,1493239,87.43,2310411
2026-08-13 20:17:18.455738,SOUTHBANK,33.7,5645,33.65,1764225,33.75,2324119
2026-08-13 20:17:18.472771,IRB,63.89,10079,63.84,1868459,63.94,2403961
2026-08-13 20:17:18.489827,HFCL,122.92,5194,122.86,1367502,122.98,2196897
2026-08-13 20:17:18.508422,NMDC,226.08,5677,225.97,1202806,226.19,1057066
2026-08-13 20:17:18.522350,TATAPOWER,426.38,10907,426.17,1336219,426.59,1876027
2026-08-13 20:17:18.554661,BHEL,305.08,10571,304.93,1196370,305.23,1385462
2026-08-13 20:17:18.569298,HUDCO,195.34,9185,195.24,1641366,195.44,2355365
2026-08-13 20:17:18.572620,PNB,113.75,12902,113.69,1157191,113.81,1503211
2026-08-13 20:17:18.589136,NHPC,97.94,741,97.89,1211803,97.99,2434419
2026-08-13 20:17:18.606099,SMALLCAP1,46.4,647,46.35,8772,46.45,13252
2026-08-13 20:17:18.622314,RELIANCE,2895.74,14061,2894.29,1740936,2897.19,1069052
2026-08-13 20:17:18.639793,TCS,3833.14,14398,3831.22,1989988,3835.06,1382746
2026-08-13 20:17:18.655976,INFY,1470.56,2612,1469.82,1967170,1471.3,1474919
2026-08-13 20:17:18.672239,PENNYSTOCK,14.6,3489,14.55,1141372,14.65,1714190
2026-08-13 20:17:33.407553,IDFCFIRSTB,72.76,2254,72.71,2255418,72.81,2145486
2026-08-13 20:17:33.437009,SUZLON,55.43,9162,55.38,2315089,55.48,1346672
2026-08-13 20:17:33.439007,GMRINFRA,87.51,2257,87.46,1917571,87.56,1630708
2026-08-13 20:17:33.455738,SOUTHBANK,33.84,12077,33.79,1164065,33.89,1823333
2026-08-13 20:17:33.472771,IRB,63.85,9678,63.8,1343504,63.9,1249649
2026-08-13 20:17:33.489827,HFCL,123.16,5706,123.1,1068377,123.22,2445832
2026-08-13 20:17:33.508422,NMDC,226.37,12390,226.26,1721204,226.48,2413925
2026-08-13 20:17:33.522350,TATAPOWER,427.21,13559,427.0,2433426,427.42,2478058
2026-08-13 20:17:33.554661,BHEL,305.71,14873,305.56,2298811,305.86,1232127
2026-08-13 20:17:33.569298,HUDCO,195.56,2969,195.46,1525097,195.66,1203306
2026-08-13 20:17:33.572620,PNB,113.78,6838,113.72,1296562,113.84,1954463
2026-08-13 20:17:33.589136,NHPC,98.02,3945,97.97,1564686,98.07,2067304
2026-08-13 20:17:33.606099,SMALLCAP1,46.31,955,46.26,15343,46.36,21926
2026-08-13 20:17:33.622314,RELIANCE,2892.33,8546,2890.88,2364816,2893.78,1927979
2026-08-13 20:17:33.639793,TCS,3832.21,4407,3830.29,1743909,3834.13,1639989
2026-08-13 20:17:33.655976,INFY,1469.55,13462,1468.82,1457010,1470.28,2158465
2026-08-13 20:17:33.672239,PENNYSTOCK,14.59,6592,14.54,2036316,14.64,2229098
2026-08-13 20:17:48.407553,IDFCFIRSTB,72.6,2691,72.55,2254618,72.65,1171036
2026-08-13 20:17:48.437009,SUZLON,55.3,14829,55.25,1307070,55.35,1093036
2026-08-13 20:17:48.439007,GMRINFRA,87.68,3258,87.63,1355138,87.73,1205850
2026-08-13 20:17:48.455738,SOUTHBANK,33.89,10271,33.84,1648909,33.94,1977427
2026-08-13 20:17:48.472771,IRB,63.76,12300,63.71,2166613,63.81,1407814
2026-08-13 20:17:48.489827,HFCL,123.49,12101,123.43,1606921,123.55,2354643
2026-08-13 20:17:48.508422,NMDC,226.84,7570,226.73,1529396,226.95,2470018
2026-08-13 20:17:48.522350,TATAPOWER,427.52,11541,427.31,1949251,427.73,2046914
2026-08-13 20:17:48.554661,BHEL,305.42,8035,305.27,1196861,305.57,1827959
2026-08-13 20:17:48.569298,HUDCO,195.33,7344,195.23,1073456,195.43,1863953
2026-08-13 20:17:48.572620,PNB,113.71,22896,113.65,1765423,113.77,2350389
2026-08-13 20:17:48.589136,NHPC,98.18,14002,98.13,1078150,98.23,1069350
2026-08-13 20:17:48.606099,SMALLCAP1,46.22,732,46.17,8056,46.27,20882
2026-08-13 20:17:48.622314,RELIANCE,2894.58,13711,2893.13,1881835,2896.03,1615693
2026-08-13 20:17:48.639793,TCS,3831.35,12924,3829.43,2341575,3833.27,2136634
2026-08-13 20:17:48.655976,INFY,1471.0,13478,1470.26,1842965,1471.74,1671476
2026-08-13 20:17:48.672239,PENNYSTOCK,14.59,9599,14.54,1496056,14.64,2338336
2026-08-13 20:18:03.407553,IDFCFIRSTB,72.73,39672,72.68,2391654,72.78,2150555
2026-08-13 20:18:03.437009,SUZLON,55.26,2439,55.21,2193005,55.31,1923513
2026-08-13 20:18:03.439007,GMRINFRA,87.7,13383,87.65,1791878,87.75,2465374
2026-08-13 20:18:03.455738,SOUTHBANK,33.88,4229,33.83,1317205,33.93,1495030
2026-08-13 20:18:03.472771,IRB,63.9,9505,63.85,1052182,63.95,1289034
2026-08-13 20:18:03.489827,HFCL,123.71,2582,123.65,2090279,123.77,1533104
2026-08-13 20:18:03.508422,NMDC,227.08,81280,226.97,1863482,227.19,1093443
2026-08-13 20:18:03.522350,TATAPOWER,427.9,5936,427.69,2086643,428.11,1252817
2026-08-13 20:18:03.554661,BHEL,304.86,7778,304.71,2011839,305.01,1122534
2026-08-13 20:18:03.569298,HUDCO,195.62,11208,195.52,1627191,195.72,1300358
2026-08-13 20:18:03.572620,PNB,113.88,7358,113.82,2038900,113.94,2040023
2026-08-13 20:18:03.589136,NHPC,98.21,7387,98.16,1330249,98.26,1418348
2026-08-13 20:18:03.606099,SMALLCAP1,46.23,839,46.18,12840,46.28,10405
2026-08-13 20:18:03.622314,RELIANCE,2894.06,6081,2892.61,1953930,2895.51,1063896
2026-08-13 20:18:03.639793,TCS,3828.65,8114,3826.74,1341843,3830.56,2086450
2026-08-13 20:18:03.655976,INFY,1472.45,2652,1471.71,1636131,1473.19,1924753
2026-08-13 20:18:03.672239,PENNYSTOCK,14.56,3371,14.51,2339769,14.61,1149048
2026-08-13 20:18:18.407553,IDFCFIRSTB,72.78,9299,72.73,2011694,72.83,2268376
2026-08-13 20:18:18.437009,SUZLON,55.22,3232,55.17,2236965,55.27,1315217
2026-08-13 20:18:18.439007,GMRINFRA,87.72,971,87.67,1683954,87.77,2120176
2026-08-13 20:18:18.455738,SOUTHBANK,33.9,6269,33.85,2414176,33.95,1259847
2026-08-13 20:18:18.472771,IRB,64.12,4786,64.07,2215868,64.17,1741277
2026-08-13 20:18:18.489827,HFCL,123.68,7115,123.62,1329976,123.74,1162422
2026-08-13 20:18:18.508422,NMDC,227.39,12304,227.28,1739466,227.5,1328173
2026-08-13 20:18:18.522350,TATAPOWER,427.49,5460,427.28,1814366,427.7,1956689
2026-08-13 20:18:18.554661,BHEL,305.27,12945,305.12,1617797,305.42,1735030
2026-08-13 20:18:18.569298,HUDCO,195.57,3809,195.47,1606914,195.67,2314493
2026-08-13 20:18:18.572620,PNB,113.88,7870,113.82,1187442,113.94,1471178
2026-08-13 20:18:18.589136,NHPC,98.11,3153,98.06,1764684,98.16,1895152
2026-08-13 20:18:18.606099,SMALLCAP1,46.28,109,46.23,16887,46.33,14444
2026-08-13 20:18:18.622314,RELIANCE,2899.34,56128,2897.89,2049352,2900.79,1588021
2026-08-13 20:18:18.639793,TCS,3823.64,3759,3821.73,1612971,3825.55,2102613
2026-08-13 20:18:18.655976,INFY,1470.9,1684,1470.16,2239556,1471.64,2354595
2026-08-13 20:18:18.672239,PENNYSTOCK,14.54,10850,14.49,2183187,14.59,2048865
2026-08-13 20:18:33.407553,IDFCFIRSTB,72.85,2266,72.8,1239545,72.9,1397940
2026-08-13 20:18:33.437009,SUZLON,55.31,8472,55.26,1322940,55.36,1964603
2026-08-13 20:18:33.439007,GMRINFRA,87.54,3575,87.49,1825251,87.59,2378097
2026-08-13 20:18:33.455738,SOUTHBANK,33.9,3860,33.85,1235038,33.95,1399966
2026-08-13 20:18:33.472771,IRB,64.09,9912,64.04,2045647,64.14,1944889
2026-08-13 20:18:33.489827,HFCL,123.78,11489,123.72,2043175,123.84,1305760
2026-08-13 20:18:33.508422,NMDC,227.35,14018,227.24,2178223,227.46,2177230
2026-08-13 20:18:33.522350,TATAPOWER,426.48,8807,426.27,1134080,426.69,1328901
2026-08-13 20:18:33.554661,BHEL,305.25,70790,305.1,1173139,305.4,1224491
2026-08-13 20:18:33.569298,HUDCO,195.51,3034,195.41,1589705,195.61,2472344
2026-08-13 20:18:33.572620,PNB,114.08,12240,114.02,1451108,114.14,2212615
2026-08-13 20:18:33.589136,NHPC,98.22,874,98.17,1471630,98.27,1797697
2026-08-13 20:18:33.606099,SMALLCAP1,46.28,166,46.23,13902,46.33,11071
2026-08-13 20:18:33.622314,RELIANCE,2898.32,9941,2896.87,1659971,2899.77,1322566
2026-08-13 20:18:33.639793,TCS,3827.33,11301,3825.42,2158991,3829.24,1953967
2026-08-13 20:18:33.655976,INFY,1473.12,34182,1472.38,1358796,1473.86,1309406
2026-08-13 20:18:33.672239,PENNYSTOCK,14.55,8470,14.5,1878803,14.6,2154323
2026-08-13 20:18:48.407553,IDFCFIRSTB,72.74,7601,72.69,1344267,72.79,1317920
2026-08-13 20:18:48.437009,SUZLON,55.25,6916,55.2,1947387,55.3,2453097
2026-08-13 20:18:48.439007,GMRINFRA,87.32,13897,87.27,2358565,87.37,1076938
2026-08-13 20:18:48.455738,SOUTHBANK,33.91,3798,33.86,1478388,33.96,1662808
2026-08-13 20:18:48.472771,IRB,64.13,12757,64.08,1726368,64.18,2157983
2026-08-13 20:18:48.489827,HFCL,124.04,11159,123.98,2086829,124.1,2085379
2026-08-13 20:18:48.508422,NMDC,227.17,2976,227.06,2176027,227.28,2263481
2026-08-13 20:18:48.522350,TATAPOWER,427.82,8827,427.61,2261534,428.03,1152283
2026-08-13 20:18:48.554661,BHEL,305.61,4738,305.46,1726487,305.76,2238630
2026-08-13 20:18:48.569298,HUDCO,195.67,12292,195.57,1945299,195.77,1502816
2026-08-13 20:18:48.572620,PNB,114.06,9167,114.0,2008462,114.12,1196505
2026-08-13 20:18:48.589136,NHPC,98.45,11178,98.4,2485855,98.5,1211392
2026-08-13 20:18:48.606099,SMALLCAP1,46.26,231,46.21,11298,46.31,14050
2026-08-13 20:18:48.622314,RELIANCE,2891.86,8214,2890.41,1533085,2893.31,2341422
2026-08-13 20:18:48.639793,TCS,3826.5,6261,3824.59,2115182,3828.41,2408491
2026-08-13 20:18:48.655976,INFY,1472.21,3108,1471.47,1196715,1472.95,2073743
2026-08-13 20:18:48.672239,PENNYSTOCK,14.56,5983,14.51,2238561,14.61,1119353
2026-08-13 20:19:03.407553,IDFCFIRSTB,72.74,4579,72.69,2450382,72.79,1926963
2026-08-13 20:19:03.437009,SUZLON,55.23,7037,55.18,1824195,55.28,1784591
2026-08-13 20:19:03.439007,GMRINFRA,87.31,10907,87.26,1098096,87.36,1073440
2026-08-13 20:19:03.455738,SOUTHBANK,33.88,885,33.83,1371436,33.93,1440913
2026-08-13 20:19:03.472771,IRB,64.07,13792,64.02,1709052,64.12,2291600
2026-08-13 20:19:03.489827,HFCL,123.99,7717,123.93,1909269,124.05,1922987
2026-08-13 20:19:03.508422,NMDC,226.53,4385,226.42,1437333,226.64,1956461
2026-08-13 20:19:03.522350,TATAPOWER,428.3,1387,428.09,2022876,428.51,1609775
2026-08-13 20:19:03.554661,BHEL,306.21,8824,306.06,1786410,306.36,1790086
2026-08-13 20:19:03.569298,HUDCO,195.55,10847,195.45,1903998,195.65,1229415
2026-08-13 20:19:03.572620,PNB,113.96,13734,113.9,1524326,114.02,1974898
2026-08-13 20:19:03.589136,NHPC,98.51,14965,98.46,2009029,98.56,2347153
2026-08-13 20:19:03.606099,SMALLCAP1,46.18,581,46.13,24708,46.23,11780
2026-08-13 20:19:03.622314,RELIANCE,2894.72,13149,2893.27,2180502,2896.17,1607681
2026-08-13 20:19:03.639793,TCS,3822.47,5160,3820.56,2372944,3824.38,2485780
2026-08-13 20:19:03.655976,INFY,1472.29,8711,1471.55,2402829,1473.03,1452268
2026-08-13 20:19:03.672239,PENNYSTOCK,14.56,11251,14.51,1677153,14.61,1587015
2026-08-13 20:19:18.407553,IDFCFIRSTB,72.75,11006,72.7,2358011,72.8,1830629
2026-08-13 20:19:18.437009,SUZLON,55.29,13670,55.24,1437893,55.34,1481416
2026-08-13 20:19:18.439007,GMRINFRA,87.18,2638,87.13,2195682,87.23,1588610
2026-08-13 20:19:18.455738,SOUTHBANK,33.92,3681,33.87,1575201,33.97,1990274
2026-08-13 20:19:18.472771,IRB,64.2,1042,64.15,1293095,64.25,2210625
2026-08-13 20:19:18.489827,HFCL,123.83,3438,123.77,2319541,123.89,1901088
2026-08-13 20:19:18.508422,NMDC,226.04,9755,225.93,1392252,226.15,1311610
2026-08-13 20:19:18.522350,TATAPOWER,429.51,6867,429.3,1383921,429.72,2351036
2026-08-13 20:19:18.554661,BHEL,305.85,10797,305.7,1667160,306.0,1781889
2026-08-13 20:19:18.569298,HUDCO,195.69,11280,195.59,1799138,195.79,1620307
2026-08-13 20:19:18.572620,PNB,114.26,13075,114.2,2312451,114.32,1977912
2026-08-13 20:19:18.589136,NHPC,98.65,4770,98.6,2262514,98.7,2068902
2026-08-13 20:19:18.606099,SMALLCAP1,46.19,904,46.14,8255,46.24,5657
2026-08-13 20:19:18.622314,RELIANCE,2900.41,72585,2898.96,1163034,2901.86,1554976
2026-08-13 20:19:18.639793,TCS,3813.77,823,3811.86,1448470,3815.68,1572196
2026-08-13 20:19:18.655976,INFY,1475.9,10955,1475.16,2014482,1476.64,1638297
2026-08-13 20:19:18.672239,PENNYSTOCK,14.61,10943,14.56,1123418,14.66,1297356
2026-08-13 20:19:33.407553,IDFCFIRSTB,72.62,11416,72.57,2273318,72.67,1899646
2026-08-13 20:19:33.437009,SUZLON,55.36,3616,55.31,2239904,55.41,1825539
2026-08-13 20:19:33.439007,GMRINFRA,87.2,4551,87.15,1772131,87.25,1502820
2026-08-13 20:19:33.455738,SOUTHBANK,33.92,5280,33.87,2417423,33.97,2395282
2026-08-13 20:19:33.472771,IRB,64.11,4494,64.06,2175389,64.16,2203049
2026-08-13 20:19:33.489827,HFCL,123.51,3920,123.45,1979497,123.57,1370145
2026-08-13 20:19:33.508422,NMDC,226.73,873,226.62,1270319,226.84,1605280
2026-08-13 20:19:33.522350,TATAPOWER,429.07,67060,428.86,2144949,429.28,1129842
2026-08-13 20:19:33.554661,BHEL,306.37,12170,306.22,2157386,306.52,1469727
2026-08-13 20:19:33.569298,HUDCO,195.74,10476,195.64,1114647,195.84,1411983
2026-08-13 20:19:33.572620,PNB,114.52,12178,114.46,2308080,114.58,2161654
2026-08-13 20:19:33.589136,NHPC,98.7,7813,98.65,1245702,98.75,1839155
2026-08-13 20:19:33.606099,SMALLCAP1,46.26,705,46.21,21301,46.31,14350
2026-08-13 20:19:33.622314,RELIANCE,2897.06,14435,2895.61,1974286,2898.51,2413861
2026-08-13 20:19:33.639793,TCS,3804.93,11957,3803.03,2209989,3806.83,1060139
2026-08-13 20:19:33.655976,INFY,1477.6,11829,1476.86,1665724,1478.34,1630976
2026-08-13 20:19:33.672239,PENNYSTOCK,14.6,504,14.55,1058157,14.65,1449493
2026-08-13 20:19:48.407553,IDFCFIRSTB,72.64,2342,72.59,1471532,72.69,1461833
2026-08-13 20:19:48.437009,SUZLON,55.36,9034,55.31,1845430,55.41,1160362
2026-08-13 20:19:48.439007,GMRINFRA,87.2,817,87.15,1267890,87.25,2141885
2026-08-13 20:19:48.455738,SOUTHBANK,33.88,11305,33.83,2473706,33.93,2350694
2026-08-13 20:19:48.472771,IRB,64.05,1835,64.0,1437872,64.1,2079437
2026-08-13 20:19:48.489827,HFCL,123.38,4777,123.32,2080124,123.44,1571269
2026-08-13 20:19:48.508422,NMDC,226.49,10219,226.38,2014002,226.6,1137724
2026-08-13 20:19:48.522350,TATAPOWER,430.16,12666,429.94,1275772,430.38,2439599
2026-08-13 20:19:48.554661,BHEL,306.98,693,306.83,2298244,307.13,1649258
2026-08-13 20:19:48.569298,HUDCO,195.71,13694,195.61,1269835,195.81,1395768
2026-08-13 20:19:48.572620,PNB,114.55,6351,114.49,1327150,114.61,1099312
2026-08-13 20:19:48.589136,NHPC,98.89,1784,98.84,2022839,98.94,1554635
2026-08-13 20:19:48.606099,SMALLCAP1,46.42,446,46.37,22913,46.47,18977
2026-08-13 20:19:48.622314,RELIANCE,2897.8,57954,2896.35,1930866,2899.25,2127661
2026-08-13 20:19:48.639793,TCS,3807.01,108520,3805.11,2477879,3808.91,2033651
2026-08-13 20:19:48.655976,INFY,1475.17,5015,1474.43,1389187,1475.91,1415147
2026-08-13 20:19:48.672239,PENNYSTOCK,14.6,6979,14.55,1896813,14.65,1591444
2026-08-13 20:20:03.407553,IDFCFIRSTB,72.56,5800,72.51,1237235,72.61,2391150
2026-08-13 20:20:03.437009,SUZLON,55.45,12525,55.4,2029495,55.5,1674908
2026-08-13 20:20:03.439007,GMRINFRA,87.2,1525,87.15,1617403,87.25,2348611
2026-08-13 20:20:03.455738,SOUTHBANK,33.88,558,33.83,2060265,33.93,2306815
2026-08-13 20:20:03.472771,IRB,64.14,2472,64.09,1903672,64.19,2184777
2026-08-13 20:20:03.489827,HFCL,123.63,8059,123.57,1060971,123.69,1704248
2026-08-13 20:20:03.508422,NMDC,226.53,13259,226.42,1508923,226.64,2457493
2026-08-13 20:20:03.522350,TATAPOWER,430.22,9708,430.0,1054180,430.44,2165155
2026-08-13 20:20:03.554661,BHEL,307.31,6895,307.16,2332448,307.46,1822175
2026-08-13 20:20:03.569298,HUDCO,195.25,10083,195.15,1685371,195.35,1098475
2026-08-13 20:20:03.572620,PNB,114.25,10286,114.19,1894560,114.31,2116730
2026-08-13 20:20:03.589136,NHPC,98.94,4275,98.89,2343754,98.99,2265663
2026-08-13 20:20:03.606099,SMALLCAP1,46.49,887,46.44,12571,46.54,12201
2026-08-13 20:20:03.622314,RELIANCE,2894.28,5358,2892.83,2008371,2895.73,2157169
2026-08-13 20:20:03.639793,TCS,3800.47,3202,3798.57,1406209,3802.37,1246004
2026-08-13 20:20:03.655976,INFY,1475.36,1847,1474.62,1101746,1476.1,1403317
2026-08-13 20:20:03.672239,PENNYSTOCK,14.62,1581,14.57,2148824,14.67,2076015
2026-08-13 20:20:18.407553,IDFCFIRSTB,72.67,88308,72.62,1754886,72.72,2092206
2026-08-13 20:20:18.437009,SUZLON,55.36,12696,55.31,2128863,55.41,1407739
2026-08-13 20:20:18.439007,GMRINFRA,87.28,10534,87.23,2217546,87.33,2016409
2026-08-13 20:20:18.455738,SOUTHBANK,33.91,7451,33.86,1198380,33.96,2187214
2026-08-13 20:20:18.472771,IRB,64.21,14251,64.16,2441865,64.26,1280463
2026-08-13 20:20:18.489827,HFCL,123.46,4454,123.4,2055887,123.52,1622115
2026-08-13 20:20:18.508422,NMDC,226.37,7247,226.26,1409350,226.48,1664024
2026-08-13 20:20:18.522350,TATAPOWER,429.89,4152,429.68,1754973,430.1,1568100
2026-08-13 20:20:18.554661,BHEL,307.07,14738,306.92,1349075,307.22,2327986
2026-08-13 20:20:18.569298,HUDCO,195.16,9762,195.06,1666594,195.26,2285667
2026-08-13 20:20:18.572620,PNB,114.17,3097,114.11,1349357,114.23,1280965
2026-08-13 20:20:18.589136,NHPC,98.96,608,98.91,1247913,99.01,2002408
2026-08-13 20:20:18.606099,SMALLCAP1,46.54,196,46.49,10837,46.59,23061
2026-08-13 20:20:18.622314,RELIANCE,2891.93,13247,2890.48,2162446,2893.38,1970542
2026-08-13 20:20:18.639793,TCS,3788.36,5420,3786.47,1483850,3790.25,1146240
2026-08-13 20:20:18.655976,INFY,1474.6,39809,1473.86,2274646,1475.34,2366659
2026-08-13 20:20:18.672239,PENNYSTOCK,14.64,13031,14.59,1730900,14.69,1548666
2026-08-13 20:20:33.407553,IDFCFIRSTB,72.74,7055,72.69,1446751,72.79,2034273
2026-08-13 20:20:33.437009,SUZLON,55.34,13848,55.29,1970124,55.39,2407565
2026-08-13 20:20:33.439007,GMRINFRA,87.21,7640,87.16,2442933,87.26,2134191
2026-08-13 20:20:33.455738,SOUTHBANK,33.94,1920,33.89,1439281,33.99,2346251
2026-08-13 20:20:33.472771,IRB,64.35,10442,64.3,2403657,64.4,2169741
2026-08-13 20:20:33.489827,HFCL,123.34,7347,123.28,1160039,123.4,1262885
2026-08-13 20:20:33.508422,NMDC,226.73,11884,226.62,2252718,226.84,1342704
2026-08-13 20:20:33.522350,TATAPOWER,429.38,11645,429.17,2367558,429.59,1595883
2026-08-13 20:20:33.554661,BHEL,306.82,7406,306.67,1814674,306.97,2413994
2026-08-13 20:20:33.569298,HUDCO,195.83,2169,195.73,1443742,195.93,1542991
2026-08-13 20:20:33.572620,PNB,113.97,14051,113.91,1955754,114.03,1054273
2026-08-13 20:20:33.589136,NHPC,98.84,13386,98.79,1427280,98.89,1671824
2026-08-13 20:20:33.606099,SMALLCAP1,46.54,162,46.49,5861,46.59,15392
2026-08-13 20:20:33.622314,RELIANCE,2887.45,14889,2886.01,1400731,2888.89,1840135
2026-08-13 20:20:33.639793,TCS,3791.96,13692,3790.06,1717028,3793.86,1140347
2026-08-13 20:20:33.655976,INFY,1473.0,1651,1472.26,2239322,1473.74,1956222
2026-08-13 20:20:33.672239,PENNYSTOCK,14.63,2618,14.58,2238928,14.68,1543377
2026-08-13 20:20:48.407553,IDFCFIRSTB,72.65,8805,72.6,1564899,72.7,2453276
2026-08-13 20:20:48.437009,SUZLON,55.53,10916,55.48,2448858,55.58,2141335
2026-08-13 20:20:48.439007,GMRINFRA,87.25,3841,87.2,2123752,87.3,2172481
2026-08-13 20:20:48.455738,SOUTHBANK,33.81,14320,33.76,1405043,33.86,2443973
2026-08-13 20:20:48.472771,IRB,64.32,5073,64.27,2326172,64.37,2326084
2026-08-13 20:20:48.489827,HFCL,123.22,13134,123.16,2372382,123.28,1262947
2026-08-13 20:20:48.508422,NMDC,226.69,5155,226.58,2038294,226.8,1943762
2026-08-13 20:20:48.522350,TATAPOWER,430.13,4746,429.91,1377006,430.35,2076883
2026-08-13 20:20:48.554661,BHEL,306.13,1923,305.98,2436602,306.28,1910080
2026-08-13 20:20:48.569298,HUDCO,195.67,12167,195.57,1622967,195.77,1485242
2026-08-13 20:20:48.572620,PNB,113.94,11481,113.88,1108584,114.0,1697623
2026-08-13 20:20:48.589136,NHPC,98.86,4789,98.81,2216027,98.91,1286004
2026-08-13 20:20:48.606099,SMALLCAP1,46.48,561,46.43,24185,46.53,20992
2026-08-13 20:20:48.622314,RELIANCE,2887.93,10151,2886.49,1378804,2889.37,1120075
2026-08-13 20:20:48.639793,TCS,3790.8,8119,3788.9,1767990,3792.7,2103384
2026-08-13 20:20:48.655976,INFY,1474.1,4174,1473.36,2455190,1474.84,1895485
2026-08-13 20:20:48.672239,PENNYSTOCK,14.66,5703,14.61,1164804,14.71,2481994
2026-08-13 20:21:03.407553,IDFCFIRSTB,72.75,5959,72.7,1632503,72.8,2310260
2026-08-13 20:21:03.437009,SUZLON,55.59,10775,55.54,1275660,55.64,1529758
2026-08-13 20:21:03.439007,GMRINFRA,87.32,14082,87.27,1890048,87.37,1223031
2026-08-13 20:21:03.455738,SOUTHBANK,33.77,3236,33.72,1218095,33.82,1432559
2026-08-13 20:21:03.472771,IRB,64.26,13035,64.21,1864741,64.31,1833807
2026-08-13 20:21:03.489827,HFCL,123.23,3992,123.17,1459162,123.29,2187587
2026-08-13 20:21:03.508422,NMDC,226.65,11333,226.54,1247549,226.76,1071376
2026-08-13 20:21:03.522350,TATAPOWER,429.84,14479,429.63,2385619,430.05,1718123
2026-08-13 20:21:03.554661,BHEL,305.78,13403,305.63,1721985,305.93,1507173
2026-08-13 20:21:03.569298,HUDCO,195.94,1820,195.84,1740002,196.04,2461350
2026-08-13 20:21:03.572620,PNB,113.96,14218,113.9,1749138,114.02,2480504
2026-08-13 20:21:03.589136,NHPC,98.71,14505,98.66,2090173,98.76,1369118
2026-08-13 20:21:03.606099,SMALLCAP1,46.52,362,46.47,15089,46.57,20804
2026-08-13 20:21:03.622314,RELIANCE,2887.08,10656,2885.64,2142617,2888.52,1933050
2026-08-13 20:21:03.639793,TCS,3792.03,6660,3790.13,2245611,3793.93,1305721
2026-08-13 20:21:03.655976,INFY,1473.23,8340,1472.49,1212153,1473.97,1452867
2026-08-13 20:21:03.672239,PENNYSTOCK,14.64,3046,14.59,1144310,14.69,2301058
2026-08-13 20:21:18.407553,IDFCFIRSTB,72.78,14790,72.73,2133239,72.83,2376062
2026-08-13 20:21:18.437009,SUZLON,55.48,7486,55.43,2013785,55.53,2444489
2026-08-13 20:21:18.439007,GMRINFRA,87.43,12728,87.38,1620301,87.48,1594138
2026-08-13 20:21:18.455738,SOUTHBANK,33.72,74450,33.67,1553826,33.77,1285692
2026-08-13 20:21:18.472771,IRB,64.26,6507,64.21,2048768,64.31,1354097
2026-08-13 20:21:18.489827,HFCL,123.06,3819,123.0,1300258,123.12,2497711
2026-08-13 20:21:18.508422,NMDC,227.2,10050,227.09,1654279,227.31,1695663
2026-08-13 20:21:18.522350,TATAPOWER,429.3,2475,429.09,1367634,429.51,1084666
2026-08-13 20:21:18.554661,BHEL,305.65,3815,305.5,1476249,305.8,1963708
2026-08-13 20:21:18.569298,HUDCO,196.48,11515,196.38,1781812,196.58,2269524
2026-08-13 20:21:18.572620,PNB,114.27,1329,114.21,1352916,114.33,2019656
2026-08-13 20:21:18.589136,NHPC,98.61,8789,98.56,1689912,98.66,1124122
2026-08-13 20:21:18.606099,SMALLCAP1,46.5,7608,46.45,9258,46.55,10160
2026-08-13 20:21:18.622314,RELIANCE,2889.66,14581,2888.22,1850920,2891.1,1427241
2026-08-13 20:21:18.639793,TCS,3792.73,10209,3790.83,1520801,3794.63,1951040
2026-08-13 20:21:18.655976,INFY,1472.42,4144,1471.68,1402791,1473.16,1633964
2026-08-13 20:21:18.672239,PENNYSTOCK,14.62,8435,14.57,2479489,14.67,1502706
2026-08-13 20:21:33.407553,IDFCFIRSTB,72.75,14001,72.7,2014806,72.8,2167623
2026-08-13 20:21:33.437009,SUZLON,55.33,12568,55.28,1189112,55.38,2165531
2026-08-13 20:21:33.439007,GMRINFRA,87.3,6136,87.25,1979852,87.35,1857198
2026-08-13 20:21:33.455738,SOUTHBANK,33.67,2476,33.62,1408865,33.72,2434741
2026-08-13 20:21:33.472771,IRB,64.26,4118,64.21,2206812,64.31,2398944
2026-08-13 20:21:33.489827,HFCL,123.37,600,123.31,1981414,123.43,1527042
2026-08-13 20:21:33.508422,NMDC,227.19,2880,227.08,1260219,227.3,1717773
2026-08-13 20:21:33.522350,TATAPOWER,429.05,11052,428.84,1766862,429.26,2328203
2026-08-13 20:21:33.554661,BHEL,305.38,12137,305.23,1395213,305.53,1361512
2026-08-13 20:21:33.569298,HUDCO,196.32,12537,196.22,2178762,196.42,1960749
2026-08-13 20:21:33.572620,PNB,114.45,11000,114.39,2491238,114.51,1296353
2026-08-13 20:21:33.589136,NHPC,98.6,4740,98.55,2286016,98.65,2019565
2026-08-13 20:21:33.606099,SMALLCAP1,46.45,341,46.4,17797,46.5,9024
2026-08-13 20:21:33.622314,RELIANCE,2901.29,14052,2899.84,1243433,2902.74,1618632
2026-08-13 20:21:33.639793,TCS,3790.01,3870,3788.11,1740611,3791.91,1810315
2026-08-13 20:21:33.655976,INFY,1473.21,1855,1472.47,1707855,1473.95,1639781
2026-08-13 20:21:33.672239,PENNYSTOCK,14.62,747,14.57,2025731,14.67,1085767
2026-08-13 20:21:48.407553,IDFCFIRSTB,72.84,3047,72.79,1312058,72.89,1296785
2026-08-13 20:21:48.437009,SUZLON,55.4,7941,55.35,2385506,55.45,2436846
2026-08-13 20:21:48.439007,GMRINFRA,87.29,7893,87.24,2449682,87.34,2037738
2026-08-13 20:21:48.455738,SOUTHBANK,33.71,7364,33.66,2280662,33.76,2416505
2026-08-13 20:21:48.472771,IRB,64.35,4904,64.3,2052783,64.4,2462829
2026-08-13 20:21:48.489827,HFCL,122.99,12402,122.93,1286038,123.05,2456057
2026-08-13 20:21:48.508422,NMDC,227.21,3961,227.1,1770500,227.32,1207286
2026-08-13 20:21:48.522350,TATAPOWER,428.56,7800,428.35,1841437,428.77,1910975
2026-08-13 20:21:48.554661,BHEL,305.4,2011,305.25,1688037,305.55,1128263
2026-08-13 20:21:48.569298,HUDCO,196.89,3704,196.79,2070417,196.99,1957512
2026-08-13 20:21:48.572620,PNB,114.46,12921,114.4,2268867,114.52,2404862
2026-08-13 20:21:48.589136,NHPC,98.4,12970,98.35,1126316,98.45,1076352
2026-08-13 20:21:48.606099,SMALLCAP1,46.48,3775,46.43,15603,46.53,6493
2026-08-13 20:21:48.622314,RELIANCE,2903.87,12877,2902.42,1514916,2905.32,2035960
2026-08-13 20:21:48.639793,TCS,3783.13,2105,3781.24,1099616,3785.02,1456302
2026-08-13 20:21:48.655976,INFY,1473.2,4042,1472.46,1627057,1473.94,2471301
2026-08-13 20:21:48.672239,PENNYSTOCK,14.6,4180,14.55,1071036,14.65,2282868
2026-08-13 20:22:03.407553,IDFCFIRSTB,72.73,14033,72.68,1576947,72.78,1583441
2026-08-13 20:22:03.437009,SUZLON,55.41,12158,55.36,1616506,55.46,2484610
2026-08-13 20:22:03.439007,GMRINFRA,87.26,12109,87.21,1376029,87.31,1522269
2026-08-13 20:22:03.455738,SOUTHBANK,33.74,14801,33.69,2149543,33.79,1698494
2026-08-13 20:22:03.472771,IRB,64.43,2920,64.38,1327962,64.48,1388303
2026-08-13 20:22:03.489827,HFCL,122.99,8896,122.93,2069027,123.05,1392212
2026-08-13 20:22:03.508422,NMDC,226.91,5663,226.8,1061796,227.02,1702782
2026-08-13 20:22:03.522350,TATAPOWER,428.4,11061,428.19,1672965,428.61,1541345
2026-08-13 20:22:03.554661,BHEL,305.35,3855,305.2,1075835,305.5,1203041
2026-08-13 20:22:03.569298,HUDCO,197.06,2410,196.96,1581464,197.16,1999246
2026-08-13 20:22:03.572620,PNB,114.3,5753,114.24,1470615,114.36,2087669
2026-08-13 20:22:03.589136,NHPC,98.49,6769,98.44,1787509,98.54,1387480
2026-08-13 20:22:03.606099,SMALLCAP1,46.5,569,46.45,20514,46.55,19932
2026-08-13 20:22:03.622314,RELIANCE,2904.63,13595,2903.18,1718699,2906.08,1067780
2026-08-13 20:22:03.639793,TCS,3781.39,5161,3779.5,2032409,3783.28,1490175
2026-08-13 20:22:03.655976,INFY,1470.9,14485,1470.16,2470299,1471.64,2463913
2026-08-13 20:22:03.672239,PENNYSTOCK,14.59,14677,14.54,1776445,14.64,2263509
2026-08-13 20:22:18.407553,IDFCFIRSTB,72.73,13469,72.68,2384626,72.78,1130544
2026-08-13 20:22:18.437009,SUZLON,55.34,5982,55.29,1187767,55.39,2065463
2026-08-13 20:22:18.439007,GMRINFRA,87.24,546,87.19,1794571,87.29,2235799
2026-08-13 20:22:18.455738,SOUTHBANK,33.76,3170,33.71,2042422,33.81,1150989
2026-08-13 20:22:18.472771,IRB,64.54,11224,64.49,2157430,64.59,1173020
2026-08-13 20:22:18.489827,HFCL,123.07,14616,123.01,2190924,123.13,2314424
2026-08-13 20:22:18.508422,NMDC,227.37,4197,227.26,1156543,227.48,1061439
2026-08-13 20:22:18.522350,TATAPOWER,428.66,12937,428.45,2258004,428.87,1791868
2026-08-13 20:22:18.554661,BHEL,305.54,100035,305.39,1767908,305.69,2048214
2026-08-13 20:22:18.569298,HUDCO,196.6,652,196.5,1528730,196.7,1475676
2026-08-13 20:22:18.572620,PNB,114.21,2828,114.15,1498797,114.27,1290537
2026-08-13 20:22:18.589136,NHPC,98.78,5379,98.73,1814250,98.83,2012319
2026-08-13 20:22:18.606099,SMALLCAP1,46.49,536,46.44,12523,46.54,18096
2026-08-13 20:22:18.622314,RELIANCE,2911.57,11119,2910.11,1671991,2913.03,1160025
2026-08-13 20:22:18.639793,TCS,3783.19,3311,3781.3,1598275,3785.08,2367156
2026-08-13 20:22:18.655976,INFY,1474.04,12161,1473.3,2170252,1474.78,1110318
2026-08-13 20:22:18.672239,PENNYSTOCK,14.59,6826,14.54,1760418,14.64,2254878
2026-08-13 20:22:33.407553,IDFCFIRSTB,72.79,2762,72.74,1781416,72.84,2284476
2026-08-13 20:22:33.437009,SUZLON,55.19,4171,55.14,2015379,55.24,2305178
2026-08-13 20:22:33.439007,GMRINFRA,87.12,10424,87.07,1169133,87.17,2006118
2026-08-13 20:22:33.455738,SOUTHBANK,33.75,9831,33.7,1741553,33.8,2242025
2026-08-13 20:22:33.472771,IRB,64.59,12449,64.54,2424959,64.64,2226736
2026-08-13 20:22:33.489827,HFCL,123.04,9887,122.98,2314313,123.1,1303993
2026-08-13 20:22:33.508422,NMDC,227.39,8993,227.28,2312760,227.5,1656147
2026-08-13 20:22:33.522350,TATAPOWER,428.25,3964,428.04,1484530,428.46,1147602
2026-08-13 20:22:33.554661,BHEL,305.77,11133,305.62,1863553,305.92,1284675
2026-08-13 20:22:33.569298,HUDCO,196.76,4245,196.66,2064454,196.86,1300252
2026-08-13 20:22:33.572620,PNB,114.07,4268,114.01,1663160,114.13,2323978
2026-08-13 20:22:33.589136,NHPC,98.71,1284,98.66,2319118,98.76,1936922
2026-08-13 20:22:33.606099,SMALLCAP1,46.47,742,46.42,15336,46.52,19022
2026-08-13 20:22:33.622314,RELIANCE,2911.13,4925,2909.67,2403803,2912.59,1824691
2026-08-13 20:22:33.639793,TCS,3784.27,797,3782.38,1088273,3786.16,1101251
2026-08-13 20:22:33.655976,INFY,1472.59,12765,1471.85,2079072,1473.33,2460675
2026-08-13 20:22:33.672239,PENNYSTOCK,14.62,8651,14.57,2497562,14.67,1769292
2026-08-13 20:22:48.407553,IDFCFIRSTB,72.79,13023,72.74,2283920,72.84,1134186
2026-08-13 20:22:48.437009,SUZLON,55.22,10906,55.17,1330384,55.27,1552020
2026-08-13 20:22:48.439007,GMRINFRA,87.08,1277,87.03,2099379,87.13,2491532
2026-08-13 20:22:48.455738,SOUTHBANK,33.81,11087,33.76,2451686,33.86,1441594
2026-08-13 20:22:48.472771,IRB,64.68,9357,64.63,1200287,64.73,2473939
2026-08-13 20:22:48.489827,HFCL,122.94,10993,122.88,2343989,123.0,1907054
2026-08-13 20:22:48.508422,NMDC,227.41,3743,227.3,1932431,227.52,1149062
2026-08-13 20:22:48.522350,TATAPOWER,429.5,6492,429.29,1695319,429.71,1836194
2026-08-13 20:22:48.554661,BHEL,305.52,13776,305.37,2086036,305.67,1837540
2026-08-13 20:22:48.569298,HUDCO,196.68,3615,196.58,1051130,196.78,1587715
2026-08-13 20:22:48.572620,PNB,113.87,1027,113.81,1287288,113.93,1496176
2026-08-13 20:22:48.589136,NHPC,98.65,14513,98.6,1062010,98.7,1936094
2026-08-13 20:22:48.606099,SMALLCAP1,46.63,672,46.58,24361,46.68,6401
2026-08-13 20:22:48.622314,RELIANCE,2903.45,2558,2902.0,1482195,2904.9,2073453
2026-08-13 20:22:48.639793,TCS,3783.21,13838,3781.32,2471982,3785.1,1339405
2026-08-13 20:22:48.655976,INFY,1471.14,11949,1470.4,1560175,1471.88,1943844
2026-08-13 20:22:48.672239,PENNYSTOCK,14.66,4371,14.61,1680992,14.71,2226576
2026-08-13 20:23:03.407553,IDFCFIRSTB,72.84,4747,72.79,1184523,72.89,2398768
2026-08-13 20:23:03.437009,SUZLON,55.27,6556,55.22,1658924,55.32,1791873
2026-08-13 20:23:03.439007,GMRINFRA,87.16,6138,87.11,1862747,87.21,1284571
2026-08-13 20:23:03.455738,SOUTHBANK,33.91,10162,33.86,1944112,33.96,1998544
2026-08-13 20:23:03.472771,IRB,64.47,3246,64.42,1395394,64.52,2036271
2026-08-13 20:23:03.489827,HFCL,122.89,7737,122.83,1410181,122.95,2326699
2026-08-13 20:23:03.508422,NMDC,227.87,4865,227.76,1346901,227.98,1490255
2026-08-13 20:23:03.522350,TATAPOWER,429.01,650,428.8,1715251,429.22,1637604
2026-08-13 20:23:03.554661,BHEL,305.49,5622,305.34,2311745,305.64,1672307
2026-08-13 20:23:03.569298,HUDCO,196.99,118088,196.89,1847076,197.09,2234584
2026-08-13 20:23:03.572620,PNB,113.89,10841,113.83,1980284,113.95,1501869
2026-08-13 20:23:03.589136,NHPC,98.58,12326,98.53,2089376,98.63,2149363
2026-08-13 20:23:03.606099,SMALLCAP1,46.59,715,46.54,23714,46.64,24333
2026-08-13 20:23:03.622314,RELIANCE,2897.32,525,2895.87,2010200,2898.77,1467253
2026-08-13 20:23:03.639793,TCS,3787.25,8954,3785.36,1288148,3789.14,1964694
2026-08-13 20:23:03.655976,INFY,1470.4,5217,1469.66,1359357,1471.14,2100100
2026-08-13 20:23:03.672239,PENNYSTOCK,14.66,8386,14.61,2136129,14.71,2449619
2026-08-13 20:23:18.407553,IDFCFIRSTB,72.7,4021,72.65,2251277,72.75,2125028
2026-08-13 20:23:18.437009,SUZLON,55.18,7311,55.13,1465248,55.23,2254127
2026-08-13 20:23:18.439007,GMRINFRA,87.29,9211,87.24,1233802,87.34,1777137
2026-08-13 20:23:18.455738,SOUTHBANK,33.95,2906,33.9,1538916,34.0,1219957
2026-08-13 20:23:18.472771,IRB,64.37,11928,64.32,1442618,64.42,1808393
2026-08-13 20:23:18.489827,HFCL,122.86,10277,122.8,2291037,122.92,1053190
2026-08-13 20:23:18.508422,NMDC,227.18,2555,227.07,1433673,227.29,1449905
2026-08-13 20:23:18.522350,TATAPOWER,428.62,10194,428.41,1478652,428.83,1249010
2026-08-13 20:23:18.554661,BHEL,305.73,7265,305.58,1202325,305.88,1764220
2026-08-13 20:23:18.569298,HUDCO,197.09,10752,196.99,2108232,197.19,1406188
2026-08-13 20:23:18.572620,PNB,113.65,14603,113.59,1272655,113.71,1200815
2026-08-13 20:23:18.589136,NHPC,98.77,12753,98.72,1900309,98.82,2070999
2026-08-13 20:23:18.606099,SMALLCAP1,46.72,990,46.67,10203,46.77,20108
2026-08-13 20:23:18.622314,RELIANCE,2894.59,10235,2893.14,2200770,2896.04,1498298
2026-08-13 20:23:18.639793,TCS,3787.67,1213,3785.78,2192175,3789.56,2266555
2026-08-13 20:23:18.655976,INFY,1474.07,10874,1473.33,2297132,1474.81,2247598
2026-08-13 20:23:18.672239,PENNYSTOCK,14.68,5277,14.63,1661048,14.73,1630885
2026-08-13 20:23:33.407553,IDFCFIRSTB,72.59,14490,72.54,2020029,72.64,2366228
2026-08-13 20:23:33.437009,SUZLON,55.12,7566,55.07,1596286,55.17,2284245
2026-08-13 20:23:33.439007,GMRINFRA,87.32,7799,87.27,1370573,87.37,2238805
2026-08-13 20:23:33.455738,SOUTHBANK,33.88,1192,33.83,1732525,33.93,1714752
2026-08-13 20:23:33.472771,IRB,64.45,4438,64.4,2118454,64.5,2490865
2026-08-13 20:23:33.489827,HFCL,122.87,1257,122.81,1567677,122.93,1399736
2026-08-13 20:23:33.508422,NMDC,226.57,9170,226.46,1606389,226.68,1498029
2026-08-13 20:23:33.522350,TATAPOWER,430.05,3704,429.83,1934058,430.27,2378876
2026-08-13 20:23:33.554661,BHEL,306.26,8248,306.11,1225217,306.41,1976752
2026-08-13 20:23:33.569298,HUDCO,196.01,10203,195.91,1758992,196.11,1152453
2026-08-13 20:23:33.572620,PNB,113.74,7477,113.68,1936769,113.8,2023164
2026-08-13 20:23:33.589136,NHPC,98.46,11766,98.41,1061089,98.51,1543497
2026-08-13 20:23:33.606099,SMALLCAP1,46.62,62,46.57,17169,46.67,22456
2026-08-13 20:23:33.622314,RELIANCE,2903.74,8650,2902.29,1494921,2905.19,1608577
2026-08-13 20:23:33.639793,TCS,3783.99,7942,3782.1,1587616,3785.88,1295233
2026-08-13 20:23:33.655976,INFY,1475.15,13922,1474.41,1399650,1475.89,1945175
2026-08-13 20:23:33.672239,PENNYSTOCK,14.68,12209,14.63,1797289,14.73,1435167
2026-08-13 20:23:48.407553,IDFCFIRSTB,72.66,13147,72.61,1092572,72.71,2354116
2026-08-13 20:23:48.437009,SUZLON,55.1,4802,55.05,1095320,55.15,1955697
2026-08-13 20:23:48.439007,GMRINFRA,87.26,2003,87.21,1095428,87.31,1667563
2026-08-13 20:23:48.455738,SOUTHBANK,33.99,14051,33.94,1658613,34.04,2173568
2026-08-13 20:23:48.472771,IRB,64.37,5819,64.32,2441789,64.42,1245915
2026-08-13 20:23:48.489827,HFCL,123.08,13311,123.02,1302714,123.14,2399174
2026-08-13 20:23:48.508422,NMDC,226.27,28903,226.16,1787255,226.38,1577256
2026-08-13 20:23:48.522350,TATAPOWER,430.51,7076,430.29,1391639,430.73,1612125
2026-08-13 20:23:48.554661,BHEL,306.49,8914,306.34,1658625,306.64,1824647
2026-08-13 20:23:48.569298,HUDCO,196.57,4753,196.47,1878154,196.67,1393704
2026-08-13 20:23:48.572620,PNB,114.04,4823,113.98,1215870,114.1,2067612
2026-08-13 20:23:48.589136,NHPC,98.4,12581,98.35,1519525,98.45,1428021
2026-08-13 20:23:48.606099,SMALLCAP1,46.67,945,46.62,5951,46.72,8631
2026-08-13 20:23:48.622314,RELIANCE,2907.13,7005,2905.68,1329114,2908.58,2372777
2026-08-13 20:23:48.639793,TCS,3784.61,11743,3782.72,1488780,3786.5,2032488
2026-08-13 20:23:48.655976,INFY,1474.46,4239,1473.72,1644126,1475.2,2215947
2026-08-13 20:23:48.672239,PENNYSTOCK,14.69,10441,14.64,2235966,14.74,2452646
2026-08-13 20:24:03.407553,IDFCFIRSTB,72.68,10854,72.63,1854620,72.73,1102525
2026-08-13 20:24:03.437009,SUZLON,55.12,1345,55.07,1390506,55.17,1708021
2026-08-13 20:24:03.439007,GMRINFRA,87.18,6727,87.13,1795612,87.23,2426970
2026-08-13 20:24:03.455738,SOUTHBANK,34.01,708,33.96,1637456,34.06,1562735
2026-08-13 20:24:03.472771,IRB,64.24,4927,64.19,1932796,64.29,1522503
2026-08-13 20:24:03.489827,HFCL,122.86,4336,122.8,2040374,122.92,2385202
2026-08-13 20:24:03.508422,NMDC,225.44,12220,225.33,1257895,225.55,2111767
2026-08-13 20:24:03.522350,TATAPOWER,428.87,4447,428.66,2055743,429.08,1318368
2026-08-13 20:24:03.554661,BHEL,306.88,3562,306.73,1656581,307.03,2385818
2026-08-13 20:24:03.569298,HUDCO,197.12,3495,197.02,2418192,197.22,1524499
2026-08-13 20:24:03.572620,PNB,113.65,10570,113.59,2142215,113.71,1193660
2026-08-13 20:24:03.589136,NHPC,98.54,14466,98.49,1579939,98.59,1220060
2026-08-13 20:24:03.606099,SMALLCAP1,46.7,481,46.65,17489,46.75,13923
2026-08-13 20:24:03.622314,RELIANCE,2903.91,10593,2902.46,2312035,2905.36,2136899
2026-08-13 20:24:03.639793,TCS,3777.61,13540,3775.72,1144707,3779.5,1127278
2026-08-13 20:24:03.655976,INFY,1477.57,9699,1476.83,1659988,1478.31,1637941
2026-08-13 20:24:03.672239,PENNYSTOCK,14.67,5372,14.62,1616744,14.72,1476240
2026-08-13 20:24:18.407553,IDFCFIRSTB,72.57,14095,72.52,2019244,72.62,1202337
2026-08-13 20:24:18.437009,SUZLON,55.26,7582,55.21,1141857,55.31,2388881
2026-08-13 20:24:18.439007,GMRINFRA,87.12,4727,87.07,2206145,87.17,1765654
2026-08-13 20:24:18.455738,SOUTHBANK,33.95,12423,33.9,1361245,34.0,2279861
2026-08-13 20:24:18.472771,IRB,64.34,3329,64.29,1712289,64.39,2211994
2026-08-13 20:24:18.489827,HFCL,123.02,10477,122.96,1164348,123.08,1814972
2026-08-13 20:24:18.508422,NMDC,225.79,9344,225.68,2023139,225.9,2358629
2026-08-13 20:24:18.522350,TATAPOWER,429.09,11263,428.88,1990310,429.3,1768831
2026-08-13 20:24:18.554661,BHEL,306.78,8047,306.63,2343548,306.93,2120561
2026-08-13 20:24:18.569298,HUDCO,197.11,10097,197.01,1701514,197.21,1992495
2026-08-13 20:24:18.572620,PNB,113.54,11615,113.48,1329311,113.6,2240700
2026-08-13 20:24:18.589136,NHPC,98.52,57420,98.47,2171561,98.57,1262910
2026-08-13 20:24:18.606099,SMALLCAP1,46.76,746,46.71,13582,46.81,14456
2026-08-13 20:24:18.622314,RELIANCE,2903.85,1571,2902.4,2034300,2905.3,2366057
2026-08-13 20:24:18.639793,TCS,3782.35,13957,3780.46,1750071,3784.24,2142983
2026-08-13 20:24:18.655976,INFY,1478.19,13468,1477.45,1782696,1478.93,2269145
2026-08-13 20:24:18.672239,PENNYSTOCK,14.67,6647,14.62,1122345,14.72,2272925
2026-08-13 20:24:33.407553,IDFCFIRSTB,72.37,13289,72.32,1550649,72.42,2195300
2026-08-13 20:24:33.437009,SUZLON,55.32,1965,55.27,2279224,55.37,1513398
2026-08-13 20:24:33.439007,GMRINFRA,87.21,8789,87.16,2297727,87.26,2124565
2026-08-13 20:24:33.455738,SOUTHBANK,33.96,9580,33.91,1148124,34.01,1845794
2026-08-13 20:24:33.472771,IRB,64.37,5296,64.32,2328168,64.42,1657269
2026-08-13 20:24:33.489827,HFCL,122.78,11576,122.72,1096383,122.84,1972226
2026-08-13 20:24:33.508422,NMDC,225.91,7198,225.8,1053173,226.02,1451540
2026-08-13 20:24:33.522350,TATAPOWER,429.24,109488,429.03,2220301,429.45,2405351
2026-08-13 20:24:33.554661,BHEL,306.85,13194,306.7,1597151,307.0,1176672
2026-08-13 20:24:33.569298,HUDCO,197.24,6331,197.14,2051163,197.34,2198310
2026-08-13 20:24:33.572620,PNB,113.48,5354,113.42,1434678,113.54,2076735
2026-08-13 20:24:33.589136,NHPC,98.38,6572,98.33,1645845,98.43,1911016
2026-08-13 20:24:33.606099,SMALLCAP1,46.76,979,46.71,7527,46.81,18714
2026-08-13 20:24:33.622314,RELIANCE,2898.27,12670,2896.82,1340291,2899.72,1923651
2026-08-13 20:24:33.639793,TCS,3784.41,12011,3782.52,1960647,3786.3,2142012
2026-08-13 20:24:33.655976,INFY,1476.97,6517,1476.23,1308261,1477.71,2443920
2026-08-13 20:24:33.672239,PENNYSTOCK,14.67,9742,14.62,1218836,14.72,2277969
2026-08-13 20:24:48.407553,IDFCFIRSTB,72.36,6916,72.31,2238970,72.41,1200210
2026-08-13 20:24:48.437009,SUZLON,55.42,2307,55.37,1209491,55.47,2088220
2026-08-13 20:24:48.439007,GMRINFRA,87.11,5711,87.06,1376432,87.16,1281099
2026-08-13 20:24:48.455738,SOUTHBANK,33.91,1518,33.86,1145703,33.96,1516256
2026-08-13 20:24:48.472771,IRB,64.28,6953,64.23,1780283,64.33,1352169
2026-08-13 20:24:48.489827,HFCL,122.91,1494,122.85,2029404,122.97,1591066
2026-08-13 20:24:48.508422,NMDC,226.37,2417,226.26,1295192,226.48,1645269
2026-08-13 20:24:48.522350,TATAPOWER,428.02,6223,427.81,2150892,428.23,1602322
2026-08-13 20:24:48.554661,BHEL,307.05,11325,306.9,2224618,307.2,1362582
2026-08-13 20:24:48.569298,HUDCO,197.41,2016,197.31,1196127,197.51,1500604
2026-08-13 20:24:48.572620,PNB,113.57,9226,113.51,1715508,113.63,1509218
2026-08-13 20:24:48.589136,NHPC,98.45,10744,98.4,2250892,98.5,2228476
2026-08-13 20:24:48.606099,SMALLCAP1,46.89,602,46.84,7501,46.94,9805
2026-08-13 20:24:48.622314,RELIANCE,2895.65,8777,2894.2,1363381,2897.1,1432759
2026-08-13 20:24:48.639793,TCS,3779.06,10433,3777.17,2339877,3780.95,1464210
2026-08-13 20:24:48.655976,INFY,1475.56,6235,1474.82,1779068,1476.3,2309316
2026-08-13 20:24:48.672239,PENNYSTOCK,14.67,4264,14.62,2447032,14.72,1172820
2026-08-13 20:25:03.407553,IDFCFIRSTB,72.48,11965,72.43,2075827,72.53,2075606
2026-08-13 20:25:03.437009,SUZLON,55.49,6122,55.44,2381700,55.54,2098460
2026-08-13 20:25:03.439007,GMRINFRA,86.93,13712,86.88,1964141,86.98,2122593
2026-08-13 20:25:03.455738,SOUTHBANK,33.97,14206,33.92,1763643,34.02,2246478
2026-08-13 20:25:03.472771,IRB,64.31,3471,64.26,2245459,64.36,1869580
2026-08-13 20:25:03.489827,HFCL,123.18,11480,123.12,1744882,123.24,1555945
2026-08-13 20:25:03.508422,NMDC,226.95,7937,226.84,1920594,227.06,2407208
2026-08-13 20:25:03.522350,TATAPOWER,427.65,7387,427.44,2249489,427.86,2205599
2026-08-13 20:25:03.554661,BHEL,307.11,1694,306.96,1533280,307.26,1173319
2026-08-13 20:25:03.569298,HUDCO,197.49,4683,197.39,1428229,197.59,1787098
2026-08-13 20:25:03.572620,PNB,113.47,3593,113.41,1471541,113.53,1131746
2026-08-13 20:25:03.589136,NHPC,98.62,11354,98.57,1482425,98.67,1803569
2026-08-13 20:25:03.606099,SMALLCAP1,46.88,256,46.83,21131,46.93,10562
2026-08-13 20:25:03.622314,RELIANCE,2901.48,14531,2900.03,1160887,2902.93,1743531
2026-08-13 20:25:03.639793,TCS,3775.79,1865,3773.9,2167689,3777.68,1888582
2026-08-13 20:25:03.655976,INFY,1477.5,7178,1476.76,1571979,1478.24,1867034
2026-08-13 20:25:03.672239,PENNYSTOCK,14.67,7240,14.62,2150768,14.72,1963097
2026-08-13 20:25:18.407553,IDFCFIRSTB,72.28,4771,72.23,1237067,72.33,2184173
2026-08-13 20:25:18.437009,SUZLON,55.52,14576,55.47,2453557,55.57,1105042
2026-08-13 20:25:18.439007,GMRINFRA,86.75,24376,86.7,1214595,86.8,1151403
2026-08-13 20:25:18.455738,SOUTHBANK,33.93,4487,33.88,1158845,33.98,2038718
2026-08-13 20:25:18.472771,IRB,64.22,12553,64.17,1685094,64.27,1375123
2026-08-13 20:25:18.489827,HFCL,123.14,1737,123.08,2187615,123.2,1693118
2026-08-13 20:25:18.508422,NMDC,227.26,2484,227.15,1579448,227.37,1877514
2026-08-13 20:25:18.522350,TATAPOWER,427.48,31064,427.27,1687788,427.69,1080774
2026-08-13 20:25:18.554661,BHEL,306.09,1478,305.94,1307119,306.24,2443444
2026-08-13 20:25:18.569298,HUDCO,197.49,4516,197.39,1794006,197.59,1132414
2026-08-13 20:25:18.572620,PNB,113.52,14184,113.46,1986266,113.58,1057490
2026-08-13 20:25:18.589136,NHPC,98.45,110008,98.4,2066309,98.5,2486701
2026-08-13 20:25:18.606099,SMALLCAP1,46.92,301,46.87,11869,46.97,19356
2026-08-13 20:25:18.622314,RELIANCE,2899.91,12690,2898.46,1661406,2901.36,1400075
2026-08-13 20:25:18.639793,TCS,3772.09,743,3770.2,1986699,3773.98,2293316
2026-08-13 20:25:18.655976,INFY,1481.85,12769,1481.11,2074094,1482.59,1109957
2026-08-13 20:25:18.672239,PENNYSTOCK,14.68,9055,14.63,1361358,14.73,2376990
2026-08-13 20:25:33.407553,IDFCFIRSTB,72.36,5183,72.31,2399086,72.41,1416856
2026-08-13 20:25:33.437009,SUZLON,55.63,2014,55.58,1179815,55.68,2073282
2026-08-13 20:25:33.439007,GMRINFRA,86.64,7909,86.59,2397936,86.69,1060196
2026-08-13 20:25:33.455738,SOUTHBANK,33.88,2502,33.83,1166688,33.93,1886558
2026-08-13 20:25:33.472771,IRB,64.09,2409,64.04,1987294,64.14,1300154
2026-08-13 20:25:33.489827,HFCL,123.3,8590,123.24,2221578,123.36,1073552
2026-08-13 20:25:33.508422,NMDC,227.08,4713,226.97,1427400,227.19,2119619
2026-08-13 20:25:33.522350,TATAPOWER,426.88,14615,426.67,2115513,427.09,2122163
2026-08-13 20:25:33.554661,BHEL,305.94,865,305.79,2006721,306.09,2249030
2026-08-13 20:25:33.569298,HUDCO,197.3,1817,197.2,1650565,197.4,2127280
2026-08-13 20:25:33.572620,PNB,113.49,11344,113.43,1898173,113.55,1509203
2026-08-13 20:25:33.589136,NHPC,98.46,5278,98.41,1967273,98.51,1400746
2026-08-13 20:25:33.606099,SMALLCAP1,46.85,381,46.8,16941,46.9,12565
2026-08-13 20:25:33.622314,RELIANCE,2898.91,8548,2897.46,1391399,2900.36,2129060
2026-08-13 20:25:33.639793,TCS,3774.12,1452,3772.23,2487379,3776.01,1733401
2026-08-13 20:25:33.655976,INFY,1485.04,8631,1484.3,1609875,1485.78,1498594
2026-08-13 20:25:33.672239,PENNYSTOCK,14.68,8242,14.63,1253818,14.73,2286761
2026-08-13 20:25:48.407553,IDFCFIRSTB,72.53,2512,72.48,2348556,72.58,1331116
2026-08-13 20:25:48.437009,SUZLON,55.64,11525,55.59,1826102,55.69,1484884
2026-08-13 20:25:48.439007,GMRINFRA,86.77,9470,86.72,2254549,86.82,2263531
2026-08-13 20:25:48.455738,SOUTHBANK,33.91,13548,33.86,1818027,33.96,2298083
2026-08-13 20:25:48.472771,IRB,64.07,6295,64.02,1176661,64.12,1780743
2026-08-13 20:25:48.489827,HFCL,123.34,8016,123.28,1938361,123.4,1499081
2026-08-13 20:25:48.508422,NMDC,227.57,7226,227.46,1148032,227.68,1258457
2026-08-13 20:25:48.522350,TATAPOWER,426.83,7792,426.62,2299807,427.04,2164571
2026-08-13 20:25:48.554661,BHEL,306.19,6145,306.04,1788930,306.34,1661943
2026-08-13 20:25:48.569298,HUDCO,197.47,52016,197.37,1207670,197.57,2424529
2026-08-13 20:25:48.572620,PNB,113.32,5932,113.26,1169905,113.38,1919732
2026-08-13 20:25:48.589136,NHPC,98.34,8558,98.29,1898430,98.39,2117916
2026-08-13 20:25:48.606099,SMALLCAP1,46.81,148,46.76,21278,46.86,23816
2026-08-13 20:25:48.622314,RELIANCE,2891.83,12812,2890.38,2473612,2893.28,2312709
2026-08-13 20:25:48.639793,TCS,3766.97,8569,3765.09,2078364,3768.85,1440232
2026-08-13 20:25:48.655976,INFY,1484.32,6341,1483.58,1613897,1485.06,2384736
2026-08-13 20:25:48.672239,PENNYSTOCK,14.7,9447,14.65,2365513,14.75,1764074
2026-08-13 20:26:03.407553,IDFCFIRSTB,72.5,3050,72.45,1927874,72.55,1471690
2026-08-13 20:26:03.437009,SUZLON,55.65,2752,55.6,2058845,55.7,1394785
2026-08-13 20:26:03.439007,GMRINFRA,86.74,3520,86.69,1825668,86.79,1679759
2026-08-13 20:26:03.455738,SOUTHBANK,33.9,5270,33.85,2184089,33.95,1426357
2026-08-13 20:26:03.472771,IRB,64.24,14369,64.19,1790025,64.29,2054007
2026-08-13 20:26:03.489827,HFCL,123.71,9999,123.65,1800222,123.77,1386628
2026-08-13 20:26:03.508422,NMDC,227.63,7753,227.52,1567143,227.74,1139821
2026-08-13 20:26:03.522350,TATAPOWER,426.62,14723,426.41,1886589,426.83,1577468
2026-08-13 20:26:03.554661,BHEL,306.48,14146,306.33,1194753,306.63,1551890
2026-08-13 20:26:03.569298,HUDCO,197.79,8899,197.69,2448392,197.89,1680426
2026-08-13 20:26:03.572620,PNB,113.53,13513,113.47,1813457,113.59,1530807
2026-08-13 20:26:03.589136,NHPC,98.3,8097,98.25,1723034,98.35,2383136
2026-08-13 20:26:03.606099,SMALLCAP1,46.77,470,46.72,11837,46.82,14440
2026-08-13 20:26:03.622314,RELIANCE,2889.06,7790,2887.62,1348097,2890.5,2498372
2026-08-13 20:26:03.639793,TCS,3766.08,18552,3764.2,1527722,3767.96,2433048
2026-08-13 20:26:03.655976,INFY,1485.23,1355,1484.49,2134394,1485.97,1932678
2026-08-13 20:26:03.672239,PENNYSTOCK,14.7,26860,14.65,2289791,14.75,1920768
2026-08-13 20:26:18.407553,IDFCFIRSTB,72.48,3396,72.43,1514262,72.53,1973544
2026-08-13 20:26:18.437009,SUZLON,55.56,13955,55.51,1897810,55.61,1226414
2026-08-13 20:26:18.439007,GMRINFRA,86.71,14061,86.66,2049517,86.76,1806899
2026-08-13 20:26:18.455738,SOUTHBANK,34.0,6776,33.95,1997451,34.05,1235686
2026-08-13 20:26:18.472771,IRB,64.4,3442,64.35,2383014,64.45,1065299
2026-08-13 20:26:18.489827,HFCL,123.63,3168,123.57,2044044,123.69,1175442
2026-08-13 20:26:18.508422,NMDC,227.81,6503,227.7,1061042,227.92,1134768
2026-08-13 20:26:18.522350,TATAPOWER,427.52,4673,427.31,1122113,427.73,1901439
2026-08-13 20:26:18.554661,BHEL,306.35,7451,306.2,2091327,306.5,2274773
2026-08-13 20:26:18.569298,HUDCO,198.09,12203,197.99,2474275,198.19,2482072
2026-08-13 20:26:18.572620,PNB,113.43,10088,113.37,1834276,113.49,2129688
2026-08-13 20:26:18.589136,NHPC,98.36,1812,98.31,1813601,98.41,1250814
2026-08-13 20:26:18.606099,SMALLCAP1,46.75,181,46.7,21790,46.8,14851
2026-08-13 20:26:18.622314,RELIANCE,2889.55,12537,2888.11,1696874,2890.99,1605159
2026-08-13 20:26:18.639793,TCS,3762.92,14669,3761.04,1998795,3764.8,2331848
2026-08-13 20:26:18.655976,INFY,1488.73,4720,1487.99,2482503,1489.47,2417136
2026-08-13 20:26:18.672239,PENNYSTOCK,14.68,2167,14.63,1709579,14.73,1871860
2026-08-13 20:26:33.407553,IDFCFIRSTB,72.33,9599,72.28,1055585,72.38,1553701
2026-08-13 20:26:33.437009,SUZLON,55.63,9135,55.58,1294195,55.68,2316043
2026-08-13 20:26:33.439007,GMRINFRA,86.82,4835,86.77,1764251,86.87,1113679
2026-08-13 20:26:33.455738,SOUTHBANK,33.95,9116,33.9,2024045,34.0,1422938
2026-08-13 20:26:33.472771,IRB,64.39,3591,64.34,1468352,64.44,2240739
2026-08-13 20:26:33.489827,HFCL,123.47,102586,123.41,2144053,123.53,1990904
2026-08-13 20:26:33.508422,NMDC,227.51,3188,227.4,1284671,227.62,2350439
2026-08-13 20:26:33.522350,TATAPOWER,427.74,2508,427.53,1723898,427.95,2298411
2026-08-13 20:26:33.554661,BHEL,306.25,4998,306.1,1090854,306.4,1802213
2026-08-13 20:26:33.569298,HUDCO,198.32,9129,198.22,1073361,198.42,2468226
2026-08-13 20:26:33.572620,PNB,113.44,12354,113.38,2117372,113.5,1292493
2026-08-13 20:26:33.589136,NHPC,98.2,30444,98.15,1521905,98.25,1190301
2026-08-13 20:26:33.606099,SMALLCAP1,46.73,955,46.68,20328,46.78,24604
2026-08-13 20:26:33.622314,RELIANCE,2894.8,10057,2893.35,2243556,2896.25,2358374
2026-08-13 20:26:33.639793,TCS,3760.61,929,3758.73,1625022,3762.49,1539682
2026-08-13 20:26:33.655976,INFY,1490.23,5124,1489.48,2025059,1490.98,1700707
2026-08-13 20:26:33.672239,PENNYSTOCK,14.68,1192,14.63,1392711,14.73,1108284
2026-08-13 20:26:48.407553,IDFCFIRSTB,72.35,14788,72.3,2216621,72.4,1799062
2026-08-13 20:26:48.437009,SUZLON,55.67,5092,55.62,1883720,55.72,1965733
2026-08-13 20:26:48.439007,GMRINFRA,86.75,11075,86.7,1723753,86.8,1235964
2026-08-13 20:26:48.455738,SOUTHBANK,33.97,6655,33.92,1553782,34.02,1872232
2026-08-13 20:26:48.472771,IRB,64.23,9422,64.18,1056118,64.28,1666769
2026-08-13 20:26:48.489827,HFCL,123.42,13941,123.36,2225243,123.48,1582048
2026-08-13 20:26:48.508422,NMDC,227.63,6445,227.52,1762051,227.74,1092650
2026-08-13 20:26:48.522350,TATAPOWER,428.75,11206,428.54,2390124,428.96,1615419
2026-08-13 20:26:48.554661,BHEL,306.11,13100,305.96,1836273,306.26,2463288
2026-08-13 20:26:48.569298,HUDCO,198.47,1789,198.37,1055780,198.57,2372968
2026-08-13 20:26:48.572620,PNB,113.46,8572,113.4,2334187,113.52,2250232
2026-08-13 20:26:48.589136,NHPC,98.15,9274,98.1,1986416,98.2,1397217
2026-08-13 20:26:48.606099,SMALLCAP1,46.89,603,46.84,20101,46.94,8920
2026-08-13 20:26:48.622314,RELIANCE,2898.31,3057,2896.86,1810816,2899.76,1576359
2026-08-13 20:26:48.639793,TCS,3752.99,6208,3751.11,1497307,3754.87,2282123
2026-08-13 20:26:48.655976,INFY,1489.23,13355,1488.49,1436293,1489.97,2275017
2026-08-13 20:26:48.672239,PENNYSTOCK,14.67,11526,14.62,2191415,14.72,1935881
2026-08-13 20:27:03.407553,IDFCFIRSTB,72.38,5771,72.33,1050272,72.43,1747195
2026-08-13 20:27:03.437009,SUZLON,55.64,11803,55.59,1906879,55.69,2141849
2026-08-13 20:27:03.439007,GMRINFRA,86.92,7076,86.87,1656771,86.97,2467269
2026-08-13 20:27:03.455738,SOUTHBANK,33.96,11781,33.91,1536008,34.01,2114615
2026-08-13 20:27:03.472771,IRB,64.37,14300,64.32,2254439,64.42,2033383
2026-08-13 20:27:03.489827,HFCL,123.36,1446,123.3,1493848,123.42,1452095
2026-08-13 20:27:03.508422,NMDC,228.13,11837,228.02,2474144,228.24,1843841
2026-08-13 20:27:03.522350,TATAPOWER,429.68,11710,429.47,1599698,429.89,2350548
2026-08-13 20:27:03.554661,BHEL,306.29,35982,306.14,1595091,306.44,2220838
2026-08-13 20:27:03.569298,HUDCO,198.15,14442,198.05,1413881,198.25,1938539
2026-08-13 20:27:03.572620,PNB,113.3,5530,113.24,1058677,113.36,1306430
2026-08-13 20:27:03.589136,NHPC,98.21,88472,98.16,1460356,98.26,1543874
2026-08-13 20:27:03.606099,SMALLCAP1,46.87,420,46.82,17403,46.92,17914
2026-08-13 20:27:03.622314,RELIANCE,2897.1,12837,2895.65,1862693,2898.55,1441740
2026-08-13 20:27:03.639793,TCS,3741.61,14763,3739.74,1630656,3743.48,2363376
2026-08-13 20:27:03.655976,INFY,1487.26,504,1486.52,2168092,1488.0,2049598
2026-08-13 20:27:03.672239,PENNYSTOCK,14.65,814,14.6,1640014,14.7,2286929
2026-08-13 20:27:18.407553,IDFCFIRSTB,72.49,3503,72.44,1920483,72.54,1915338
2026-08-13 20:27:18.437009,SUZLON,55.67,8273,55.62,1948613,55.72,1902897
2026-08-13 20:27:18.439007,GMRINFRA,86.96,4665,86.91,1766629,87.01,1844047
2026-08-13 20:27:18.455738,SOUTHBANK,33.9,7719,33.85,1942411,33.95,2072321
2026-08-13 20:27:18.472771,IRB,64.38,13092,64.33,2209230,64.43,1098510
2026-08-13 20:27:18.489827,HFCL,123.45,6957,123.39,1159763,123.51,2353225
2026-08-13 20:27:18.508422,NMDC,227.78,13439,227.67,1298579,227.89,1507477
2026-08-13 20:27:18.522350,TATAPOWER,429.2,38205,428.99,2266246,429.41,1462978
2026-08-13 20:27:18.554661,BHEL,306.54,12942,306.39,1809817,306.69,1476652
2026-08-13 20:27:18.569298,HUDCO,198.42,8782,198.32,2108914,198.52,1586016
2026-08-13 20:27:18.572620,PNB,113.51,12547,113.45,1278884,113.57,2093979
2026-08-13 20:27:18.589136,NHPC,98.25,2036,98.2,1294267,98.3,2043560
2026-08-13 20:27:18.606099,SMALLCAP1,46.84,773,46.79,8121,46.89,14832
2026-08-13 20:27:18.622314,RELIANCE,2884.77,6787,2883.33,1064041,2886.21,1708613
2026-08-13 20:27:18.639793,TCS,3741.9,13859,3740.03,1755727,3743.77,2009157
2026-08-13 20:27:18.655976,INFY,1491.86,5798,1491.11,2290527,1492.61,1381063
2026-08-13 20:27:18.672239,PENNYSTOCK,14.62,11412,14.57,1342930,14.67,1401183
2026-08-13 20:27:33.407553,IDFCFIRSTB,72.58,5814,72.53,1787198,72.63,2384755
2026-08-13 20:27:33.437009,SUZLON,55.68,7653,55.63,1149266,55.73,1159906
2026-08-13 20:27:33.439007,GMRINFRA,86.57,3838,86.52,2122928,86.62,1958704
2026-08-13 20:27:33.455738,SOUTHBANK,33.9,12215,33.85,1668452,33.95,1307788
2026-08-13 20:27:33.472771,IRB,64.49,13544,64.44,1082631,64.54,1218164
2026-08-13 20:27:33.489827,HFCL,123.5,7005,123.44,1288790,123.56,1565076
2026-08-13 20:27:33.508422,NMDC,227.84,12893,227.73,2186577,227.95,1139804
2026-08-13 20:27:33.522350,TATAPOWER,429.12,7772,428.91,2108566,429.33,1151892
2026-08-13 20:27:33.554661,BHEL,306.09,1851,305.94,1596457,306.24,1717363
2026-08-13 20:27:33.569298,HUDCO,198.56,6346,198.46,1536540,198.66,2267729
2026-08-13 20:27:33.572620,PNB,113.79,5065,113.73,2177945,113.85,2265515
2026-08-13 20:27:33.589136,NHPC,98.36,14049,98.31,1305592,98.41,1576017
2026-08-13 20:27:33.606099,SMALLCAP1,46.87,373,46.82,14552,46.92,20767
2026-08-13 20:27:33.622314,RELIANCE,2875.2,10478,2873.76,2299325,2876.64,1989773
2026-08-13 20:27:33.639793,TCS,3741.35,2413,3739.48,2127598,3743.22,1465272
2026-08-13 20:27:33.655976,INFY,1492.57,6688,1491.82,1111712,1493.32,1498277
2026-08-13 20:27:33.672239,PENNYSTOCK,14.64,6468,14.59,1060089,14.69,2103351
2026-08-13 20:27:48.407553,IDFCFIRSTB,72.6,7412,72.55,2449601,72.65,1599572
2026-08-13 20:27:48.437009,SUZLON,55.61,2154,55.56,2396986,55.66,1682412
2026-08-13 20:27:48.439007,GMRINFRA,86.49,10247,86.44,1539588,86.54,1070870
2026-08-13 20:27:48.455738,SOUTHBANK,33.89,10435,33.84,1659137,33.94,1232870
2026-08-13 20:27:48.472771,IRB,64.57,2907,64.52,2346551,64.62,1864757
2026-08-13 20:27:48.489827,HFCL,123.48,2742,123.42,1548635,123.54,1123931
2026-08-13 20:27:48.508422,NMDC,228.15,2809,228.04,1287530,228.26,2088326
2026-08-13 20:27:48.522350,TATAPOWER,428.87,12496,428.66,2306632,429.08,1621281
2026-08-13 20:27:48.554661,BHEL,306.5,8533,306.35,1434286,306.65,1910424
2026-08-13 20:27:48.569298,HUDCO,198.41,11245,198.31,1441292,198.51,1971821
2026-08-13 20:27:48.572620,PNB,113.45,49131,113.39,1825481,113.51,2399629
2026-08-13 20:27:48.589136,NHPC,98.22,5543,98.17,1665766,98.27,2115942
2026-08-13 20:27:48.606099,SMALLCAP1,46.93,437,46.88,18585,46.98,19284
2026-08-13 20:27:48.622314,RELIANCE,2871.15,3154,2869.71,2175408,2872.59,1614394
2026-08-13 20:27:48.639793,TCS,3746.65,8256,3744.78,1770919,3748.52,2205913
2026-08-13 20:27:48.655976,INFY,1493.29,7243,1492.54,1236940,1494.04,1897344
2026-08-13 20:27:48.672239,PENNYSTOCK,14.62,9140,14.57,1422551,14.67,1683115
2026-08-13 20:28:03.407553,IDFCFIRSTB,72.62,13040,72.57,2160257,72.67,2401771
2026-08-13 20:28:03.437009,SUZLON,55.69,8640,55.64,2108059,55.74,2431007
2026-08-13 20:28:03.439007,GMRINFRA,86.52,9563,86.47,2034877,86.57,1831807
2026-08-13 20:28:03.455738,SOUTHBANK,33.85,8544,33.8,2011826,33.9,1808413
2026-08-13 20:28:03.472771,IRB,64.44,3141,64.39,1329672,64.49,2434931
2026-08-13 20:28:03.489827,HFCL,123.47,7021,123.41,1743179,123.53,2020089
2026-08-13 20:28:03.508422,NMDC,228.94,8877,228.83,1401922,229.05,2093144
2026-08-13 20:28:03.522350,TATAPOWER,429.23,3928,429.02,1219072,429.44,1161233
2026-08-13 20:28:03.554661,BHEL,306.16,13554,306.01,1454274,306.31,2053512
2026-08-13 20:28:03.569298,HUDCO,197.65,8595,197.55,1833179,197.75,2292214
2026-08-13 20:28:03.572620,PNB,113.41,7920,113.35,1888659,113.47,1450387
2026-08-13 20:28:03.589136,NHPC,98.11,2172,98.06,2494686,98.16,1764163
2026-08-13 20:28:03.606099,SMALLCAP1,46.93,628,46.88,17029,46.98,13937
2026-08-13 20:28:03.622314,RELIANCE,2869.93,12696,2868.5,2174874,2871.36,2042874
2026-08-13 20:28:03.639793,TCS,3748.56,12392,3746.69,1307036,3750.43,1264779
2026-08-13 20:28:03.655976,INFY,1489.88,8063,1489.14,1947905,1490.62,2241255
2026-08-13 20:28:03.672239,PENNYSTOCK,14.59,10551,14.54,1321922,14.64,2393162
2026-08-13 20:28:18.407553,IDFCFIRSTB,72.61,6771,72.56,1777871,72.66,1290959
2026-08-13 20:28:18.437009,SUZLON,55.68,14049,55.63,1378529,55.73,2310813
2026-08-13 20:28:18.439007,GMRINFRA,86.46,13787,86.41,1050151,86.51,2319198
2026-08-13 20:28:18.455738,SOUTHBANK,33.91,10387,33.86,2195604,33.96,1634906
2026-08-13 20:28:18.472771,IRB,64.51,2415,64.46,1593247,64.56,2345765
2026-08-13 20:28:18.489827,HFCL,123.24,3004,123.18,1509691,123.3,1306906
2026-08-13 20:28:18.508422,NMDC,228.65,9772,228.54,2106948,228.76,2211744
2026-08-13 20:28:18.522350,TATAPOWER,429.59,10753,429.38,1114309,429.8,1068792
2026-08-13 20:28:18.554661,BHEL,306.73,14666,306.58,1472903,306.88,1686471
2026-08-13 20:28:18.569298,HUDCO,196.93,9160,196.83,1142374,197.03,2230239
2026-08-13 20:28:18.572620,PNB,113.37,6846,113.31,2166473,113.43,1504647
2026-08-13 20:28:18.589136,NHPC,98.13,2676,98.08,1780661,98.18,1134756
2026-08-13 20:28:18.606099,SMALLCAP1,46.94,578,46.89,24901,46.99,16507
2026-08-13 20:28:18.622314,RELIANCE,2864.99,11215,2863.56,1518823,2866.42,2364701
2026-08-13 20:28:18.639793,TCS,3753.01,2173,3751.13,2325811,3754.89,1146323
2026-08-13 20:28:18.655976,INFY,1487.01,8689,1486.27,1686969,1487.75,1493490
2026-08-13 20:28:18.672239,PENNYSTOCK,14.59,503,14.54,2128269,14.64,2335392
2026-08-13 20:28:33.407553,IDFCFIRSTB,72.68,12558,72.63,1504920,72.73,1972379
2026-08-13 20:28:33.437009,SUZLON,55.56,7367,55.51,2080494,55.61,1561417
2026-08-13 20:28:33.439007,GMRINFRA,86.43,77648,86.38,1353297,86.48,1323300
2026-08-13 20:28:33.455738,SOUTHBANK,33.91,5312,33.86,1998717,33.96,1054171
2026-08-13 20:28:33.472771,IRB,64.36,7831,64.31,1585757,64.41,1520944
2026-08-13 20:28:33.489827,HFCL,123.28,57687,123.22,1107835,123.34,1667199
2026-08-13 20:28:33.508422,NMDC,229.05,14849,228.94,1217256,229.16,1964472
2026-08-13 20:28:33.522350,TATAPOWER,428.89,6754,428.68,1396117,429.1,1148868
2026-08-13 20:28:33.554661,BHEL,306.86,12329,306.71,1722548,307.01,2429393
2026-08-13 20:28:33.569298,HUDCO,197.07,4335,196.97,2357239,197.17,1429258
2026-08-13 20:28:33.572620,PNB,113.05,6702,112.99,2450492,113.11,1282306
2026-08-13 20:28:33.589136,NHPC,98.22,10078,98.17,1728029,98.27,2095332
2026-08-13 20:28:33.606099,SMALLCAP1,46.93,736,46.88,11673,46.98,10117
2026-08-13 20:28:33.622314,RELIANCE,2865.12,7741,2863.69,2240257,2866.55,1602329
2026-08-13 20:28:33.639793,TCS,3747.93,12082,3746.06,2085601,3749.8,1728932
2026-08-13 20:28:33.655976,INFY,1486.27,1952,1485.53,2070062,1487.01,2083741
2026-08-13 20:28:33.672239,PENNYSTOCK,14.59,11338,14.54,1095895,14.64,1549620
2026-08-13 20:28:48.407553,IDFCFIRSTB,72.7,1117,72.65,2211614,72.75,2403205
2026-08-13 20:28:48.437009,SUZLON,55.54,5899,55.49,2110896,55.59,1565970
2026-08-13 20:28:48.439007,GMRINFRA,86.47,13985,86.42,2010245,86.52,1094285
2026-08-13 20:28:48.455738,SOUTHBANK,33.9,8052,33.85,1923221,33.95,1547824
2026-08-13 20:28:48.472771,IRB,64.36,10621,64.31,1394033,64.41,1519033
2026-08-13 20:28:48.489827,HFCL,123.38,2872,123.32,1135472,123.44,1639806
2026-08-13 20:28:48.508422,NMDC,229.76,14643,229.65,2412380,229.87,1074841
2026-08-13 20:28:48.522350,TATAPOWER,428.8,3758,428.59,1678671,429.01,2035522
2026-08-13 20:28:48.554661,BHEL,306.49,115176,306.34,2029810,306.64,2335103
2026-08-13 20:28:48.569298,HUDCO,196.52,13400,196.42,1625324,196.62,1793530
2026-08-13 20:28:48.572620,PNB,113.35,1191,113.29,2365685,113.41,1074741
2026-08-13 20:28:48.589136,NHPC,98.08,12960,98.03,1975869,98.13,1557719
2026-08-13 20:28:48.606099,SMALLCAP1,46.87,646,46.82,18858,46.92,13597
2026-08-13 20:28:48.622314,RELIANCE,2860.49,12658,2859.06,1942011,2861.92,2387929
2026-08-13 20:28:48.639793,TCS,3744.43,727,3742.56,2416645,3746.3,1982878
2026-08-13 20:28:48.655976,INFY,1483.65,59736,1482.91,1598874,1484.39,1365206
2026-08-13 20:28:48.672239,PENNYSTOCK,14.6,4199,14.55,1687825,14.65,1439445
2026-08-13 20:29:03.407553,IDFCFIRSTB,72.59,14054,72.54,1429655,72.64,2313780
2026-08-13 20:29:03.437009,SUZLON,55.52,3066,55.47,1793815,55.57,1526062
2026-08-13 20:29:03.439007,GMRINFRA,86.59,8323,86.54,1847673,86.64,2279846
2026-08-13 20:29:03.455738,SOUTHBANK,33.97,11192,33.92,1535522,34.02,1218753
2026-08-13 20:29:03.472771,IRB,64.42,12055,64.37,1274450,64.47,2041458
2026-08-13 20:29:03.489827,HFCL,123.49,794,123.43,2186867,123.55,2369066
2026-08-13 20:29:03.508422,NMDC,229.58,3598,229.47,1852131,229.69,1336888
2026-08-13 20:29:03.522350,TATAPOWER,428.61,13776,428.4,2134046,428.82,2036437
2026-08-13 20:29:03.554661,BHEL,306.34,11269,306.19,1391887,306.49,1859000
2026-08-13 20:29:03.569298,HUDCO,196.45,6668,196.35,1697892,196.55,1393931
2026-08-13 20:29:03.572620,PNB,113.11,9453,113.05,1866979,113.17,1915016
2026-08-13 20:29:03.589136,NHPC,97.94,11967,97.89,1725613,97.99,1233151
2026-08-13 20:29:03.606099,SMALLCAP1,46.8,717,46.75,16163,46.85,9941
2026-08-13 20:29:03.622314,RELIANCE,2863.46,4219,2862.03,1755583,2864.89,1156563
2026-08-13 20:29:03.639793,TCS,3736.42,2733,3734.55,1135937,3738.29,1817967
2026-08-13 20:29:03.655976,INFY,1483.01,13454,1482.27,2216351,1483.75,1811657
2026-08-13 20:29:03.672239,PENNYSTOCK,14.56,4692,14.51,2473422,14.61,1325083
2026-08-13 20:29:18.407553,IDFCFIRSTB,72.52,2731,72.47,1071561,72.57,2138834
2026-08-13 20:29:18.437009,SUZLON,55.54,3796,55.49,1440626,55.59,1681007
2026-08-13 20:29:18.439007,GMRINFRA,86.66,13094,86.61,2345979,86.71,2313453
2026-08-13 20:29:18.455738,SOUTHBANK,33.95,14383,33.9,2423259,34.0,1643417
2026-08-13 20:29:18.472771,IRB,64.43,1496,64.38,2259273,64.48,1536003
2026-08-13 20:29:18.489827,HFCL,123.71,4067,123.65,2199915,123.77,2074357
2026-08-13 20:29:18.508422,NMDC,230.13,2778,230.01,1138601,230.25,1884215
2026-08-13 20:29:18.522350,TATAPOWER,428.93,3485,428.72,2324426,429.14,2013848
2026-08-13 20:29:18.554661,BHEL,306.02,4378,305.87,1058460,306.17,2474342
2026-08-13 20:29:18.569298,HUDCO,196.63,14115,196.53,2171236,196.73,2430281
2026-08-13 20:29:18.572620,PNB,113.12,11085,113.06,1918310,113.18,1692581
2026-08-13 20:29:18.589136,NHPC,97.67,3370,97.62,1077874,97.72,2476187
2026-08-13 20:29:18.606099,SMALLCAP1,46.69,89,46.64,6997,46.74,23479
2026-08-13 20:29:18.622314,RELIANCE,2865.2,3142,2863.77,2373579,2866.63,1426798
2026-08-13 20:29:18.639793,TCS,3732.35,14946,3730.48,2051635,3734.22,1526160
2026-08-13 20:29:18.655976,INFY,1479.32,7239,1478.58,2150510,1480.06,1349928
2026-08-13 20:29:18.672239,PENNYSTOCK,14.57,86900,14.52,1518408,14.62,2482277
2026-08-13 20:29:33.407553,IDFCFIRSTB,72.52,8717,72.47,2187962,72.57,2303409
2026-08-13 20:29:33.437009,SUZLON,55.43,4766,55.38,1566170,55.48,1915243
2026-08-13 20:29:33.439007,GMRINFRA,86.84,12214,86.79,1674859,86.89,2395199
2026-08-13 20:29:33.455738,SOUTHBANK,33.91,7951,33.86,1878028,33.96,1859513
2026-08-13 20:29:33.472771,IRB,64.39,936,64.34,2323202,64.44,2042782
2026-08-13 20:29:33.489827,HFCL,123.64,10280,123.58,2166595,123.7,2421923
2026-08-13 20:29:33.508422,NMDC,230.59,5041,230.47,2323069,230.71,1363658
2026-08-13 20:29:33.522350,TATAPOWER,430.11,3311,429.89,2367132,430.33,1288284
2026-08-13 20:29:33.554661,BHEL,305.78,3660,305.63,2162367,305.93,1613603
2026-08-13 20:29:33.569298,HUDCO,196.59,5752,196.49,1602225,196.69,1852106
2026-08-13 20:29:33.572620,PNB,113.25,14115,113.19,2279379,113.31,2055687
2026-08-13 20:29:33.589136,NHPC,97.34,7435,97.29,2481648,97.39,1557446
2026-08-13 20:29:33.606099,SMALLCAP1,46.65,2772,46.6,18579,46.7,24961
2026-08-13 20:29:33.622314,RELIANCE,2872.81,7353,2871.37,2411810,2874.25,2461043
2026-08-13 20:29:33.639793,TCS,3733.67,5609,3731.8,2104077,3735.54,1922308
2026-08-13 20:29:33.655976,INFY,1478.79,14820,1478.05,1570794,1479.53,1492065
2026-08-13 20:29:33.672239,PENNYSTOCK,14.55,2260,14.5,2228970,14.6,2107538
2026-08-13 20:29:48.407553,IDFCFIRSTB,72.61,5339,72.56,1113714,72.66,1070428
2026-08-13 20:29:48.437009,SUZLON,55.53,12780,55.48,2491507,55.58,1703699
2026-08-13 20:29:48.439007,GMRINFRA,86.87,14407,86.82,1366091,86.92,1389400
2026-08-13 20:29:48.455738,SOUTHBANK,33.95,12926,33.9,2203466,34.0,1625099
2026-08-13 20:29:48.472771,IRB,64.35,5338,64.3,2474691,64.4,1076563
2026-08-13 20:29:48.489827,HFCL,123.52,13038,123.46,1177326,123.58,1569625
2026-08-13 20:29:48.508422,NMDC,230.42,119910,230.3,1145211,230.54,2089160
2026-08-13 20:29:48.522350,TATAPOWER,429.78,126765,429.57,2271095,429.99,1371771
2026-08-13 20:29:48.554661,BHEL,306.76,3228,306.61,1780040,306.91,1214818
2026-08-13 20:29:48.569298,HUDCO,196.42,1166,196.32,1138863,196.52,2333431
2026-08-13 20:29:48.572620,PNB,113.04,10887,112.98,1760356,113.1,1394541
2026-08-13 20:29:48.589136,NHPC,97.41,1413,97.36,2192973,97.46,2081685
2026-08-13 20:29:48.606099,SMALLCAP1,46.69,854,46.64,7767,46.74,6598
2026-08-13 20:29:48.622314,RELIANCE,2868.67,9131,2867.24,1967382,2870.1,1691785
2026-08-13 20:29:48.639793,TCS,3735.08,2871,3733.21,2200247,3736.95,1820155
2026-08-13 20:29:48.655976,INFY,1479.19,546,1478.45,1763538,1479.93,2228779
2026-08-13 20:29:48.672239,PENNYSTOCK,14.54,5929,14.49,2423867,14.59,2228285
2026-08-13 20:30:03.407553,IDFCFIRSTB,72.8,7960,72.75,1205531,72.85,1569222
2026-08-13 20:30:03.437009,SUZLON,55.49,9203,55.44,1759614,55.54,2028395
2026-08-13 20:30:03.439007,GMRINFRA,86.69,10282,86.64,2422299,86.74,1671343
2026-08-13 20:30:03.455738,SOUTHBANK,33.93,12446,33.88,1689730,33.98,1997139
2026-08-13 20:30:03.472771,IRB,64.36,5086,64.31,1622949,64.41,2136744
2026-08-13 20:30:03.489827,HFCL,123.66,3191,123.6,2026508,123.72,1717382
2026-08-13 20:30:03.508422,NMDC,230.49,11812,230.37,1592057,230.61,1542386
2026-08-13 20:30:03.522350,TATAPOWER,429.42,5862,429.21,1343497,429.63,2246139
2026-08-13 20:30:03.554661,BHEL,306.73,5835,306.58,1261415,306.88,2332840
2026-08-13 20:30:03.569298,HUDCO,196.49,8816,196.39,1374371,196.59,2283369
2026-08-13 20:30:03.572620,PNB,113.15,8509,113.09,1187327,113.21,2190157
2026-08-13 20:30:03.589136,NHPC,97.64,4765,97.59,1257859,97.69,1755956
2026-08-13 20:30:03.606099,SMALLCAP1,46.67,846,46.62,21956,46.72,12544
2026-08-13 20:30:03.622314,RELIANCE,2872.97,171972,2871.53,1766238,2874.41,1531164
2026-08-13 20:30:03.639793,TCS,3735.17,10837,3733.3,1719303,3737.04,1831348
2026-08-13 20:30:03.655976,INFY,1478.16,6792,1477.42,1686027,1478.9,1387764
2026-08-13 20:30:03.672239,PENNYSTOCK,14.54,6302,14.49,1446642,14.59,1242963
2026-08-13 20:30:18.407553,IDFCFIRSTB,72.95,11067,72.9,2058266,73.0,2445386
2026-08-13 20:30:18.437009,SUZLON,55.54,11746,55.49,2372631,55.59,1819041
2026-08-13 20:30:18.439007,GMRINFRA,86.7,11416,86.65,2346829,86.75,1907367
2026-08-13 20:30:18.455738,SOUTHBANK,33.9,14024,33.85,2252480,33.95,2391806
2026-08-13 20:30:18.472771,IRB,64.42,3366,64.37,2440892,64.47,1293743
2026-08-13 20:30:18.489827,HFCL,123.9,3621,123.84,1284321,123.96,1166393
2026-08-13 20:30:18.508422,NMDC,230.79,10356,230.67,1887441,230.91,2272131
2026-08-13 20:30:18.522350,TATAPOWER,429.64,6164,429.43,1214901,429.85,2214330
2026-08-13 20:30:18.554661,BHEL,306.86,6419,306.71,2150083,307.01,2311823
2026-08-13 20:30:18.569298,HUDCO,196.88,2782,196.78,2182008,196.98,2328945
2026-08-13 20:30:18.572620,PNB,113.64,14300,113.58,1937307,113.7,1165914
2026-08-13 20:30:18.589136,NHPC,97.57,7244,97.52,1400424,97.62,2293574
2026-08-13 20:30:18.606099,SMALLCAP1,46.63,528,46.58,24398,46.68,10273
2026-08-13 20:30:18.622314,RELIANCE,2878.15,645,2876.71,1593682,2879.59,2383035
2026-08-13 20:30:18.639793,TCS,3733.11,4853,3731.24,2428754,3734.98,2287309
2026-08-13 20:30:18.655976,INFY,1476.51,8941,1475.77,1454168,1477.25,2273230
2026-08-13 20:30:18.672239,PENNYSTOCK,14.55,10559,14.5,1998037,14.6,1179515
2026-08-13 20:30:33.407553,IDFCFIRSTB,72.76,9180,72.71,2157893,72.81,1912077
2026-08-13 20:30:33.437009,SUZLON,55.43,7888,55.38,1179799,55.48,1255980
2026-08-13 20:30:33.439007,GMRINFRA,86.91,10128,86.86,1590771,86.96,2006762
2026-08-13 20:30:33.455738,SOUTHBANK,33.92,93357,33.87,1673523,33.97,1054677
2026-08-13 20:30:33.472771,IRB,64.42,12697,64.37,2077340,64.47,2366985
2026-08-13 20:30:33.489827,HFCL,123.88,3860,123.82,1778538,123.94,1466910
2026-08-13 20:30:33.508422,NMDC,230.19,5991,230.07,2009330,230.31,1428256
2026-08-13 20:30:33.522350,TATAPOWER,429.31,6159,429.1,1135083,429.52,1949717
2026-08-13 20:30:33.554661,BHEL,307.1,792,306.95,2332123,307.25,2071377
2026-08-13 20:30:33.569298,HUDCO,196.85,2179,196.75,2126526,196.95,2221614
2026-08-13 20:30:33.572620,PNB,113.33,9543,113.27,1056897,113.39,1854462
2026-08-13 20:30:33.589136,NHPC,97.76,2620,97.71,1498042,97.81,1246569
2026-08-13 20:30:33.606099,SMALLCAP1,46.69,626,46.64,12589,46.74,16923
2026-08-13 20:30:33.622314,RELIANCE,2878.84,5154,2877.4,1572496,2880.28,2039718
2026-08-13 20:30:33.639793,TCS,3729.88,4971,3728.02,2293834,3731.74,1204279
2026-08-13 20:30:33.655976,INFY,1481.64,11420,1480.9,1196412,1482.38,1969255
2026-08-13 20:30:33.672239,PENNYSTOCK,14.58,10214,14.53,1439487,14.63,2313162
2026-08-13 20:30:48.407553,IDFCFIRSTB,72.67,10553,72.62,1332970,72.72,1802013
2026-08-13 20:30:48.437009,SUZLON,55.38,2456,55.33,1650962,55.43,1663777
2026-08-13 20:30:48.439007,GMRINFRA,86.92,6123,86.87,2261015,86.97,1892661
2026-08-13 20:30:48.455738,SOUTHBANK,33.85,13003,33.8,1864680,33.9,2402905
2026-08-13 20:30:48.472771,IRB,64.27,777,64.22,1982467,64.32,2394793
2026-08-13 20:30:48.489827,HFCL,123.66,2394,123.6,2267717,123.72,2344090
2026-08-13 20:30:48.508422,NMDC,230.29,11647,230.17,1277467,230.41,2034334
2026-08-13 20:30:48.522350,TATAPOWER,428.77,8187,428.56,1279280,428.98,1380494
2026-08-13 20:30:48.554661,BHEL,307.22,11832,307.07,2465615,307.37,1401248
2026-08-13 20:30:48.569298,HUDCO,196.76,10987,196.66,1206376,196.86,1437195
2026-08-13 20:30:48.572620,PNB,113.28,554,113.22,2374603,113.34,1432950
2026-08-13 20:30:48.589136,NHPC,97.82,6850,97.77,2187378,97.87,1842098
2026-08-13 20:30:48.606099,SMALLCAP1,46.7,408,46.65,24561,46.75,11832
2026-08-13 20:30:48.622314,RELIANCE,2880.67,8856,2879.23,1799878,2882.11,2274463
2026-08-13 20:30:48.639793,TCS,3729.59,5316,3727.73,2025689,3731.45,1094907
2026-08-13 20:30:48.655976,INFY,1481.62,13625,1480.88,1400125,1482.36,2487312
2026-08-13 20:30:48.672239,PENNYSTOCK,14.59,9999,14.54,2496147,14.64,1362840
2026-08-13 20:31:03.407553,IDFCFIRSTB,72.6,4400,72.55,2413963,72.65,2183470
2026-08-13 20:31:03.437009,SUZLON,55.28,507,55.23,2114571,55.33,1277643
2026-08-13 20:31:03.439007,GMRINFRA,86.97,5474,86.92,2297016,87.02,2034372
2026-08-13 20:31:03.455738,SOUTHBANK,33.87,7174,33.82,1793094,33.92,1571427
2026-08-13 20:31:03.472771,IRB,64.19,845,64.14,1157069,64.24,1547113
2026-08-13 20:31:03.489827,HFCL,123.87,12313,123.81,1139949,123.93,1774680
2026-08-13 20:31:03.508422,NMDC,230.16,3726,230.04,1150714,230.28,2400546
2026-08-13 20:31:03.522350,TATAPOWER,428.59,1150,428.38,2010740,428.8,2174553
2026-08-13 20:31:03.554661,BHEL,308.0,3742,307.85,1718032,308.15,2292015
2026-08-13 20:31:03.569298,HUDCO,196.69,10307,196.59,1389563,196.79,2144820
2026-08-13 20:31:03.572620,PNB,113.29,4933,113.23,1332192,113.35,1456079
2026-08-13 20:31:03.589136,NHPC,97.78,10700,97.73,1974052,97.83,1268142
2026-08-13 20:31:03.606099,SMALLCAP1,46.7,882,46.65,12914,46.75,17099
2026-08-13 20:31:03.622314,RELIANCE,2882.11,49680,2880.67,1343869,2883.55,1423470
2026-08-13 20:31:03.639793,TCS,3729.18,14574,3727.32,1378348,3731.04,1399714
2026-08-13 20:31:03.655976,INFY,1481.49,4826,1480.75,1470685,1482.23,1950195
2026-08-13 20:31:03.672239,PENNYSTOCK,14.59,24900,14.54,1827560,14.64,1584607
2026-08-13 20:31:18.407553,IDFCFIRSTB,72.61,7984,72.56,1448930,72.66,2280620
2026-08-13 20:31:18.437009,SUZLON,55.22,1458,55.17,2221377,55.27,1808391
2026-08-13 20:31:18.439007,GMRINFRA,86.84,13156,86.79,1308719,86.89,2099212
2026-08-13 20:31:18.455738,SOUTHBANK,33.94,3532,33.89,1929771,33.99,1610334
2026-08-13 20:31:18.472771,IRB,64.02,10430,63.97,1260461,64.07,2392836
2026-08-13 20:31:18.489827,HFCL,123.88,5361,123.82,1382792,123.94,1325541
2026-08-13 20:31:18.508422,NMDC,230.07,541,229.95,2367842,230.19,1506566
2026-08-13 20:31:18.522350,TATAPOWER,428.81,5091,428.6,2132348,429.02,2160719
2026-08-13 20:31:18.554661,BHEL,308.16,13468,308.01,1536278,308.31,1322808
2026-08-13 20:31:18.569298,HUDCO,196.14,12477,196.04,1104493,196.24,2335068
2026-08-13 20:31:18.572620,PNB,113.13,5357,113.07,2301926,113.19,1143565
2026-08-13 20:31:18.589136,NHPC,97.81,6379,97.76,2278794,97.86,1787586
2026-08-13 20:31:18.606099,SMALLCAP1,46.73,256,46.68,9305,46.78,8311
2026-08-13 20:31:18.622314,RELIANCE,2882.18,95776,2880.74,2000456,2883.62,2200128
2026-08-13 20:31:18.639793,TCS,3737.92,3198,3736.05,2251203,3739.79,2208636
2026-08-13 20:31:18.655976,INFY,1482.6,14378,1481.86,1360313,1483.34,1535542
2026-08-13 20:31:18.672239,PENNYSTOCK,14.61,1288,14.56,1917382,14.66,1956594
2026-08-13 20:31:33.407553,IDFCFIRSTB,72.69,7296,72.64,1652976,72.74,1792835
2026-08-13 20:31:33.437009,SUZLON,55.14,10508,55.09,2127216,55.19,2474533
2026-08-13 20:31:33.439007,GMRINFRA,87.01,10432,86.96,2328765,87.06,2405987
2026-08-13 20:31:33.455738,SOUTHBANK,33.97,10392,33.92,2242888,34.02,1184347
2026-08-13 20:31:33.472771,IRB,64.05,12277,64.0,2246139,64.1,1372857
2026-08-13 20:31:33.489827,HFCL,124.07,13628,124.01,1400332,124.13,1629479
2026-08-13 20:31:33.508422,NMDC,229.96,13365,229.85,2376444,230.07,2219554
2026-08-13 20:31:33.522350,TATAPOWER,428.74,7768,428.53,2219100,428.95,2308847
2026-08-13 20:31:33.554661,BHEL,308.2,8351,308.05,1157634,308.35,2456203
2026-08-13 20:31:33.569298,HUDCO,195.47,10964,195.37,1636419,195.57,1993946
2026-08-13 20:31:33.572620,PNB,113.06,46105,113.0,1476100,113.12,1507624
2026-08-13 20:31:33.589136,NHPC,97.97,2875,97.92,1365073,98.02,1259168
2026-08-13 20:31:33.606099,SMALLCAP1,46.71,649,46.66,22630,46.76,12275
2026-08-13 20:31:33.622314,RELIANCE,2884.56,11289,2883.12,2264026,2886.0,1487701
2026-08-13 20:31:33.639793,TCS,3730.25,2468,3728.38,1687419,3732.12,1217499
2026-08-13 20:31:33.655976,INFY,1484.83,12890,1484.09,2130172,1485.57,1056149
2026-08-13 20:31:33.672239,PENNYSTOCK,14.66,22099,14.61,1464009,14.71,1340327
2026-08-13 20:31:48.407553,IDFCFIRSTB,72.72,13367,72.67,1408812,72.77,2361615
2026-08-13 20:31:48.437009,SUZLON,55.19,3668,55.14,1569897,55.24,1826375
2026-08-13 20:31:48.439007,GMRINFRA,87.14,11180,87.09,1552815,87.19,1446279
2026-08-13 20:31:48.455738,SOUTHBANK,34.0,14728,33.95,2480803,34.05,1600002
2026-08-13 20:31:48.472771,IRB,63.94,9131,63.89,1398960,63.99,2485716
2026-08-13 20:31:48.489827,HFCL,123.66,14505,123.6,1480489,123.72,1315185
2026-08-13 20:31:48.508422,NMDC,229.36,13589,229.25,1838124,229.47,1302902
2026-08-13 20:31:48.522350,TATAPOWER,428.95,11659,428.74,2247964,429.16,2365038
2026-08-13 20:31:48.554661,BHEL,308.81,5901,308.66,2408817,308.96,1735188
2026-08-13 20:31:48.569298,HUDCO,195.44,8185,195.34,1231713,195.54,1299380
2026-08-13 20:31:48.572620,PNB,113.09,4193,113.03,1139434,113.15,1977349
2026-08-13 20:31:48.589136,NHPC,98.21,6455,98.16,1344878,98.26,2115026
2026-08-13 20:31:48.606099,SMALLCAP1,46.65,507,46.6,17968,46.7,5825
2026-08-13 20:31:48.622314,RELIANCE,2883.79,6506,2882.35,1233836,2885.23,1525503
2026-08-13 20:31:48.639793,TCS,3726.55,1639,3724.69,1516359,3728.41,1727706
2026-08-13 20:31:48.655976,INFY,1483.5,549,1482.76,2355550,1484.24,1982874
2026-08-13 20:31:48.672239,PENNYSTOCK,14.68,5858,14.63,1062544,14.73,1735528
2026-08-13 20:32:03.407553,IDFCFIRSTB,72.65,11512,72.6,2208539,72.7,2034054
2026-08-13 20:32:03.437009,SUZLON,55.23,2075,55.18,2214284,55.28,2262345
2026-08-13 20:32:03.439007,GMRINFRA,86.99,2980,86.94,2309339,87.04,1558311
2026-08-13 20:32:03.455738,SOUTHBANK,34.01,1264,33.96,1486674,34.06,1807630
2026-08-13 20:32:03.472771,IRB,63.86,6057,63.81,1119689,63.91,2208181
2026-08-13 20:32:03.489827,HFCL,123.87,6269,123.81,1719624,123.93,1386149
2026-08-13 20:32:03.508422,NMDC,228.94,7178,228.83,1056657,229.05,2126726
2026-08-13 20:32:03.522350,TATAPOWER,429.74,10992,429.53,1871628,429.95,1118969
2026-08-13 20:32:03.554661,BHEL,309.55,1431,309.4,1751097,309.7,1071165
2026-08-13 20:32:03.569298,HUDCO,194.99,6009,194.89,1410569,195.09,2069327
2026-08-13 20:32:03.572620,PNB,113.51,8165,113.45,2107269,113.57,1353036
2026-08-13 20:32:03.589136,NHPC,98.2,14231,98.15,1802659,98.25,1465028
2026-08-13 20:32:03.606099,SMALLCAP1,46.61,763,46.56,10296,46.66,22824
2026-08-13 20:32:03.622314,RELIANCE,2881.47,8370,2880.03,1921957,2882.91,1962859
2026-08-13 20:32:03.639793,TCS,3731.83,12520,3729.96,1820832,3733.7,1053789
2026-08-13 20:32:03.655976,INFY,1490.19,11085,1489.44,1593577,1490.94,1143792
2026-08-13 20:32:03.672239,PENNYSTOCK,14.63,14463,14.58,1748980,14.68,1666746
2026-08-13 20:32:18.407553,IDFCFIRSTB,72.81,4846,72.76,1645438,72.86,1463753
2026-08-13 20:32:18.437009,SUZLON,55.3,9062,55.25,1810703,55.35,2171845
2026-08-13 20:32:18.439007,GMRINFRA,87.03,2612,86.98,2266311,87.08,1477341
2026-08-13 20:32:18.455738,SOUTHBANK,33.98,143640,33.93,1300711,34.03,1326994
2026-08-13 20:32:18.472771,IRB,63.79,16401,63.74,2337270,63.84,2222696
2026-08-13 20:32:18.489827,HFCL,123.97,12175,123.91,1382729,124.03,2496032
2026-08-13 20:32:18.508422,NMDC,229.09,8523,228.98,1243634,229.2,1931792
2026-08-13 20:32:18.522350,TATAPOWER,430.13,5820,429.91,1238715,430.35,1901214
2026-08-13 20:32:18.554661,BHEL,309.93,1213,309.78,1231037,310.08,1994699
2026-08-13 20:32:18.569298,HUDCO,195.32,3779,195.22,1830270,195.42,1135765
2026-08-13 20:32:18.572620,PNB,113.53,3778,113.47,1888801,113.59,2297197
2026-08-13 20:32:18.589136,NHPC,98.23,9231,98.18,1090671,98.28,1914800
2026-08-13 20:32:18.606099,SMALLCAP1,46.57,688,46.52,24371,46.62,24637
2026-08-13 20:32:18.622314,RELIANCE,2877.18,4082,2875.74,1952843,2878.62,2150647
2026-08-13 20:32:18.639793,TCS,3743.91,4957,3742.04,1637708,3745.78,1315541
2026-08-13 20:32:18.655976,INFY,1492.83,10108,1492.08,1608863,1493.58,1631864
2026-08-13 20:32:18.672239,PENNYSTOCK,14.62,7953,14.57,1388324,14.67,1380858
2026-08-13 20:32:33.407553,IDFCFIRSTB,72.78,11033,72.73,2299113,72.83,2488378
2026-08-13 20:32:33.437009,SUZLON,55.37,6784,55.32,1974071,55.42,2007649
2026-08-13 20:32:33.439007,GMRINFRA,87.13,11589,87.08,1675850,87.18,2019034
2026-08-13 20:32:33.455738,SOUTHBANK,33.93,6900,33.88,1094680,33.98,2295530
2026-08-13 20:32:33.472771,IRB,63.83,5077,63.78,1143924,63.88,1453300
2026-08-13 20:32:33.489827,HFCL,124.11,12874,124.05,2349704,124.17,1928340
2026-08-13 20:32:33.508422,NMDC,229.11,4008,229.0,1826639,229.22,1569424
2026-08-13 20:32:33.522350,TATAPOWER,429.5,7424,429.29,2257780,429.71,1161040
2026-08-13 20:32:33.554661,BHEL,309.42,14455,309.27,2036582,309.57,2164400
2026-08-13 20:32:33.569298,HUDCO,194.77,9484,194.67,1114696,194.87,2144932
2026-08-13 20:32:33.572620,PNB,113.83,35580,113.77,1513705,113.89,1333560
2026-08-13 20:32:33.589136,NHPC,97.98,14360,97.93,1145320,98.03,1904557
2026-08-13 20:32:33.606099,SMALLCAP1,46.64,940,46.59,6353,46.69,16743
2026-08-13 20:32:33.622314,RELIANCE,2874.21,10431,2872.77,1337828,2875.65,2461352
2026-08-13 20:32:33.639793,TCS,3735.8,6221,3733.93,1562770,3737.67,2127448
2026-08-13 20:32:33.655976,INFY,1498.64,4306,1497.89,1418214,1499.39,2028131
2026-08-13 20:32:33.672239,PENNYSTOCK,14.57,6828,14.52,1478915,14.62,1629237
2026-08-13 20:32:48.407553,IDFCFIRSTB,72.61,3376,72.56,1422472,72.66,1479625
2026-08-13 20:32:48.437009,SUZLON,55.42,9917,55.37,1465949,55.47,2181134
2026-08-13 20:32:48.439007,GMRINFRA,87.16,11696,87.11,1737979,87.21,1883554
2026-08-13 20:32:48.455738,SOUTHBANK,33.96,7714,33.91,1817073,34.01,1705344
2026-08-13 20:32:48.472771,IRB,64.08,1551,64.03,1294910,64.13,2087941
2026-08-13 20:32:48.489827,HFCL,123.89,2899,123.83,1903797,123.95,1380186
2026-08-13 20:32:48.508422,NMDC,229.07,7015,228.96,1169155,229.18,2160247
2026-08-13 20:32:48.522350,TATAPOWER,430.45,8548,430.23,1377817,430.67,1851220
2026-08-13 20:32:48.554661,BHEL,308.92,12843,308.77,2174061,309.07,1538610
2026-08-13 20:32:48.569298,HUDCO,194.74,9875,194.64,2159053,194.84,1056959
2026-08-13 20:32:48.572620,PNB,113.78,9750,113.72,1344331,113.84,2078614
2026-08-13 20:32:48.589136,NHPC,97.76,2905,97.71,1067026,97.81,1420436
2026-08-13 20:32:48.606099,SMALLCAP1,46.62,283,46.57,24243,46.67,13516
2026-08-13 20:32:48.622314,RELIANCE,2877.05,9334,2875.61,1688074,2878.49,2430685
2026-08-13 20:32:48.639793,TCS,3733.34,11226,3731.47,1224035,3735.21,2235331
2026-08-13 20:32:48.655976,INFY,1496.54,14442,1495.79,1889677,1497.29,2021869
2026-08-13 20:32:48.672239,PENNYSTOCK,14.6,7181,14.55,1247152,14.65,2462472
2026-08-13 20:33:03.407553,IDFCFIRSTB,72.65,8613,72.6,1931790,72.7,1754012
2026-08-13 20:33:03.437009,SUZLON,55.45,2216,55.4,1248859,55.5,1191190
2026-08-13 20:33:03.439007,GMRINFRA,87.17,1327,87.12,1485315,87.22,1518738
2026-08-13 20:33:03.455738,SOUTHBANK,33.94,11822,33.89,1225693,33.99,1684192
2026-08-13 20:33:03.472771,IRB,63.95,6013,63.9,2120295,64.0,1597551
2026-08-13 20:33:03.489827,HFCL,123.84,6393,123.78,1278463,123.9,1200931
2026-08-13 20:33:03.508422,NMDC,228.73,11601,228.62,2024797,228.84,1675820
2026-08-13 20:33:03.522350,TATAPOWER,430.56,9121,430.34,1680851,430.78,1603943
2026-08-13 20:33:03.554661,BHEL,310.34,1565,310.18,1799425,310.5,1304016
2026-08-13 20:33:03.569298,HUDCO,194.69,14617,194.59,1941890,194.79,1971733
2026-08-13 20:33:03.572620,PNB,113.99,1850,113.93,2398479,114.05,1881128
2026-08-13 20:33:03.589136,NHPC,98.03,4180,97.98,2352312,98.08,2105380
2026-08-13 20:33:03.606099,SMALLCAP1,46.57,72,46.52,10952,46.62,10654
2026-08-13 20:33:03.622314,RELIANCE,2872.67,2960,2871.23,1726355,2874.11,1846854
2026-08-13 20:33:03.639793,TCS,3723.8,5286,3721.94,1814389,3725.66,2242839
2026-08-13 20:33:03.655976,INFY,1494.52,71792,1493.77,2265927,1495.27,2345171
2026-08-13 20:33:03.672239,PENNYSTOCK,14.57,3478,14.52,2210600,14.62,1396862
2026-08-13 20:33:18.407553,IDFCFIRSTB,72.56,41050,72.51,1569144,72.61,1290319
2026-08-13 20:33:18.437009,SUZLON,55.46,9803,55.41,1322267,55.51,1209744
2026-08-13 20:33:18.439007,GMRINFRA,87.26,13755,87.21,2036927,87.31,1075053
2026-08-13 20:33:18.455738,SOUTHBANK,34.03,12562,33.98,1583352,34.08,2198751
2026-08-13 20:33:18.472771,IRB,64.09,7198,64.04,1865012,64.14,1519345
2026-08-13 20:33:18.489827,HFCL,123.93,14622,123.87,2007905,123.99,2288301
2026-08-13 20:33:18.508422,NMDC,228.71,6240,228.6,2410626,228.82,2457321
2026-08-13 20:33:18.522350,TATAPOWER,430.64,12470,430.42,1353805,430.86,1997124
2026-08-13 20:33:18.554661,BHEL,310.55,2527,310.39,2038722,310.71,1908388
2026-08-13 20:33:18.569298,HUDCO,194.89,73644,194.79,2315383,194.99,1094943
2026-08-13 20:33:18.572620,PNB,113.97,3266,113.91,1451536,114.03,2424133
2026-08-13 20:33:18.589136,NHPC,98.01,1949,97.96,1686037,98.06,1051923
2026-08-13 20:33:18.606099,SMALLCAP1,46.47,905,46.42,22950,46.52,13654
2026-08-13 20:33:18.622314,RELIANCE,2875.49,13368,2874.05,2207575,2876.93,1285561
2026-08-13 20:33:18.639793,TCS,3723.95,7730,3722.09,1623143,3725.81,1850878
2026-08-13 20:33:18.655976,INFY,1492.47,1034,1491.72,2008660,1493.22,2099714
2026-08-13 20:33:18.672239,PENNYSTOCK,14.53,8681,14.48,2165167,14.58,1443523
2026-08-13 20:33:33.407553,IDFCFIRSTB,72.54,2371,72.49,2395039,72.59,1872677
2026-08-13 20:33:33.437009,SUZLON,55.41,4234,55.36,2406662,55.46,2377318
2026-08-13 20:33:33.439007,GMRINFRA,87.18,5912,87.13,1606639,87.23,2481277
2026-08-13 20:33:33.455738,SOUTHBANK,34.0,3264,33.95,1811055,34.05,1771786
2026-08-13 20:33:33.472771,IRB,64.16,7952,64.11,2185446,64.21,1551833
2026-08-13 20:33:33.489827,HFCL,123.94,14832,123.88,1362087,124.0,1128572
2026-08-13 20:33:33.508422,NMDC,228.0,7581,227.89,1329928,228.11,1800626
2026-08-13 20:33:33.522350,TATAPOWER,430.55,121902,430.33,2298277,430.77,1811967
2026-08-13 20:33:33.554661,BHEL,309.8,7233,309.65,1292678,309.95,1773515
2026-08-13 20:33:33.569298,HUDCO,195.46,1154,195.36,2116435,195.56,1802978
2026-08-13 20:33:33.572620,PNB,113.72,6080,113.66,2168967,113.78,2370031
2026-08-13 20:33:33.589136,NHPC,97.84,11660,97.79,2461876,97.89,1803323
2026-08-13 20:33:33.606099,SMALLCAP1,46.54,10428,46.49,19282,46.59,23380
2026-08-13 20:33:33.622314,RELIANCE,2882.9,5849,2881.46,1953894,2884.34,2130292
2026-08-13 20:33:33.639793,TCS,3728.33,13843,3726.47,1275150,3730.19,1472437
2026-08-13 20:33:33.655976,INFY,1495.98,11990,1495.23,2019922,1496.73,1565195
2026-08-13 20:33:33.672239,PENNYSTOCK,14.51,704,14.46,1205540,14.56,2493865
2026-08-13 20:33:48.407553,IDFCFIRSTB,72.66,14714,72.61,2269025,72.71,1716574
2026-08-13 20:33:48.437009,SUZLON,55.39,7913,55.34,1457875,55.44,1709601
2026-08-13 20:33:48.439007,GMRINFRA,87.23,10640,87.18,1227003,87.28,1390059
2026-08-13 20:33:48.455738,SOUTHBANK,33.99,7929,33.94,1132554,34.04,1344052
2026-08-13 20:33:48.472771,IRB,64.04,8153,63.99,1544064,64.09,1487390
2026-08-13 20:33:48.489827,HFCL,124.0,3419,123.94,1838452,124.06,1207899
2026-08-13 20:33:48.508422,NMDC,228.03,792,227.92,1933720,228.14,2411416
2026-08-13 20:33:48.522350,TATAPOWER,430.53,6533,430.31,2173292,430.75,1928246
2026-08-13 20:33:48.554661,BHEL,309.96,4894,309.81,1116073,310.11,1488044
2026-08-13 20:33:48.569298,HUDCO,195.13,5041,195.03,2206548,195.23,2447941
2026-08-13 20:33:48.572620,PNB,113.69,9944,113.63,2123090,113.75,2187617
2026-08-13 20:33:48.589136,NHPC,97.7,12193,97.65,1696368,97.75,1181043
2026-08-13 20:33:48.606099,SMALLCAP1,46.64,896,46.59,16076,46.69,13987
2026-08-13 20:33:48.622314,RELIANCE,2880.24,14551,2878.8,1669659,2881.68,2081649
2026-08-13 20:33:48.639793,TCS,3731.3,5786,3729.43,1951459,3733.17,1393736
2026-08-13 20:33:48.655976,INFY,1497.4,5244,1496.65,1788428,1498.15,1100398
2026-08-13 20:33:48.672239,PENNYSTOCK,14.52,5602,14.47,1437969,14.57,1305420
2026-08-13 20:34:03.407553,IDFCFIRSTB,72.75,10194,72.7,1940271,72.8,1265225
2026-08-13 20:34:03.437009,SUZLON,55.35,1847,55.3,2119959,55.4,2292674
2026-08-13 20:34:03.439007,GMRINFRA,87.33,5520,87.28,2348301,87.38,1162807
2026-08-13 20:34:03.455738,SOUTHBANK,34.01,53312,33.96,1069434,34.06,1641141
2026-08-13 20:34:03.472771,IRB,64.11,10288,64.06,1851570,64.16,2122134
2026-08-13 20:34:03.489827,HFCL,123.31,14183,123.25,2097824,123.37,2140358
2026-08-13 20:34:03.508422,NMDC,227.89,10874,227.78,2235060,228.0,1057262
2026-08-13 20:34:03.522350,TATAPOWER,430.56,7154,430.34,1744252,430.78,2391211
2026-08-13 20:34:03.554661,BHEL,309.98,2088,309.83,2037888,310.13,1981675
2026-08-13 20:34:03.569298,HUDCO,195.37,1211,195.27,2180106,195.47,1434621
2026-08-13 20:34:03.572620,PNB,113.62,9734,113.56,1151804,113.68,1318244
2026-08-13 20:34:03.589136,NHPC,97.83,4766,97.78,2071741,97.88,1385707
2026-08-13 20:34:03.606099,SMALLCAP1,46.59,744,46.54,7295,46.64,21022
2026-08-13 20:34:03.622314,RELIANCE,2877.48,9244,2876.04,2231163,2878.92,2226732
2026-08-13 20:34:03.639793,TCS,3727.03,5393,3725.17,2460126,3728.89,1154507
2026-08-13 20:34:03.655976,INFY,1498.29,7386,1497.54,2459299,1499.04,1522771
2026-08-13 20:34:03.672239,PENNYSTOCK,14.54,9365,14.49,1709627,14.59,2028100
2026-08-13 20:34:18.407553,IDFCFIRSTB,72.82,663,72.77,1895154,72.87,1443755
2026-08-13 20:34:18.437009,SUZLON,55.36,710,55.31,2146871,55.41,1111922
2026-08-13 20:34:18.439007,GMRINFRA,87.19,12975,87.14,2415886,87.24,2258561
2026-08-13 20:34:18.455738,SOUTHBANK,34.0,5344,33.95,2313171,34.05,1111117
2026-08-13 20:34:18.472771,IRB,64.15,2903,64.1,1583747,64.2,1669487
2026-08-13 20:34:18.489827,HFCL,123.16,14110,123.1,2073505,123.22,1430870
2026-08-13 20:34:18.508422,NMDC,227.96,11302,227.85,2201020,228.07,1869688
2026-08-13 20:34:18.522350,TATAPOWER,430.92,2928,430.7,1522578,431.14,1715963
2026-08-13 20:34:18.554661,BHEL,309.93,6698,309.78,1710281,310.08,1253167
2026-08-13 20:34:18.569298,HUDCO,195.29,9390,195.19,2298808,195.39,1633881
2026-08-13 20:34:18.572620,PNB,113.57,7778,113.51,1988038,113.63,2056543
2026-08-13 20:34:18.589136,NHPC,97.95,547,97.9,1357875,98.0,1186414
2026-08-13 20:34:18.606099,SMALLCAP1,46.49,116,46.44,7118,46.54,19244
2026-08-13 20:34:18.622314,RELIANCE,2872.45,6641,2871.01,2339093,2873.89,2032277
2026-08-13 20:34:18.639793,TCS,3725.08,1219,3723.22,1449403,3726.94,1662595
2026-08-13 20:34:18.655976,INFY,1494.19,10305,1493.44,1519260,1494.94,1787903
2026-08-13 20:34:18.672239,PENNYSTOCK,14.53,3688,14.48,1882729,14.58,1198540
2026-08-13 20:34:33.407553,IDFCFIRSTB,72.97,14087,72.92,2135429,73.02,2037929
2026-08-13 20:34:33.437009,SUZLON,55.44,1014,55.39,1926579,55.49,2433754
2026-08-13 20:34:33.439007,GMRINFRA,87.41,3161,87.36,1956296,87.46,2129983
2026-08-13 20:34:33.455738,SOUTHBANK,33.96,4720,33.91,1277115,34.01,1485030
2026-08-13 20:34:33.472771,IRB,64.07,6915,64.02,1530760,64.12,2212171
2026-08-13 20:34:33.489827,HFCL,122.76,9053,122.7,1513758,122.82,1193106
2026-08-13 20:34:33.508422,NMDC,228.51,7674,228.4,1852126,228.62,1104178
2026-08-13 20:34:33.522350,TATAPOWER,431.65,9092,431.43,1512149,431.87,1819162
2026-08-13 20:34:33.554661,BHEL,309.85,11130,309.7,2455624,310.0,2314091
2026-08-13 20:34:33.569298,HUDCO,195.52,6297,195.42,1266303,195.62,1131147
2026-08-13 20:34:33.572620,PNB,113.84,106540,113.78,2088543,113.9,2439848
2026-08-13 20:34:33.589136,NHPC,97.93,848,97.88,1681404,97.98,1290871
2026-08-13 20:34:33.606099,SMALLCAP1,46.41,255,46.36,20977,46.46,16372
2026-08-13 20:34:33.622314,RELIANCE,2874.64,4061,2873.2,1066529,2876.08,1796085
2026-08-13 20:34:33.639793,TCS,3733.6,1680,3731.73,1863534,3735.47,1470666
2026-08-13 20:34:33.655976,INFY,1493.48,10665,1492.73,1986359,1494.23,1638521
2026-08-13 20:34:33.672239,PENNYSTOCK,14.51,7663,14.46,2475939,14.56,2463752
2026-08-13 20:34:48.407553,IDFCFIRSTB,72.94,6526,72.89,1942528,72.99,2338115
2026-08-13 20:34:48.437009,SUZLON,55.43,14306,55.38,2379235,55.48,1730146
2026-08-13 20:34:48.439007,GMRINFRA,87.5,10838,87.45,1541768,87.55,1589289
2026-08-13 20:34:48.455738,SOUTHBANK,33.93,2643,33.88,1333732,33.98,1230682
2026-08-13 20:34:48.472771,IRB,64.18,12946,64.13,1186693,64.23,2470067
2026-08-13 20:34:48.489827,HFCL,123.12,607,123.06,1660616,123.18,1555453
2026-08-13 20:34:48.508422,NMDC,228.5,2603,228.39,2053026,228.61,2356923
2026-08-13 20:34:48.522350,TATAPOWER,431.84,10072,431.62,1209610,432.06,2488732
2026-08-13 20:34:48.554661,BHEL,310.69,10268,310.53,1955880,310.85,1736347
2026-08-13 20:34:48.569298,HUDCO,196.04,3855,195.94,2430641,196.14,2345962
2026-08-13 20:34:48.572620,PNB,113.91,58120,113.85,1814205,113.97,1416485
2026-08-13 20:34:48.589136,NHPC,97.96,39599,97.91,1336484,98.01,2069470
2026-08-13 20:34:48.606099,SMALLCAP1,46.28,893,46.23,8738,46.33,10569
2026-08-13 20:34:48.622314,RELIANCE,2880.49,11467,2879.05,1778343,2881.93,1051975
2026-08-13 20:34:48.639793,TCS,3737.3,13846,3735.43,1418852,3739.17,2421452
2026-08-13 20:34:48.655976,INFY,1494.13,9297,1493.38,1769003,1494.88,1988568
2026-08-13 20:34:48.672239,PENNYSTOCK,14.48,4815,14.43,1110194,14.53,1532575
2026-08-13 20:35:03.407553,IDFCFIRSTB,72.96,60676,72.91,1803734,73.01,2022512
2026-08-13 20:35:03.437009,SUZLON,55.37,2922,55.32,2101253,55.42,2093669
2026-08-13 20:35:03.439007,GMRINFRA,87.53,11207,87.48,1064696,87.58,1953083
2026-08-13 20:35:03.455738,SOUTHBANK,33.9,14458,33.85,1271617,33.95,2281296
2026-08-13 20:35:03.472771,IRB,64.17,14345,64.12,1237260,64.22,2384102
2026-08-13 20:35:03.489827,HFCL,123.32,4380,123.26,2381942,123.38,2153243
2026-08-13 20:35:03.508422,NMDC,228.87,4954,228.76,2351498,228.98,2245163
2026-08-13 20:35:03.522350,TATAPOWER,432.8,12867,432.58,1974973,433.02,1987893
2026-08-13 20:35:03.554661,BHEL,309.87,663,309.72,1475477,310.02,1550860
2026-08-13 20:35:03.569298,HUDCO,195.87,14660,195.77,1688660,195.97,1714978
2026-08-13 20:35:03.572620,PNB,114.13,17283,114.07,1391392,114.19,1504203
2026-08-13 20:35:03.589136,NHPC,97.91,5208,97.86,1642042,97.96,1761942
2026-08-13 20:35:03.606099,SMALLCAP1,46.24,226,46.19,14446,46.29,24520
2026-08-13 20:35:03.622314,RELIANCE,2883.0,10339,2881.56,2075809,2884.44,1675384
2026-08-13 20:35:03.639793,TCS,3731.22,3945,3729.35,2284954,3733.09,1759190
2026-08-13 20:35:03.655976,INFY,1494.32,3024,1493.57,1092342,1495.07,2234964
2026-08-13 20:35:03.672239,PENNYSTOCK,14.46,8911,14.41,1351184,14.51,1187739
2026-08-13 20:35:18.407553,IDFCFIRSTB,72.97,4641,72.92,1685829,73.02,2439702
2026-08-13 20:35:18.437009,SUZLON,55.25,8510,55.2,1489003,55.3,1354657
2026-08-13 20:35:18.439007,GMRINFRA,87.68,6430,87.63,1928318,87.73,1701778
2026-08-13 20:35:18.455738,SOUTHBANK,33.86,16248,33.81,1671470,33.91,2324026
2026-08-13 20:35:18.472771,IRB,64.13,6095,64.08,1179088,64.18,1268367
2026-08-13 20:35:18.489827,HFCL,123.54,9644,123.48,1743808,123.6,1673125
2026-08-13 20:35:18.508422,NMDC,228.82,76428,228.71,1537295,228.93,1681120
2026-08-13 20:35:18.522350,TATAPOWER,431.75,8494,431.53,2437705,431.97,2209492
2026-08-13 20:35:18.554661,BHEL,309.58,13819,309.43,2279093,309.73,2205568
2026-08-13 20:35:18.569298,HUDCO,195.89,6503,195.79,1066362,195.99,1515290
2026-08-13 20:35:18.572620,PNB,113.79,12300,113.73,2130685,113.85,2223669
2026-08-13 20:35:18.589136,NHPC,97.98,12681,97.93,2451916,98.03,1360654
2026-08-13 20:35:18.606099,SMALLCAP1,46.37,471,46.32,22167,46.42,16027
2026-08-13 20:35:18.622314,RELIANCE,2885.65,7207,2884.21,1220145,2887.09,1502396
2026-08-13 20:35:18.639793,TCS,3729.81,10114,3727.95,1134620,3731.67,2415337
2026-08-13 20:35:18.655976,INFY,1491.07,12323,1490.32,2254542,1491.82,2347736
2026-08-13 20:35:18.672239,PENNYSTOCK,14.47,588,14.42,1720600,14.52,1970380
2026-08-13 20:35:33.407553,IDFCFIRSTB,72.97,8271,72.92,2376888,73.02,1341296
2026-08-13 20:35:33.437009,SUZLON,55.28,2985,55.23,1144627,55.33,2337349
2026-08-13 20:35:33.439007,GMRINFRA,87.94,10824,87.89,2140824,87.99,1076201
2026-08-13 20:35:33.455738,SOUTHBANK,33.86,10667,33.81,1399913,33.91,2294274
2026-08-13 20:35:33.472771,IRB,64.17,902,64.12,1079799,64.22,2466665
2026-08-13 20:35:33.489827,HFCL,123.36,11226,123.3,1183051,123.42,1708177
2026-08-13 20:35:33.508422,NMDC,229.12,4689,229.01,2401407,229.23,2314934
2026-08-13 20:35:33.522350,TATAPOWER,431.42,5650,431.2,2215664,431.64,1900275
2026-08-13 20:35:33.554661,BHEL,310.11,1377,309.95,1980635,310.27,1971386
2026-08-13 20:35:33.569298,HUDCO,196.28,2983,196.18,2298220,196.38,1862378
2026-08-13 20:35:33.572620,PNB,113.96,12438,113.9,1333993,114.02,2017800
2026-08-13 20:35:33.589136,NHPC,97.93,1754,97.88,1480761,97.98,2376961
2026-08-13 20:35:33.606099,SMALLCAP1,46.34,173,46.29,19700,46.39,12875
2026-08-13 20:35:33.622314,RELIANCE,2888.87,3786,2887.43,2359046,2890.31,2191842
2026-08-13 20:35:33.639793,TCS,3730.92,14323,3729.05,2041103,3732.79,1771585
2026-08-13 20:35:33.655976,INFY,1491.5,2830,1490.75,1744497,1492.25,1616363
2026-08-13 20:35:33.672239,PENNYSTOCK,14.43,13979,14.38,2303449,14.48,1543398
2026-08-13 20:35:48.407553,IDFCFIRSTB,72.89,3808,72.84,1869931,72.94,1418602
2026-08-13 20:35:48.437009,SUZLON,55.37,10530,55.32,1738094,55.42,2299724
2026-08-13 20:35:48.439007,GMRINFRA,88.0,33348,87.95,1624099,88.05,1153711
2026-08-13 20:35:48.455738,SOUTHBANK,33.81,13172,33.76,1072930,33.86,1327300
2026-08-13 20:35:48.472771,IRB,64.3,11068,64.25,2328568,64.35,1142234
2026-08-13 20:35:48.489827,HFCL,123.63,74712,123.57,1750084,123.69,1553478
2026-08-13 20:35:48.508422,NMDC,229.37,7877,229.26,1543627,229.48,1463499
2026-08-13 20:35:48.522350,TATAPOWER,431.6,1910,431.38,1281534,431.82,1782322
2026-08-13 20:35:48.554661,BHEL,309.73,709,309.58,1436975,309.88,1307283
2026-08-13 20:35:48.569298,HUDCO,196.05,8147,195.95,2172752,196.15,2344995
2026-08-13 20:35:48.572620,PNB,114.08,9613,114.02,2455184,114.14,1097508
2026-08-13 20:35:48.589136,NHPC,97.77,859,97.72,1109228,97.82,1726911
2026-08-13 20:35:48.606099,SMALLCAP1,46.38,213,46.33,11798,46.43,17480
2026-08-13 20:35:48.622314,RELIANCE,2899.07,6202,2897.62,1766038,2900.52,1998098
2026-08-13 20:35:48.639793,TCS,3727.88,7174,3726.02,2076008,3729.74,2490458
2026-08-13 20:35:48.655976,INFY,1487.94,1893,1487.2,2355146,1488.68,1756425
2026-08-13 20:35:48.672239,PENNYSTOCK,14.44,6912,14.39,2009386,14.49,2493882
2026-08-13 20:36:03.407553,IDFCFIRSTB,72.78,9652,72.73,2286129,72.83,2060298
2026-08-13 20:36:03.437009,SUZLON,55.34,1951,55.29,1696490,55.39,2492460
2026-08-13 20:36:03.439007,GMRINFRA,88.05,12392,88.0,1900000,88.1,1592365
2026-08-13 20:36:03.455738,SOUTHBANK,33.81,9862,33.76,2410739,33.86,2245662
2026-08-13 20:36:03.472771,IRB,64.32,4081,64.27,1256887,64.37,1849647
2026-08-13 20:36:03.489827,HFCL,123.56,13742,123.5,2022538,123.62,1738375
2026-08-13 20:36:03.508422,NMDC,229.61,11687,229.5,1670071,229.72,2498485
2026-08-13 20:36:03.522350,TATAPOWER,431.63,4575,431.41,1314659,431.85,1202589
2026-08-13 20:36:03.554661,BHEL,309.0,44784,308.85,2069454,309.15,1350158
2026-08-13 20:36:03.569298,HUDCO,195.9,8898,195.8,1424585,196.0,1309343
2026-08-13 20:36:03.572620,PNB,114.13,6871,114.07,2419076,114.19,1541993
2026-08-13 20:36:03.589136,NHPC,97.85,10985,97.8,1993245,97.9,2425227
2026-08-13 20:36:03.606099,SMALLCAP1,46.35,394,46.3,5889,46.4,12195
2026-08-13 20:36:03.622314,RELIANCE,2901.19,12599,2899.74,1445160,2902.64,1235836
2026-08-13 20:36:03.639793,TCS,3735.82,9911,3733.95,2361625,3737.69,2028634
2026-08-13 20:36:03.655976,INFY,1487.02,11345,1486.28,1166334,1487.76,2392094
2026-08-13 20:36:03.672239,PENNYSTOCK,14.45,4685,14.4,1372423,14.5,2013972
2026-08-13 20:36:18.407553,IDFCFIRSTB,72.85,8530,72.8,2382766,72.9,1389746
2026-08-13 20:36:18.437009,SUZLON,55.27,1158,55.22,1848058,55.32,1301344
2026-08-13 20:36:18.439007,GMRINFRA,87.87,3360,87.82,1192747,87.92,1675450
2026-08-13 20:36:18.455738,SOUTHBANK,33.82,10274,33.77,1166432,33.87,1658441
2026-08-13 20:36:18.472771,IRB,64.37,3318,64.32,1107453,64.42,1689944
2026-08-13 20:36:18.489827,HFCL,123.44,5546,123.38,2211033,123.5,1421439
2026-08-13 20:36:18.508422,NMDC,229.67,1773,229.56,1465429,229.78,1265137
2026-08-13 20:36:18.522350,TATAPOWER,432.63,13068,432.41,2118303,432.85,2266458
2026-08-13 20:36:18.554661,BHEL,308.59,80652,308.44,2065286,308.74,2427096
2026-08-13 20:36:18.569298,HUDCO,196.09,874,195.99,1500411,196.19,1272723
2026-08-13 20:36:18.572620,PNB,114.25,6256,114.19,1295719,114.31,1506667
2026-08-13 20:36:18.589136,NHPC,97.74,11442,97.69,1212246,97.79,1371697
2026-08-13 20:36:18.606099,SMALLCAP1,46.38,697,46.33,21993,46.43,14322
2026-08-13 20:36:18.622314,RELIANCE,2903.49,11862,2902.04,2014869,2904.94,1725267
2026-08-13 20:36:18.639793,TCS,3725.56,11193,3723.7,2446834,3727.42,1430663
2026-08-13 20:36:18.655976,INFY,1487.21,625,1486.47,2260343,1487.95,2433183
2026-08-13 20:36:18.672239,PENNYSTOCK,14.43,13631,14.38,1425420,14.48,1642858
2026-08-13 20:36:33.407553,IDFCFIRSTB,72.96,12865,72.91,2306249,73.01,1438476
2026-08-13 20:36:33.437009,SUZLON,55.28,13825,55.23,1920967,55.33,1776179
2026-08-13 20:36:33.439007,GMRINFRA,87.87,11941,87.82,2462379,87.92,1379742
2026-08-13 20:36:33.455738,SOUTHBANK,33.88,1884,33.83,1581488,33.93,1330425
2026-08-13 20:36:33.472771,IRB,64.4,8059,64.35,2481523,64.45,1113539
2026-08-13 20:36:33.489827,HFCL,123.47,22645,123.41,2027430,123.53,1666246
2026-08-13 20:36:33.508422,NMDC,230.06,10653,229.94,1100870,230.18,1327694
2026-08-13 20:36:33.522350,TATAPOWER,432.31,3940,432.09,1441744,432.53,2431205
2026-08-13 20:36:33.554661,BHEL,308.6,78723,308.45,2238800,308.75,2025618
2026-08-13 20:36:33.569298,HUDCO,196.08,10825,195.98,1817069,196.18,1321711
2026-08-13 20:36:33.572620,PNB,114.18,11647,114.12,1406499,114.24,2149102
2026-08-13 20:36:33.589136,NHPC,97.55,13084,97.5,1515291,97.6,1431582
2026-08-13 20:36:33.606099,SMALLCAP1,46.38,214,46.33,23098,46.43,13540
2026-08-13 20:36:33.622314,RELIANCE,2907.2,13024,2905.75,2395758,2908.65,2018598
2026-08-13 20:36:33.639793,TCS,3739.43,8297,3737.56,1313009,3741.3,1624717
2026-08-13 20:36:33.655976,INFY,1486.43,4319,1485.69,1909451,1487.17,1080427
2026-08-13 20:36:33.672239,PENNYSTOCK,14.43,1877,14.38,2239346,14.48,1324162
2026-08-13 20:36:48.407553,IDFCFIRSTB,73.03,5415,72.98,1576498,73.08,1548970
2026-08-13 20:36:48.437009,SUZLON,55.16,14408,55.11,1401226,55.21,1768075
2026-08-13 20:36:48.439007,GMRINFRA,87.84,7258,87.79,1509132,87.89,2424038
2026-08-13 20:36:48.455738,SOUTHBANK,33.93,3480,33.88,1363246,33.98,1525986
2026-08-13 20:36:48.472771,IRB,64.45,3617,64.4,2357566,64.5,2441180
2026-08-13 20:36:48.489827,HFCL,123.68,5012,123.62,1981137,123.74,1751712
2026-08-13 20:36:48.508422,NMDC,229.61,8222,229.5,2162264,229.72,2002814
2026-08-13 20:36:48.522350,TATAPOWER,432.5,2230,432.28,1403048,432.72,2219601
2026-08-13 20:36:48.554661,BHEL,310.02,5210,309.86,2498600,310.18,2104706
2026-08-13 20:36:48.569298,HUDCO,196.56,9787,196.46,1492311,196.66,2241173
2026-08-13 20:36:48.572620,PNB,114.35,14255,114.29,2107725,114.41,2205114
2026-08-13 20:36:48.589136,NHPC,97.37,14559,97.32,1221006,97.42,1071755
2026-08-13 20:36:48.606099,SMALLCAP1,46.39,136,46.34,10910,46.44,20368
2026-08-13 20:36:48.622314,RELIANCE,2904.98,3514,2903.53,1446790,2906.43,1768700
2026-08-13 20:36:48.639793,TCS,3734.65,10056,3732.78,1537700,3736.52,1425339
2026-08-13 20:36:48.655976,INFY,1487.36,5831,1486.62,1848670,1488.1,1224770
2026-08-13 20:36:48.672239,PENNYSTOCK,14.46,11551,14.41,1565136,14.51,2078606
2026-08-13 20:37:03.407553,IDFCFIRSTB,73.02,3890,72.97,1796750,73.07,1595009
2026-08-13 20:37:03.437009,SUZLON,55.02,11442,54.97,1652656,55.07,1309505
2026-08-13 20:37:03.439007,GMRINFRA,87.62,8530,87.57,1345149,87.67,1653319
2026-08-13 20:37:03.455738,SOUTHBANK,33.94,7461,33.89,1880802,33.99,2169928
2026-08-13 20:37:03.472771,IRB,64.38,4232,64.33,1666737,64.43,1140376
2026-08-13 20:37:03.489827,HFCL,123.69,6799,123.63,1780176,123.75,1659808
2026-08-13 20:37:03.508422,NMDC,230.27,2516,230.15,1058574,230.39,2016165
2026-08-13 20:37:03.522350,TATAPOWER,433.11,7701,432.89,1931201,433.33,1637927
2026-08-13 20:37:03.554661,BHEL,309.68,6386,309.53,2254297,309.83,1706578
2026-08-13 20:37:03.569298,HUDCO,196.69,2571,196.59,1905774,196.79,2249468
2026-08-13 20:37:03.572620,PNB,114.48,14594,114.42,2341404,114.54,1850391
2026-08-13 20:37:03.589136,NHPC,97.34,9565,97.29,1525055,97.39,2262536
2026-08-13 20:37:03.606099,SMALLCAP1,46.39,352,46.34,5137,46.44,21185
2026-08-13 20:37:03.622314,RELIANCE,2910.27,13916,2908.81,1827462,2911.73,1788336
2026-08-13 20:37:03.639793,TCS,3741.63,14204,3739.76,1201178,3743.5,1772749
2026-08-13 20:37:03.655976,INFY,1485.39,985,1484.65,1819436,1486.13,1102777
2026-08-13 20:37:03.672239,PENNYSTOCK,14.4,14881,14.35,1556979,14.45,1480454
2026-08-13 20:37:18.407553,IDFCFIRSTB,72.94,6938,72.89,1881853,72.99,1447581
2026-08-13 20:37:18.437009,SUZLON,54.99,8632,54.94,1733979,55.04,2248264
2026-08-13 20:37:18.439007,GMRINFRA,87.58,4981,87.53,1650525,87.63,1071075
2026-08-13 20:37:18.455738,SOUTHBANK,33.94,8142,33.89,2144386,33.99,1632154
2026-08-13 20:37:18.472771,IRB,64.25,9767,64.2,1689855,64.3,1982951
2026-08-13 20:37:18.489827,HFCL,123.98,7789,123.92,1867517,124.04,1230383
2026-08-13 20:37:18.508422,NMDC,230.33,3629,230.21,2291944,230.45,1363840
2026-08-13 20:37:18.522350,TATAPOWER,432.68,9948,432.46,1204156,432.9,1273483
2026-08-13 20:37:18.554661,BHEL,309.77,9040,309.62,1630227,309.92,2349157
2026-08-13 20:37:18.569298,HUDCO,196.52,3676,196.42,1724325,196.62,1630768
2026-08-13 20:37:18.572620,PNB,114.86,12652,114.8,1288740,114.92,1924083
2026-08-13 20:37:18.589136,NHPC,97.23,10473,97.18,2104144,97.28,1317131
2026-08-13 20:37:18.606099,SMALLCAP1,46.51,327,46.46,12463,46.56,11306
2026-08-13 20:37:18.622314,RELIANCE,2908.84,14230,2907.39,2190888,2910.29,1795120
2026-08-13 20:37:18.639793,TCS,3740.34,5263,3738.47,1249205,3742.21,2228047
2026-08-13 20:37:18.655976,INFY,1483.13,11071,1482.39,1753189,1483.87,1520897
2026-08-13 20:37:18.672239,PENNYSTOCK,14.41,12632,14.36,1711836,14.46,1593790
2026-08-13 20:37:33.407553,IDFCFIRSTB,73.07,2351,73.02,1679435,73.12,1339799
2026-08-13 20:37:33.437009,SUZLON,54.91,9686,54.86,2110063,54.96,1733234
2026-08-13 20:37:33.439007,GMRINFRA,87.54,6165,87.49,1254451,87.59,1197169
2026-08-13 20:37:33.455738,SOUTHBANK,34.0,4062,33.95,1868179,34.05,1898387
2026-08-13 20:37:33.472771,IRB,64.31,29740,64.26,1997590,64.36,1705529
2026-08-13 20:37:33.489827,HFCL,123.99,2590,123.93,1881381,124.05,1382053
2026-08-13 20:37:33.508422,NMDC,230.06,6410,229.94,2419749,230.18,1555375
2026-08-13 20:37:33.522350,TATAPOWER,432.64,3886,432.42,1468384,432.86,1294305
2026-08-13 20:37:33.554661,BHEL,309.38,9641,309.23,1848275,309.53,2140238
2026-08-13 20:37:33.569298,HUDCO,196.63,4182,196.53,1721224,196.73,1711354
2026-08-13 20:37:33.572620,PNB,114.87,12158,114.81,1641803,114.93,2498142
2026-08-13 20:37:33.589136,NHPC,97.45,12909,97.4,2236199,97.5,2025326
2026-08-13 20:37:33.606099,SMALLCAP1,46.52,459,46.47,22537,46.57,10787
2026-08-13 20:37:33.622314,RELIANCE,2910.35,3991,2908.89,1461218,2911.81,2107120
2026-08-13 20:37:33.639793,TCS,3741.23,9154,3739.36,1784167,3743.1,1880197
2026-08-13 20:37:33.655976,INFY,1484.83,4607,1484.09,1864474,1485.57,1524775
2026-08-13 20:37:33.672239,PENNYSTOCK,14.4,14197,14.35,2057063,14.45,1697652
2026-08-13 20:37:48.407553,IDFCFIRSTB,73.22,4837,73.17,2371744,73.27,1761671
2026-08-13 20:37:48.437009,SUZLON,54.91,7657,54.86,2061890,54.96,1467223
2026-08-13 20:37:48.439007,GMRINFRA,87.46,4250,87.41,1417570,87.51,1875779
2026-08-13 20:37:48.455738,SOUTHBANK,33.99,2345,33.94,1469285,34.04,1065338
2026-08-13 20:37:48.472771,IRB,64.38,13135,64.33,1087596,64.43,1424501
2026-08-13 20:37:48.489827,HFCL,123.85,1421,123.79,2049993,123.91,2328390
2026-08-13 20:37:48.508422,NMDC,229.3,13388,229.19,2471239,229.41,2280639
2026-08-13 20:37:48.522350,TATAPOWER,432.69,14607,432.47,1206102,432.91,2375531
2026-08-13 20:37:48.554661,BHEL,309.75,13793,309.6,1082657,309.9,1415231
2026-08-13 20:37:48.569298,HUDCO,196.24,8611,196.14,2327543,196.34,1942803
2026-08-13 20:37:48.572620,PNB,115.0,3095,114.94,2307102,115.06,1343194
2026-08-13 20:37:48.589136,NHPC,97.51,10165,97.46,1119647,97.56,1572764
2026-08-13 20:37:48.606099,SMALLCAP1,46.55,769,46.5,21965,46.6,20396
2026-08-13 20:37:48.622314,RELIANCE,2906.75,13001,2905.3,1816297,2908.2,1271299
2026-08-13 20:37:48.639793,TCS,3744.42,1249,3742.55,1268371,3746.29,1250053
2026-08-13 20:37:48.655976,INFY,1484.48,6851,1483.74,1192401,1485.22,1354684
2026-08-13 20:37:48.672239,PENNYSTOCK,14.38,2253,14.33,1279229,14.43,1240664
2026-08-13 20:38:03.407553,IDFCFIRSTB,73.3,13350,73.25,1731426,73.35,2204048
2026-08-13 20:38:03.437009,SUZLON,54.96,2412,54.91,2376441,55.01,1128221
2026-08-13 20:38:03.439007,GMRINFRA,87.13,10479,87.08,2336428,87.18,1353439
2026-08-13 20:38:03.455738,SOUTHBANK,33.98,9448,33.93,1990429,34.03,1280238
2026-08-13 20:38:03.472771,IRB,64.41,8488,64.36,2464058,64.46,1747746
2026-08-13 20:38:03.489827,HFCL,123.79,7421,123.73,1213896,123.85,2269558
2026-08-13 20:38:03.508422,NMDC,229.63,14379,229.52,2080507,229.74,2343234
2026-08-13 20:38:03.522350,TATAPOWER,432.66,1243,432.44,2252357,432.88,1606220
2026-08-13 20:38:03.554661,BHEL,309.32,13217,309.17,2412675,309.47,2140351
2026-08-13 20:38:03.569298,HUDCO,195.57,11319,195.47,1341383,195.67,1657055
2026-08-13 20:38:03.572620,PNB,115.18,11796,115.12,1834689,115.24,1050908
2026-08-13 20:38:03.589136,NHPC,97.38,3122,97.33,1575957,97.43,1697046
2026-08-13 20:38:03.606099,SMALLCAP1,46.57,218,46.52,23342,46.62,9094
2026-08-13 20:38:03.622314,RELIANCE,2912.76,11837,2911.3,2365908,2914.22,1127111
2026-08-13 20:38:03.639793,TCS,3736.95,9312,3735.08,1793447,3738.82,2023820
2026-08-13 20:38:03.655976,INFY,1486.45,11945,1485.71,1771814,1487.19,2390591
2026-08-13 20:38:03.672239,PENNYSTOCK,14.45,4726,14.4,2478259,14.5,2317517
2026-08-13 20:38:18.407553,IDFCFIRSTB,73.05,6312,73.0,2321960,73.1,2205767
2026-08-13 20:38:18.437009,SUZLON,54.93,6110,54.88,1625711,54.98,1675439
2026-08-13 20:38:18.439007,GMRINFRA,86.9,3305,86.85,1820567,86.95,1939186
2026-08-13 20:38:18.455738,SOUTHBANK,34.06,5383,34.01,1166792,34.11,1623917
2026-08-13 20:38:18.472771,IRB,64.42,12399,64.37,1142286,64.47,1937825
2026-08-13 20:38:18.489827,HFCL,123.66,2929,123.6,1713930,123.72,1533502
2026-08-13 20:38:18.508422,NMDC,230.23,4180,230.11,2192791,230.35,1742977
2026-08-13 20:38:18.522350,TATAPOWER,432.17,4055,431.95,1810852,432.39,2189909
2026-08-13 20:38:18.554661,BHEL,309.12,9976,308.97,1518953,309.27,2090964
2026-08-13 20:38:18.569298,HUDCO,195.33,10493,195.23,2457131,195.43,2277864
2026-08-13 20:38:18.572620,PNB,115.33,10213,115.27,1716526,115.39,1159511
2026-08-13 20:38:18.589136,NHPC,97.27,13644,97.22,2177291,97.32,2066929
2026-08-13 20:38:18.606099,SMALLCAP1,46.53,145,46.48,18117,46.58,19094
2026-08-13 20:38:18.622314,RELIANCE,2916.66,3992,2915.2,1496753,2918.12,1837765
2026-08-13 20:38:18.639793,TCS,3732.88,2560,3731.01,1195879,3734.75,2331134
2026-08-13 20:38:18.655976,INFY,1483.56,3952,1482.82,1408008,1484.3,1753739
2026-08-13 20:38:18.672239,PENNYSTOCK,14.44,7168,14.39,1448486,14.49,1218961
2026-08-13 20:38:33.407553,IDFCFIRSTB,72.99,1174,72.94,2265391,73.04,1075986
2026-08-13 20:38:33.437009,SUZLON,54.91,2407,54.86,1477138,54.96,2137434
2026-08-13 20:38:33.439007,GMRINFRA,86.89,13976,86.84,1560303,86.94,1057961
2026-08-13 20:38:33.455738,SOUTHBANK,34.03,2161,33.98,1772518,34.08,1675222
2026-08-13 20:38:33.472771,IRB,64.61,41658,64.56,2026410,64.66,1085139
2026-08-13 20:38:33.489827,HFCL,123.81,83120,123.75,1410704,123.87,2344838
2026-08-13 20:38:33.508422,NMDC,230.03,13108,229.91,1538984,230.15,2099391
2026-08-13 20:38:33.522350,TATAPOWER,431.58,13704,431.36,2437259,431.8,1890496
2026-08-13 20:38:33.554661,BHEL,309.29,9113,309.14,1873570,309.44,1795765
2026-08-13 20:38:33.569298,HUDCO,195.43,12213,195.33,1178040,195.53,1430557
2026-08-13 20:38:33.572620,PNB,115.38,837,115.32,1402585,115.44,2240169
2026-08-13 20:38:33.589136,NHPC,97.09,4773,97.04,2246113,97.14,1384901
2026-08-13 20:38:33.606099,SMALLCAP1,46.52,867,46.47,21332,46.57,6084
2026-08-13 20:38:33.622314,RELIANCE,2919.82,3415,2918.36,1736928,2921.28,2250473
2026-08-13 20:38:33.639793,TCS,3739.9,5723,3738.03,1451694,3741.77,1344105
2026-08-13 20:38:33.655976,INFY,1488.33,3435,1487.59,2085967,1489.07,2253787
2026-08-13 20:38:33.672239,PENNYSTOCK,14.42,4995,14.37,2057965,14.47,2436472
2026-08-13 20:38:48.407553,IDFCFIRSTB,73.01,9603,72.96,1708138,73.06,1299656
2026-08-13 20:38:48.437009,SUZLON,54.89,5954,54.84,1085340,54.94,2139968
2026-08-13 20:38:48.439007,GMRINFRA,86.84,7788,86.79,1430820,86.89,1388250
2026-08-13 20:38:48.455738,SOUTHBANK,34.01,13269,33.96,1577519,34.06,1069309
2026-08-13 20:38:48.472771,IRB,64.72,4859,64.67,2326889,64.77,1343214
2026-08-13 20:38:48.489827,HFCL,123.8,4738,123.74,2328751,123.86,2438968
2026-08-13 20:38:48.508422,NMDC,229.8,2521,229.69,2410092,229.91,1375428
2026-08-13 20:38:48.522350,TATAPOWER,430.79,8188,430.57,1907116,431.01,1819438
2026-08-13 20:38:48.554661,BHEL,308.33,6559,308.18,1297819,308.48,2314464
2026-08-13 20:38:48.569298,HUDCO,195.79,14560,195.69,1055679,195.89,1902753
2026-08-13 20:38:48.572620,PNB,115.58,2446,115.52,1424672,115.64,1213535
2026-08-13 20:38:48.589136,NHPC,97.05,8399,97.0,2447792,97.1,2287449
2026-08-13 20:38:48.606099,SMALLCAP1,46.5,991,46.45,17147,46.55,17715
2026-08-13 20:38:48.622314,RELIANCE,2921.5,8286,2920.04,2160766,2922.96,1904915
2026-08-13 20:38:48.639793,TCS,3742.16,11731,3740.29,1645676,3744.03,1687906
2026-08-13 20:38:48.655976,INFY,1490.0,5094,1489.26,1261727,1490.74,1333673
2026-08-13 20:38:48.672239,PENNYSTOCK,14.43,4741,14.38,1700095,14.48,1852807
2026-08-13 20:39:03.407553,IDFCFIRSTB,73.18,13906,73.13,1518175,73.23,1306554
2026-08-13 20:39:03.437009,SUZLON,54.84,4727,54.79,2422797,54.89,1727161
2026-08-13 20:39:03.439007,GMRINFRA,86.62,5106,86.57,1187139,86.67,1395275
2026-08-13 20:39:03.455738,SOUTHBANK,34.05,3619,34.0,1376449,34.1,1838733
2026-08-13 20:39:03.472771,IRB,64.75,1950,64.7,1348302,64.8,2389132
2026-08-13 20:39:03.489827,HFCL,123.82,9421,123.76,2322301,123.88,1482395
2026-08-13 20:39:03.508422,NMDC,229.74,8548,229.63,2375590,229.85,1258337
2026-08-13 20:39:03.522350,TATAPOWER,431.32,9026,431.1,1896531,431.54,2358699
2026-08-13 20:39:03.554661,BHEL,308.17,12301,308.02,1604464,308.32,2012880
2026-08-13 20:39:03.569298,HUDCO,195.62,12879,195.52,1895522,195.72,1769008
2026-08-13 20:39:03.572620,PNB,115.37,13951,115.31,1845291,115.43,1443449
2026-08-13 20:39:03.589136,NHPC,97.03,6985,96.98,2306080,97.08,1611734
2026-08-13 20:39:03.606099,SMALLCAP1,46.53,482,46.48,21097,46.58,11850
2026-08-13 20:39:03.622314,RELIANCE,2917.07,1488,2915.61,1729010,2918.53,1461862
2026-08-13 20:39:03.639793,TCS,3745.74,897,3743.87,1085621,3747.61,1520669
2026-08-13 20:39:03.655976,INFY,1491.75,13403,1491.0,1247411,1492.5,1233282
2026-08-13 20:39:03.672239,PENNYSTOCK,14.41,6850,14.36,2091434,14.46,1830157
2026-08-13 20:39:18.407553,IDFCFIRSTB,73.18,16640,73.13,1057784,73.23,1963058
2026-08-13 20:39:18.437009,SUZLON,54.78,9647,54.73,1830099,54.83,1374847
2026-08-13 20:39:18.439007,GMRINFRA,86.75,562,86.7,1850295,86.8,2198495
2026-08-13 20:39:18.455738,SOUTHBANK,34.01,2060,33.96,2448389,34.06,2341999
2026-08-13 20:39:18.472771,IRB,64.69,14386,64.64,1370509,64.74,2054212
2026-08-13 20:39:18.489827,HFCL,123.64,5107,123.58,2074081,123.7,1443183
2026-08-13 20:39:18.508422,NMDC,229.27,2377,229.16,2412736,229.38,2329748
2026-08-13 20:39:18.522350,TATAPOWER,431.2,10600,430.98,1578550,431.42,1542121
2026-08-13 20:39:18.554661,BHEL,308.11,5473,307.96,1178543,308.26,2034235
2026-08-13 20:39:18.569298,HUDCO,195.22,11260,195.12,1774576,195.32,2105486
2026-08-13 20:39:18.572620,PNB,115.26,7957,115.2,2349150,115.32,1555085
2026-08-13 20:39:18.589136,NHPC,97.03,6603,96.98,1377508,97.08,2174208
2026-08-13 20:39:18.606099,SMALLCAP1,46.55,52,46.5,8228,46.6,18563
2026-08-13 20:39:18.622314,RELIANCE,2923.72,12453,2922.26,1138591,2925.18,1992251
2026-08-13 20:39:18.639793,TCS,3753.97,8708,3752.09,2232218,3755.85,1600153
2026-08-13 20:39:18.655976,INFY,1493.77,3887,1493.02,2416774,1494.52,1948351
2026-08-13 20:39:18.672239,PENNYSTOCK,14.4,4789,14.35,1500045,14.45,2370599
2026-08-13 20:39:33.407553,IDFCFIRSTB,73.16,7754,73.11,2271561,73.21,1427558
2026-08-13 20:39:33.437009,SUZLON,54.76,1530,54.71,2041756,54.81,1398477
2026-08-13 20:39:33.439007,GMRINFRA,86.73,10685,86.68,1461261,86.78,1619337
2026-08-13 20:39:33.455738,SOUTHBANK,33.94,5839,33.89,1132388,33.99,2435176
2026-08-13 20:39:33.472771,IRB,64.55,2813,64.5,1513843,64.6,1455462
2026-08-13 20:39:33.489827,HFCL,123.57,1392,123.51,1895470,123.63,1321493
2026-08-13 20:39:33.508422,NMDC,229.92,8273,229.81,1164097,230.03,1315380
2026-08-13 20:39:33.522350,TATAPOWER,431.04,13478,430.82,1872787,431.26,2102205
2026-08-13 20:39:33.554661,BHEL,307.68,3768,307.53,2126227,307.83,1437429
2026-08-13 20:39:33.569298,HUDCO,195.33,7811,195.23,1497059,195.43,1201788
2026-08-13 20:39:33.572620,PNB,115.26,7752,115.2,1106623,115.32,2469193
2026-08-13 20:39:33.589136,NHPC,96.98,3700,96.93,2005628,97.03,2412144
2026-08-13 20:39:33.606099,SMALLCAP1,46.49,724,46.44,22165,46.54,12190
2026-08-13 20:39:33.622314,RELIANCE,2919.99,3372,2918.53,2314373,2921.45,1386442
2026-08-13 20:39:33.639793,TCS,3759.99,4210,3758.11,1268974,3761.87,1936584
2026-08-13 20:39:33.655976,INFY,1490.56,14231,1489.81,1717191,1491.31,1175284
2026-08-13 20:39:33.672239,PENNYSTOCK,14.4,14824,14.35,2207712,14.45,2265219
2026-08-13 20:39:48.407553,IDFCFIRSTB,73.08,10604,73.03,2041283,73.13,1866687
2026-08-13 20:39:48.437009,SUZLON,54.68,120901,54.63,2166007,54.73,1701947
2026-08-13 20:39:48.439007,GMRINFRA,86.73,9809,86.68,1611101,86.78,1789014
2026-08-13 20:39:48.455738,SOUTHBANK,33.94,7015,33.89,1732871,33.99,1980020
2026-08-13 20:39:48.472771,IRB,64.61,4822,64.56,2011088,64.66,1433944
2026-08-13 20:39:48.489827,HFCL,123.63,8422,123.57,2457848,123.69,1135520
2026-08-13 20:39:48.508422,NMDC,229.99,3741,229.88,2104965,230.1,1412672
2026-08-13 20:39:48.522350,TATAPOWER,429.84,13082,429.63,1945634,430.05,1154517
2026-08-13 20:39:48.554661,BHEL,307.97,10584,307.82,1842723,308.12,1509253
2026-08-13 20:39:48.569298,HUDCO,194.91,1984,194.81,1995815,195.01,2151199
2026-08-13 20:39:48.572620,PNB,115.01,7550,114.95,1254091,115.07,2028110
2026-08-13 20:39:48.589136,NHPC,96.88,895,96.83,1171551,96.93,2435407
2026-08-13 20:39:48.606099,SMALLCAP1,46.46,420,46.41,16778,46.51,21181
2026-08-13 20:39:48.622314,RELIANCE,2921.23,1705,2919.77,2491744,2922.69,1837760
2026-08-13 20:39:48.639793,TCS,3757.84,12474,3755.96,1422802,3759.72,1403571
2026-08-13 20:39:48.655976,INFY,1490.27,14262,1489.52,1273534,1491.02,2144508
2026-08-13 20:39:48.672239,PENNYSTOCK,14.41,11124,14.36,2336757,14.46,2224345
2026-08-13 20:40:03.407553,IDFCFIRSTB,72.97,8543,72.92,2282322,73.02,1922841
2026-08-13 20:40:03.437009,SUZLON,54.73,4479,54.68,1346947,54.78,1507251
2026-08-13 20:40:03.439007,GMRINFRA,86.73,7688,86.68,1759323,86.78,2106625
2026-08-13 20:40:03.455738,SOUTHBANK,34.0,7763,33.95,2246258,34.05,2261440
2026-08-13 20:40:03.472771,IRB,64.43,11822,64.38,2438460,64.48,1285839
2026-08-13 20:40:03.489827,HFCL,123.49,11987,123.43,1740059,123.55,1263816
2026-08-13 20:40:03.508422,NMDC,230.14,3511,230.02,1791838,230.26,2384023
2026-08-13 20:40:03.522350,TATAPOWER,429.63,836,429.42,1841240,429.84,2163754
2026-08-13 20:40:03.554661,BHEL,308.13,1865,307.98,2006815,308.28,2084781
2026-08-13 20:40:03.569298,HUDCO,194.87,9175,194.77,1563125,194.97,2419119
2026-08-13 20:40:03.572620,PNB,114.97,2029,114.91,2009120,115.03,1348157
2026-08-13 20:40:03.589136,NHPC,96.46,5413,96.41,1527643,96.51,1211267
2026-08-13 20:40:03.606099,SMALLCAP1,46.52,286,46.47,10509,46.57,16391
2026-08-13 20:40:03.622314,RELIANCE,2917.49,7293,2916.03,2288642,2918.95,1978686
2026-08-13 20:40:03.639793,TCS,3755.88,6841,3754.0,1918177,3757.76,1487058
2026-08-13 20:40:03.655976,INFY,1489.88,9411,1489.14,2238594,1490.62,2252939
2026-08-13 20:40:03.672239,PENNYSTOCK,14.41,3500,14.36,1447026,14.46,1781531
2026-08-13 20:40:18.407553,IDFCFIRSTB,72.73,4054,72.68,1057863,72.78,1337584
2026-08-13 20:40:18.437009,SUZLON,54.73,8916,54.68,2436537,54.78,2266718
2026-08-13 20:40:18.439007,GMRINFRA,86.8,14955,86.75,2019213,86.85,1532119
2026-08-13 20:40:18.455738,SOUTHBANK,34.03,7234,33.98,1629235,34.08,1812760
2026-08-13 20:40:18.472771,IRB,64.36,8294,64.31,1437220,64.41,2408768
2026-08-13 20:40:18.489827,HFCL,123.48,14273,123.42,2274642,123.54,1485978
2026-08-13 20:40:18.508422,NMDC,230.89,14257,230.77,1342817,231.01,1914405
2026-08-13 20:40:18.522350,TATAPOWER,429.66,1654,429.45,1359283,429.87,1324040
2026-08-13 20:40:18.554661,BHEL,307.66,3323,307.51,1212631,307.81,2444799
2026-08-13 20:40:18.569298,HUDCO,195.27,10277,195.17,1303656,195.37,1971602
2026-08-13 20:40:18.572620,PNB,114.85,8629,114.79,1891341,114.91,1192192
2026-08-13 20:40:18.589136,NHPC,96.68,9667,96.63,2410969,96.73,1501058
2026-08-13 20:40:18.606099,SMALLCAP1,46.49,876,46.44,18748,46.54,6441
2026-08-13 20:40:18.622314,RELIANCE,2919.02,7823,2917.56,1966722,2920.48,1747157
2026-08-13 20:40:18.639793,TCS,3759.13,6893,3757.25,1562650,3761.01,1797176
2026-08-13 20:40:18.655976,INFY,1489.86,13621,1489.12,1192179,1490.6,1069676
2026-08-13 20:40:18.672239,PENNYSTOCK,14.39,8607,14.34,1454538,14.44,1427308
2026-08-13 20:40:33.407553,IDFCFIRSTB,72.78,10446,72.73,1482233,72.83,2373044
2026-08-13 20:40:33.437009,SUZLON,54.65,13737,54.6,1574142,54.7,1854150
2026-08-13 20:40:33.439007,GMRINFRA,86.77,1046,86.72,1142921,86.82,1778768
2026-08-13 20:40:33.455738,SOUTHBANK,33.96,6767,33.91,2145742,34.01,1946114
2026-08-13 20:40:33.472771,IRB,64.44,6501,64.39,1757102,64.49,1379113
2026-08-13 20:40:33.489827,HFCL,123.92,10356,123.86,2067408,123.98,2411605
2026-08-13 20:40:33.508422,NMDC,230.79,6795,230.67,2060322,230.91,1594769
2026-08-13 20:40:33.522350,TATAPOWER,429.63,12522,429.42,1080902,429.84,2460716
2026-08-13 20:40:33.554661,BHEL,307.88,13390,307.73,1319419,308.03,2001722
2026-08-13 20:40:33.569298,HUDCO,195.11,3255,195.01,2246171,195.21,2094285
2026-08-13 20:40:33.572620,PNB,114.79,82938,114.73,2390291,114.85,1782021
2026-08-13 20:40:33.589136,NHPC,96.83,10557,96.78,1575635,96.88,1402437
2026-08-13 20:40:33.606099,SMALLCAP1,46.46,692,46.41,12978,46.51,6257
2026-08-13 20:40:33.622314,RELIANCE,2925.91,1158,2924.45,1888371,2927.37,2125872
2026-08-13 20:40:33.639793,TCS,3749.65,13013,3747.78,2177653,3751.52,1254045
2026-08-13 20:40:33.655976,INFY,1488.4,4768,1487.66,2468186,1489.14,1272714
2026-08-13 20:40:33.672239,PENNYSTOCK,14.38,7700,14.33,1444228,14.43,1480304
2026-08-13 20:40:48.407553,IDFCFIRSTB,72.85,3172,72.8,2157993,72.9,1460179
2026-08-13 20:40:48.437009,SUZLON,54.76,5302,54.71,1086695,54.81,2317717
2026-08-13 20:40:48.439007,GMRINFRA,86.97,4026,86.92,2289119,87.02,2250004
2026-08-13 20:40:48.455738,SOUTHBANK,33.98,7826,33.93,2017207,34.03,1062897
2026-08-13 20:40:48.472771,IRB,64.5,9958,64.45,1974959,64.55,1632400
2026-08-13 20:40:48.489827,HFCL,123.57,3314,123.51,1524160,123.63,2296684
2026-08-13 20:40:48.508422,NMDC,231.34,47178,231.22,2191260,231.46,1759756
2026-08-13 20:40:48.522350,TATAPOWER,430.53,10465,430.31,1388700,430.75,1186006
2026-08-13 20:40:48.554661,BHEL,307.8,10744,307.65,2009639,307.95,1254809
2026-08-13 20:40:48.569298,HUDCO,194.78,3395,194.68,2435297,194.88,2386764
2026-08-13 20:40:48.572620,PNB,114.85,10051,114.79,1261115,114.91,1709209
2026-08-13 20:40:48.589136,NHPC,96.9,14388,96.85,2112832,96.95,1995649
2026-08-13 20:40:48.606099,SMALLCAP1,46.36,781,46.31,19864,46.41,21070
2026-08-13 20:40:48.622314,RELIANCE,2931.45,11892,2929.98,1756552,2932.92,1659369
2026-08-13 20:40:48.639793,TCS,3745.53,12825,3743.66,2287263,3747.4,1974368
2026-08-13 20:40:48.655976,INFY,1489.33,8325,1488.59,1221615,1490.07,2220083
2026-08-13 20:40:48.672239,PENNYSTOCK,14.36,6670,14.31,2224196,14.41,1078217
2026-08-13 20:41:03.407553,IDFCFIRSTB,73.0,11218,72.95,2308850,73.05,1064762
2026-08-13 20:41:03.437009,SUZLON,54.72,1423,54.67,1306071,54.77,2127935
2026-08-13 20:41:03.439007,GMRINFRA,87.05,7835,87.0,1438851,87.1,1779295
2026-08-13 20:41:03.455738,SOUTHBANK,33.99,4743,33.94,2223203,34.04,1919691
2026-08-13 20:41:03.472771,IRB,64.58,5588,64.53,1434325,64.63,1726370
2026-08-13 20:41:03.489827,HFCL,123.37,101592,123.31,1189415,123.43,1336424
2026-08-13 20:41:03.508422,NMDC,231.86,8439,231.74,1116155,231.98,2476974
2026-08-13 20:41:03.522350,TATAPOWER,431.81,14317,431.59,1117922,432.03,2477199
2026-08-13 20:41:03.554661,BHEL,307.29,3946,307.14,2461540,307.44,1369626
2026-08-13 20:41:03.569298,HUDCO,194.92,12438,194.82,1954200,195.02,1976106
2026-08-13 20:41:03.572620,PNB,114.95,3077,114.89,1799061,115.01,2057801
2026-08-13 20:41:03.589136,NHPC,96.97,9812,96.92,2251524,97.02,1780339
2026-08-13 20:41:03.606099,SMALLCAP1,46.42,685,46.37,15471,46.47,16869
2026-08-13 20:41:03.622314,RELIANCE,2928.42,7385,2926.96,2477211,2929.88,1391463
2026-08-13 20:41:03.639793,TCS,3759.33,3817,3757.45,1495528,3761.21,2379998
2026-08-13 20:41:03.655976,INFY,1490.73,13253,1489.98,1929612,1491.48,2124604
2026-08-13 20:41:03.672239,PENNYSTOCK,14.37,13596,14.32,2454423,14.42,2442584
2026-08-13 20:41:18.407553,IDFCFIRSTB,72.89,14061,72.84,1188352,72.94,1448021
2026-08-13 20:41:18.437009,SUZLON,54.8,999,54.75,1183730,54.85,1811225
2026-08-13 20:41:18.439007,GMRINFRA,87.08,2738,87.03,1163588,87.13,2253206
2026-08-13 20:41:18.455738,SOUTHBANK,33.98,1978,33.93,1558307,34.03,1810776
2026-08-13 20:41:18.472771,IRB,64.55,6198,64.5,2038103,64.6,1088125
2026-08-13 20:41:18.489827,HFCL,123.18,2916,123.12,2269597,123.24,2097321
2026-08-13 20:41:18.508422,NMDC,232.28,14935,232.16,2152122,232.4,1694393
2026-08-13 20:41:18.522350,TATAPOWER,432.31,4932,432.09,2191605,432.53,2445917
2026-08-13 20:41:18.554661,BHEL,306.64,13496,306.49,1363504,306.79,1883875
2026-08-13 20:41:18.569298,HUDCO,195.13,1961,195.03,2294052,195.23,1680261
2026-08-13 20:41:18.572620,PNB,115.03,4006,114.97,2039193,115.09,2367054
2026-08-13 20:41:18.589136,NHPC,96.86,13085,96.81,1239079,96.91,2058958
2026-08-13 20:41:18.606099,SMALLCAP1,46.39,118,46.34,22646,46.44,10580
2026-08-13 20:41:18.622314,RELIANCE,2927.28,8977,2925.82,1705943,2928.74,1159022
2026-08-13 20:41:18.639793,TCS,3746.56,6222,3744.69,2066230,3748.43,1723277
2026-08-13 20:41:18.655976,INFY,1494.71,13446,1493.96,2298702,1495.46,2132793
2026-08-13 20:41:18.672239,PENNYSTOCK,14.38,5397,14.33,2467883,14.43,1918342
2026-08-13 20:41:33.407553,IDFCFIRSTB,72.8,8993,72.75,2419675,72.85,1645083
2026-08-13 20:41:33.437009,SUZLON,54.72,7287,54.67,1440848,54.77,2064002
2026-08-13 20:41:33.439007,GMRINFRA,87.12,2857,87.07,1874947,87.17,2128587
2026-08-13 20:41:33.455738,SOUTHBANK,33.94,3611,33.89,1937412,33.99,2261279
2026-08-13 20:41:33.472771,IRB,64.63,6858,64.58,1719987,64.68,2449990
2026-08-13 20:41:33.489827,HFCL,123.33,9851,123.27,1693895,123.39,1830954
2026-08-13 20:41:33.508422,NMDC,232.14,13424,232.02,1495098,232.26,2339195
2026-08-13 20:41:33.522350,TATAPOWER,431.98,2701,431.76,2115746,432.2,2466567
2026-08-13 20:41:33.554661,BHEL,306.24,14477,306.09,1746202,306.39,1952427
2026-08-13 20:41:33.569298,HUDCO,195.24,5327,195.14,2449135,195.34,2196266
2026-08-13 20:41:33.572620,PNB,115.03,1245,114.97,2418667,115.09,2163065
2026-08-13 20:41:33.589136,NHPC,96.88,7975,96.83,2354015,96.93,1689408
2026-08-13 20:41:33.606099,SMALLCAP1,46.28,361,46.23,7576,46.33,10856
2026-08-13 20:41:33.622314,RELIANCE,2924.31,10063,2922.85,1131827,2925.77,1710157
2026-08-13 20:41:33.639793,TCS,3748.92,14693,3747.05,1844938,3750.79,1487335
2026-08-13 20:41:33.655976,INFY,1492.56,4543,1491.81,1509999,1493.31,2163670
2026-08-13 20:41:33.672239,PENNYSTOCK,14.36,9107,14.31,1833446,14.41,1265039
2026-08-13 20:41:48.407553,IDFCFIRSTB,72.66,2000,72.61,1952033,72.71,1180213
2026-08-13 20:41:48.437009,SUZLON,54.77,6309,54.72,2006575,54.82,1136127
2026-08-13 20:41:48.439007,GMRINFRA,87.08,1830,87.03,2015747,87.13,1442703
2026-08-13 20:41:48.455738,SOUTHBANK,33.96,7713,33.91,2276192,34.01,1539434
2026-08-13 20:41:48.472771,IRB,64.74,10173,64.69,1087606,64.79,1893177
2026-08-13 20:41:48.489827,HFCL,123.25,2953,123.19,1922186,123.31,1631225
2026-08-13 20:41:48.508422,NMDC,231.98,792,231.86,1106487,232.1,1762925
2026-08-13 20:41:48.522350,TATAPOWER,432.8,3997,432.58,1252373,433.02,1646538
2026-08-13 20:41:48.554661,BHEL,306.58,1849,306.43,1474601,306.73,1699176
2026-08-13 20:41:48.569298,HUDCO,195.23,7420,195.13,2469734,195.33,2235067
2026-08-13 20:41:48.572620,PNB,115.15,10403,115.09,2314345,115.21,2488498
2026-08-13 20:41:48.589136,NHPC,97.03,7577,96.98,1367933,97.08,1583496
2026-08-13 20:41:48.606099,SMALLCAP1,46.19,318,46.14,23605,46.24,24350
2026-08-13 20:41:48.622314,RELIANCE,2916.91,2122,2915.45,2153442,2918.37,1056072
2026-08-13 20:41:48.639793,TCS,3756.54,14465,3754.66,2275191,3758.42,1101526
2026-08-13 20:41:48.655976,INFY,1491.86,2545,1491.11,2145346,1492.61,1819225
2026-08-13 20:41:48.672239,PENNYSTOCK,14.35,4799,14.3,1986172,14.4,1887069
2026-08-13 20:42:03.407553,IDFCFIRSTB,72.66,14211,72.61,2098343,72.71,2056135
2026-08-13 20:42:03.437009,SUZLON,54.7,1759,54.65,1862743,54.75,1576767
2026-08-13 20:42:03.439007,GMRINFRA,87.26,3254,87.21,1232225,87.31,2156886
2026-08-13 20:42:03.455738,SOUTHBANK,33.98,3212,33.93,2412287,34.03,1355881
2026-08-13 20:42:03.472771,IRB,64.78,4246,64.73,2220534,64.83,1822315
2026-08-13 20:42:03.489827,HFCL,123.1,2720,123.04,1501601,123.16,1096851
2026-08-13 20:42:03.508422,NMDC,232.3,9461,232.18,1141010,232.42,1787100
2026-08-13 20:42:03.522350,TATAPOWER,431.98,1995,431.76,2273379,432.2,1070311
2026-08-13 20:42:03.554661,BHEL,306.29,3854,306.14,2175926,306.44,2125980
2026-08-13 20:42:03.569298,HUDCO,195.25,667,195.15,1778186,195.35,1927948
2026-08-13 20:42:03.572620,PNB,115.36,5020,115.3,2465701,115.42,2024059
2026-08-13 20:42:03.589136,NHPC,97.27,13525,97.22,1596306,97.32,2081985
2026-08-13 20:42:03.606099,SMALLCAP1,46.11,517,46.06,5929,46.16,24217
2026-08-13 20:42:03.622314,RELIANCE,2915.9,14454,2914.44,1389979,2917.36,1683157
2026-08-13 20:42:03.639793,TCS,3752.19,67554,3750.31,1498662,3754.07,2137442
2026-08-13 20:42:03.655976,INFY,1490.93,7878,1490.18,2433846,1491.68,2444626
2026-08-13 20:42:03.672239,PENNYSTOCK,14.35,13688,14.3,1375234,14.4,2119497
2026-08-13 20:42:18.407553,IDFCFIRSTB,72.63,7076,72.58,1325728,72.68,1793271
2026-08-13 20:42:18.437009,SUZLON,54.7,3206,54.65,1880853,54.75,1289229
2026-08-13 20:42:18.439007,GMRINFRA,87.22,7747,87.17,2359536,87.27,1578348
2026-08-13 20:42:18.455738,SOUTHBANK,33.99,13430,33.94,2031371,34.04,1284781
2026-08-13 20:42:18.472771,IRB,64.8,14853,64.75,1147577,64.85,2365202
2026-08-13 20:42:18.489827,HFCL,122.73,10246,122.67,2113440,122.79,1276411
2026-08-13 20:42:18.508422,NMDC,232.1,10206,231.98,1746409,232.22,1369507
2026-08-13 20:42:18.522350,TATAPOWER,432.35,11044,432.13,1125479,432.57,1753893
2026-08-13 20:42:18.554661,BHEL,305.64,14547,305.49,2206752,305.79,2078041
2026-08-13 20:42:18.569298,HUDCO,195.78,4292,195.68,1904214,195.88,1829489
2026-08-13 20:42:18.572620,PNB,115.31,10983,115.25,1135509,115.37,1339110
2026-08-13 20:42:18.589136,NHPC,97.35,12492,97.3,2045283,97.4,1732962
2026-08-13 20:42:18.606099,SMALLCAP1,46.04,980,45.99,21800,46.09,15502
2026-08-13 20:42:18.622314,RELIANCE,2921.0,14753,2919.54,1500643,2922.46,2473616
2026-08-13 20:42:18.639793,TCS,3759.86,5584,3757.98,2174683,3761.74,1519300
2026-08-13 20:42:18.655976,INFY,1492.67,43308,1491.92,2042409,1493.42,1252864
2026-08-13 20:42:18.672239,PENNYSTOCK,14.35,579,14.3,1653611,14.4,2116094
2026-08-13 20:42:33.407553,IDFCFIRSTB,72.74,814,72.69,1492742,72.79,1330619
2026-08-13 20:42:33.437009,SUZLON,54.8,10417,54.75,2162715,54.85,1141023
2026-08-13 20:42:33.439007,GMRINFRA,87.26,11668,87.21,1296739,87.31,2061002
2026-08-13 20:42:33.455738,SOUTHBANK,34.0,5295,33.95,1787073,34.05,1234401
2026-08-13 20:42:33.472771,IRB,64.84,1737,64.79,1217251,64.89,1915463
2026-08-13 20:42:33.489827,HFCL,122.63,6058,122.57,1628251,122.69,2454527
2026-08-13 20:42:33.508422,NMDC,232.26,1274,232.14,1949204,232.38,2286106
2026-08-13 20:42:33.522350,TATAPOWER,431.08,10127,430.86,2359803,431.3,1325660
2026-08-13 20:42:33.554661,BHEL,305.81,7579,305.66,2419461,305.96,2115299
2026-08-13 20:42:33.569298,HUDCO,194.8,7594,194.7,2459766,194.9,2096979
2026-08-13 20:42:33.572620,PNB,115.46,10572,115.4,2245727,115.52,2013649
2026-08-13 20:42:33.589136,NHPC,97.54,1978,97.49,1431654,97.59,2014853
2026-08-13 20:42:33.606099,SMALLCAP1,46.08,663,46.03,5913,46.13,15594
2026-08-13 20:42:33.622314,RELIANCE,2924.57,3168,2923.11,2093608,2926.03,2168124
2026-08-13 20:42:33.639793,TCS,3761.43,7257,3759.55,2380925,3763.31,2240209
2026-08-13 20:42:33.655976,INFY,1494.41,8695,1493.66,1251581,1495.16,1266850
2026-08-13 20:42:33.672239,PENNYSTOCK,14.34,1717,14.29,1215425,14.39,1118488
2026-08-13 20:42:48.407553,IDFCFIRSTB,72.65,882,72.6,1853124,72.7,1406096
2026-08-13 20:42:48.437009,SUZLON,54.81,6535,54.76,2233681,54.86,2201337
2026-08-13 20:42:48.439007,GMRINFRA,87.29,8778,87.24,2215957,87.34,1298534
2026-08-13 20:42:48.455738,SOUTHBANK,33.95,2469,33.9,1443550,34.0,2442167
2026-08-13 20:42:48.472771,IRB,64.89,11093,64.84,1779849,64.94,1893137
2026-08-13 20:42:48.489827,HFCL,122.48,4575,122.42,1240529,122.54,2245675
2026-08-13 20:42:48.508422,NMDC,232.28,8747,232.16,1756299,232.4,2440397
2026-08-13 20:42:48.522350,TATAPOWER,431.03,716,430.81,2185006,431.25,1766434
2026-08-13 20:42:48.554661,BHEL,305.85,5175,305.7,2427404,306.0,1833463
2026-08-13 20:42:48.569298,HUDCO,195.07,10163,194.97,2459121,195.17,1750509
2026-08-13 20:42:48.572620,PNB,115.49,2056,115.43,1082530,115.55,1545917
2026-08-13 20:42:48.589136,NHPC,97.69,14480,97.64,1056138,97.74,1339805
2026-08-13 20:42:48.606099,SMALLCAP1,46.07,875,46.02,17381,46.12,14691
2026-08-13 20:42:48.622314,RELIANCE,2923.37,11453,2921.91,2060494,2924.83,2458923
2026-08-13 20:42:48.639793,TCS,3755.24,7508,3753.36,1921428,3757.12,2088736
2026-08-13 20:42:48.655976,INFY,1495.31,7695,1494.56,1226633,1496.06,2053019
2026-08-13 20:42:48.672239,PENNYSTOCK,14.3,1120,14.25,2155098,14.35,1248352
2026-08-13 20:43:03.407553,IDFCFIRSTB,72.77,14383,72.72,1220836,72.82,1506940
2026-08-13 20:43:03.437009,SUZLON,54.78,3552,54.73,1324750,54.83,1488906
2026-08-13 20:43:03.439007,GMRINFRA,87.12,569,87.07,1832920,87.17,1432874
2026-08-13 20:43:03.455738,SOUTHBANK,33.89,4453,33.84,1933362,33.94,1080208
2026-08-13 20:43:03.472771,IRB,65.07,2210,65.02,1720387,65.12,2343616
2026-08-13 20:43:03.489827,HFCL,122.63,14229,122.57,2048382,122.69,1704551
2026-08-13 20:43:03.508422,NMDC,231.61,9776,231.49,2455117,231.73,2462456
2026-08-13 20:43:03.522350,TATAPOWER,431.33,5999,431.11,1793920,431.55,1314699
2026-08-13 20:43:03.554661,BHEL,305.96,9318,305.81,2054998,306.11,1168565
2026-08-13 20:43:03.569298,HUDCO,195.07,14267,194.97,1883722,195.17,2450326
2026-08-13 20:43:03.572620,PNB,115.44,1588,115.38,1814973,115.5,1221357
2026-08-13 20:43:03.589136,NHPC,97.73,11803,97.68,2318886,97.78,1059072
2026-08-13 20:43:03.606099,SMALLCAP1,46.08,217,46.03,23757,46.13,23610
2026-08-13 20:43:03.622314,RELIANCE,2920.38,42300,2918.92,2144360,2921.84,1467404
2026-08-13 20:43:03.639793,TCS,3755.08,14502,3753.2,1376217,3756.96,1967908
2026-08-13 20:43:03.655976,INFY,1495.64,8778,1494.89,2125797,1496.39,1523115
2026-08-13 20:43:03.672239,PENNYSTOCK,14.29,6691,14.24,1920544,14.34,1106271
2026-08-13 20:43:18.407553,IDFCFIRSTB,73.03,13691,72.98,1786821,73.08,2279025
2026-08-13 20:43:18.437009,SUZLON,54.89,6791,54.84,2120265,54.94,1056028
2026-08-13 20:43:18.439007,GMRINFRA,86.77,4395,86.72,1740608,86.82,1551003
2026-08-13 20:43:18.455738,SOUTHBANK,33.86,7510,33.81,1612842,33.91,2237898
2026-08-13 20:43:18.472771,IRB,64.99,14197,64.94,2184421,65.04,2242749
2026-08-13 20:43:18.489827,HFCL,122.2,44710,122.14,2188744,122.26,1854478
2026-08-13 20:43:18.508422,NMDC,231.41,6758,231.29,1416591,231.53,2285671
2026-08-13 20:43:18.522350,TATAPOWER,431.06,9936,430.84,1922678,431.28,1115734
2026-08-13 20:43:18.554661,BHEL,306.65,1024,306.5,1632275,306.8,1911486
2026-08-13 20:43:18.569298,HUDCO,194.68,10121,194.58,2074900,194.78,2214610
2026-08-13 20:43:18.572620,PNB,115.57,6218,115.51,2297276,115.63,1435273
2026-08-13 20:43:18.589136,NHPC,97.68,7067,97.63,1436920,97.73,1574301
2026-08-13 20:43:18.606099,SMALLCAP1,46.15,645,46.1,19896,46.2,10230
2026-08-13 20:43:18.622314,RELIANCE,2920.83,12031,2919.37,1820143,2922.29,2144512
2026-08-13 20:43:18.639793,TCS,3762.16,12712,3760.28,1620096,3764.04,1190752
2026-08-13 20:43:18.655976,INFY,1497.25,4109,1496.5,1435062,1498.0,2130645
2026-08-13 20:43:18.672239,PENNYSTOCK,14.25,8764,14.2,1370515,14.3,1144987
2026-08-13 20:43:33.407553,IDFCFIRSTB,72.95,9432,72.9,2387784,73.0,2093371
2026-08-13 20:43:33.437009,SUZLON,54.85,14744,54.8,1264839,54.9,1901004
2026-08-13 20:43:33.439007,GMRINFRA,86.97,13391,86.92,2369334,87.02,1783684
2026-08-13 20:43:33.455738,SOUTHBANK,33.89,14464,33.84,2180525,33.94,1303003
2026-08-13 20:43:33.472771,IRB,65.12,2600,65.07,2473953,65.17,2141328
2026-08-13 20:43:33.489827,HFCL,122.22,3030,122.16,2485574,122.28,1582560
2026-08-13 20:43:33.508422,NMDC,230.98,6959,230.86,1657177,231.1,1674959
2026-08-13 20:43:33.522350,TATAPOWER,431.08,9143,430.86,1082654,431.3,1524579
2026-08-13 20:43:33.554661,BHEL,306.52,34489,306.37,1897793,306.67,1516939
2026-08-13 20:43:33.569298,HUDCO,195.43,12255,195.33,2228609,195.53,1375693
2026-08-13 20:43:33.572620,PNB,115.54,9218,115.48,1354704,115.6,1789069
2026-08-13 20:43:33.589136,NHPC,97.43,4866,97.38,1850446,97.48,1336639
2026-08-13 20:43:33.606099,SMALLCAP1,46.15,567,46.1,9318,46.2,13748
2026-08-13 20:43:33.622314,RELIANCE,2912.65,8517,2911.19,1985992,2914.11,2027269
2026-08-13 20:43:33.639793,TCS,3763.23,3763,3761.35,1754837,3765.11,2027041
2026-08-13 20:43:33.655976,INFY,1494.93,10213,1494.18,2272130,1495.68,1503475
2026-08-13 20:43:33.672239,PENNYSTOCK,14.22,9478,14.17,2366042,14.27,2164574
2026-08-13 20:43:48.407553,IDFCFIRSTB,73.01,5374,72.96,1165080,73.06,1217434
2026-08-13 20:43:48.437009,SUZLON,54.94,1179,54.89,2182637,54.99,2356301
2026-08-13 20:43:48.439007,GMRINFRA,86.96,5825,86.91,1813956,87.01,1816371
2026-08-13 20:43:48.455738,SOUTHBANK,33.74,7311,33.69,1483890,33.79,1574952
2026-08-13 20:43:48.472771,IRB,65.13,14073,65.08,1598930,65.18,1918773
2026-08-13 20:43:48.489827,HFCL,121.97,4482,121.91,1203878,122.03,1495365
2026-08-13 20:43:48.508422,NMDC,230.89,14184,230.77,1466716,231.01,1249088
2026-08-13 20:43:48.522350,TATAPOWER,430.96,8627,430.74,2130823,431.18,1443774
2026-08-13 20:43:48.554661,BHEL,306.69,5091,306.54,1123829,306.84,1467736
2026-08-13 20:43:48.569298,HUDCO,195.54,11658,195.44,1994713,195.64,1525661
2026-08-13 20:43:48.572620,PNB,115.76,839,115.7,1123102,115.82,1695990
2026-08-13 20:43:48.589136,NHPC,97.44,8334,97.39,1834778,97.49,1939279
2026-08-13 20:43:48.606099,SMALLCAP1,46.12,980,46.07,19425,46.17,20933
2026-08-13 20:43:48.622314,RELIANCE,2915.04,541,2913.58,1289223,2916.5,1308199
2026-08-13 20:43:48.639793,TCS,3768.33,10134,3766.45,2130702,3770.21,2236770
2026-08-13 20:43:48.655976,INFY,1498.21,12393,1497.46,1533584,1498.96,1727558
2026-08-13 20:43:48.672239,PENNYSTOCK,14.21,11843,14.16,1308613,14.26,1332860
2026-08-13 20:44:03.407553,IDFCFIRSTB,72.96,7714,72.91,1630211,73.01,1087691
2026-08-13 20:44:03.437009,SUZLON,55.09,4915,55.04,1210334,55.14,2078409
2026-08-13 20:44:03.439007,GMRINFRA,87.09,4227,87.04,2298117,87.14,2183241
2026-08-13 20:44:03.455738,SOUTHBANK,33.78,4819,33.73,1869968,33.83,1074745
2026-08-13 20:44:03.472771,IRB,65.22,11019,65.17,1958277,65.27,1734026
2026-08-13 20:44:03.489827,HFCL,122.25,7824,122.19,2130401,122.31,1307417
2026-08-13 20:44:03.508422,NMDC,231.76,2115,231.64,1695790,231.88,1801111
2026-08-13 20:44:03.522350,TATAPOWER,430.51,3776,430.29,1711390,430.73,1760585
2026-08-13 20:44:03.554661,BHEL,307.32,13747,307.17,1579608,307.47,2442763
2026-08-13 20:44:03.569298,HUDCO,195.6,12460,195.5,1218829,195.7,1359152
2026-08-13 20:44:03.572620,PNB,115.79,5704,115.73,1111847,115.85,1819746
2026-08-13 20:44:03.589136,NHPC,97.35,13502,97.3,1484734,97.4,2480150
2026-08-13 20:44:03.606099,SMALLCAP1,46.17,827,46.12,17259,46.22,10228
2026-08-13 20:44:03.622314,RELIANCE,2913.63,6663,2912.17,1415306,2915.09,1066138
2026-08-13 20:44:03.639793,TCS,3772.51,164448,3770.62,1931568,3774.4,1722960
2026-08-13 20:44:03.655976,INFY,1500.13,10291,1499.38,1404471,1500.88,2330954
2026-08-13 20:44:03.672239,PENNYSTOCK,14.21,13989,14.16,1129899,14.26,1652102
2026-08-13 20:44:18.407553,IDFCFIRSTB,73.0,3550,72.95,1146402,73.05,1063379
2026-08-13 20:44:18.437009,SUZLON,55.02,3669,54.97,2370295,55.07,1766366
2026-08-13 20:44:18.439007,GMRINFRA,87.15,8093,87.1,2465878,87.2,2253153
2026-08-13 20:44:18.455738,SOUTHBANK,33.78,13135,33.73,1916591,33.83,2462881
2026-08-13 20:44:18.472771,IRB,65.21,11435,65.16,1240178,65.26,2215343
2026-08-13 20:44:18.489827,HFCL,122.25,5219,122.19,1337173,122.31,1065510
2026-08-13 20:44:18.508422,NMDC,231.84,11302,231.72,2463218,231.96,2267994
2026-08-13 20:44:18.522350,TATAPOWER,431.97,14809,431.75,1344915,432.19,1443726
2026-08-13 20:44:18.554661,BHEL,307.26,5454,307.11,1820142,307.41,1915694
2026-08-13 20:44:18.569298,HUDCO,195.7,14423,195.6,1317891,195.8,1665959
2026-08-13 20:44:18.572620,PNB,115.74,871,115.68,1843605,115.8,1051447
2026-08-13 20:44:18.589136,NHPC,97.57,3175,97.52,1557798,97.62,1128387
2026-08-13 20:44:18.606099,SMALLCAP1,46.32,294,46.27,20517,46.37,18090
2026-08-13 20:44:18.622314,RELIANCE,2915.6,13260,2914.14,1835565,2917.06,1254025
2026-08-13 20:44:18.639793,TCS,3768.47,12951,3766.59,1477037,3770.35,2242772
2026-08-13 20:44:18.655976,INFY,1502.29,2586,1501.54,1777916,1503.04,1715571
2026-08-13 20:44:18.672239,PENNYSTOCK,14.22,10355,14.17,2209592,14.27,1958902
2026-08-13 20:44:33.407553,IDFCFIRSTB,72.99,6934,72.94,2472817,73.04,1354660
2026-08-13 20:44:33.437009,SUZLON,55.02,14993,54.97,1279230,55.07,1391448
2026-08-13 20:44:33.439007,GMRINFRA,87.29,11538,87.24,1207781,87.34,2108648
2026-08-13 20:44:33.455738,SOUTHBANK,33.79,13500,33.74,2182402,33.84,2451409
2026-08-13 20:44:33.472771,IRB,65.13,12562,65.08,1844462,65.18,1417700
2026-08-13 20:44:33.489827,HFCL,122.49,12026,122.43,1214420,122.55,1237099
2026-08-13 20:44:33.508422,NMDC,231.99,1513,231.87,1341862,232.11,1364990
2026-08-13 20:44:33.522350,TATAPOWER,432.87,3105,432.65,1451030,433.09,2083329
2026-08-13 20:44:33.554661,BHEL,307.1,22472,306.95,1387109,307.25,1983031
2026-08-13 20:44:33.569298,HUDCO,195.34,12807,195.24,2134577,195.44,1901082
2026-08-13 20:44:33.572620,PNB,115.65,12147,115.59,1354813,115.71,1632759
2026-08-13 20:44:33.589136,NHPC,97.64,9550,97.59,1151540,97.69,1423566
2026-08-13 20:44:33.606099,SMALLCAP1,46.29,223,46.24,20222,46.34,12043
2026-08-13 20:44:33.622314,RELIANCE,2917.13,3773,2915.67,1603709,2918.59,1499572
2026-08-13 20:44:33.639793,TCS,3769.3,14615,3767.42,1371007,3771.18,2292577
2026-08-13 20:44:33.655976,INFY,1503.42,14111,1502.67,2020319,1504.17,2258765
2026-08-13 20:44:33.672239,PENNYSTOCK,14.19,1665,14.14,1507025,14.24,1572568
2026-08-13 20:44:48.407553,IDFCFIRSTB,73.03,14510,72.98,1191401,73.08,1474875
2026-08-13 20:44:48.437009,SUZLON,55.23,10568,55.18,2465283,55.28,1394152
2026-08-13 20:44:48.439007,GMRINFRA,87.2,5369,87.15,1389984,87.25,1798134
2026-08-13 20:44:48.455738,SOUTHBANK,33.77,10931,33.72,1787314,33.82,1340422
2026-08-13 20:44:48.472771,IRB,65.14,6349,65.09,2388426,65.19,1164763
2026-08-13 20:44:48.489827,HFCL,122.57,5232,122.51,2203295,122.63,1408740
2026-08-13 20:44:48.508422,NMDC,232.31,1122,232.19,1052041,232.43,2408048
2026-08-13 20:44:48.522350,TATAPOWER,432.83,29458,432.61,1269981,433.05,1268249
2026-08-13 20:44:48.554661,BHEL,306.88,43920,306.73,1387684,307.03,1954531
2026-08-13 20:44:48.569298,HUDCO,195.57,2029,195.47,2304388,195.67,2315780
2026-08-13 20:44:48.572620,PNB,115.87,13240,115.81,1498077,115.93,2293173
2026-08-13 20:44:48.589136,NHPC,97.65,7357,97.6,1938098,97.7,1695075
2026-08-13 20:44:48.606099,SMALLCAP1,46.28,602,46.23,21423,46.33,21605
2026-08-13 20:44:48.622314,RELIANCE,2917.49,9740,2916.03,1792538,2918.95,1632521
2026-08-13 20:44:48.639793,TCS,3765.4,1786,3763.52,1138254,3767.28,1551027
2026-08-13 20:44:48.655976,INFY,1503.92,12743,1503.17,2486823,1504.67,2096584
2026-08-13 20:44:48.672239,PENNYSTOCK,14.18,9089,14.13,1702108,14.23,1074014
2026-08-13 20:45:03.407553,IDFCFIRSTB,73.02,7197,72.97,1733864,73.07,1541239
2026-08-13 20:45:03.437009,SUZLON,55.15,9377,55.1,1373714,55.2,1533745
2026-08-13 20:45:03.439007,GMRINFRA,87.11,11129,87.06,2340488,87.16,2369654
2026-08-13 20:45:03.455738,SOUTHBANK,33.71,7218,33.66,1757697,33.76,1563196
2026-08-13 20:45:03.472771,IRB,65.23,4987,65.18,1888406,65.28,2079325
2026-08-13 20:45:03.489827,HFCL,122.43,3213,122.37,2041057,122.49,1830571
2026-08-13 20:45:03.508422,NMDC,232.73,3242,232.61,1398913,232.85,1666179
2026-08-13 20:45:03.522350,TATAPOWER,432.28,3713,432.06,2069628,432.5,2204371
2026-08-13 20:45:03.554661,BHEL,307.58,6585,307.43,2240002,307.73,2383233
2026-08-13 20:45:03.569298,HUDCO,195.39,8586,195.29,1244720,195.49,1264584
2026-08-13 20:45:03.572620,PNB,116.03,10793,115.97,1893492,116.09,1698501
2026-08-13 20:45:03.589136,NHPC,97.83,6116,97.78,2056800,97.88,1698912
2026-08-13 20:45:03.606099,SMALLCAP1,46.29,858,46.24,12262,46.34,12765
2026-08-13 20:45:03.622314,RELIANCE,2917.86,7581,2916.4,2180191,2919.32,1700713
2026-08-13 20:45:03.639793,TCS,3761.38,11929,3759.5,1402217,3763.26,2016199
2026-08-13 20:45:03.655976,INFY,1501.77,11073,1501.02,1945953,1502.52,1306399
2026-08-13 20:45:03.672239,PENNYSTOCK,14.19,12829,14.14,1242983,14.24,1521958
2026-08-13 20:45:18.407553,IDFCFIRSTB,73.11,755,73.06,2344157,73.16,2005410
2026-08-13 20:45:18.437009,SUZLON,55.08,4743,55.03,1948327,55.13,1504785
2026-08-13 20:45:18.439007,GMRINFRA,87.21,5164,87.16,1125770,87.26,2310833
2026-08-13 20:45:18.455738,SOUTHBANK,33.79,14203,33.74,2053211,33.84,2316001
2026-08-13 20:45:18.472771,IRB,65.33,12964,65.28,1286903,65.38,2185880
2026-08-13 20:45:18.489827,HFCL,122.56,5999,122.5,2247180,122.62,1362930
2026-08-13 20:45:18.508422,NMDC,232.33,1366,232.21,1897436,232.45,1486748
2026-08-13 20:45:18.522350,TATAPOWER,432.67,2295,432.45,2281580,432.89,1990112
2026-08-13 20:45:18.554661,BHEL,307.47,12964,307.32,2147704,307.62,2327416
2026-08-13 20:45:18.569298,HUDCO,195.72,2123,195.62,2192916,195.82,1404463
2026-08-13 20:45:18.572620,PNB,116.09,9514,116.03,1368793,116.15,1558400
2026-08-13 20:45:18.589136,NHPC,97.88,5559,97.83,1819764,97.93,1305950
2026-08-13 20:45:18.606099,SMALLCAP1,46.33,50,46.28,20423,46.38,13624
2026-08-13 20:45:18.622314,RELIANCE,2913.21,14883,2911.75,1334926,2914.67,2457192
2026-08-13 20:45:18.639793,TCS,3762.86,14392,3760.98,2102910,3764.74,1183629
2026-08-13 20:45:18.655976,INFY,1499.06,4248,1498.31,2001775,1499.81,2393002
2026-08-13 20:45:18.672239,PENNYSTOCK,14.19,11866,14.14,1709680,14.24,1363055
2026-08-13 20:45:33.407553,IDFCFIRSTB,73.13,8159,73.08,1409268,73.18,1630895
2026-08-13 20:45:33.437009,SUZLON,55.0,14580,54.95,1112536,55.05,1544302
2026-08-13 20:45:33.439007,GMRINFRA,87.06,676,87.01,2497187,87.11,1613516
2026-08-13 20:45:33.455738,SOUTHBANK,33.85,11006,33.8,1556419,33.9,1874845
2026-08-13 20:45:33.472771,IRB,65.28,7341,65.23,1591941,65.33,1643057
2026-08-13 20:45:33.489827,HFCL,122.22,14076,122.16,1866655,122.28,1660768
2026-08-13 20:45:33.508422,NMDC,232.54,5283,232.42,2246058,232.66,1800426
2026-08-13 20:45:33.522350,TATAPOWER,432.35,6656,432.13,1859153,432.57,1359179
2026-08-13 20:45:33.554661,BHEL,307.28,3180,307.13,1269129,307.43,1436070
2026-08-13 20:45:33.569298,HUDCO,195.43,9018,195.33,1494275,195.53,2399186
2026-08-13 20:45:33.572620,PNB,116.22,6956,116.16,1530598,116.28,1510641
2026-08-13 20:45:33.589136,NHPC,97.81,14007,97.76,1627081,97.86,1752442
2026-08-13 20:45:33.606099,SMALLCAP1,46.35,497,46.3,20149,46.4,8073
2026-08-13 20:45:33.622314,RELIANCE,2916.85,7751,2915.39,1989530,2918.31,1326499
2026-08-13 20:45:33.639793,TCS,3763.2,14869,3761.32,1641938,3765.08,2137256
2026-08-13 20:45:33.655976,INFY,1499.5,3077,1498.75,2194481,1500.25,1719344
2026-08-13 20:45:33.672239,PENNYSTOCK,14.18,169392,14.13,1267200,14.23,2462018
2026-08-13 20:45:48.407553,IDFCFIRSTB,73.24,14224,73.19,1353898,73.29,1606614
2026-08-13 20:45:48.437009,SUZLON,55.09,5722,55.04,1092255,55.14,1389074
2026-08-13 20:45:48.439007,GMRINFRA,87.03,1388,86.98,1147122,87.08,1549345
2026-08-13 20:45:48.455738,SOUTHBANK,33.84,88214,33.79,2335425,33.89,1622737
2026-08-13 20:45:48.472771,IRB,65.26,6060,65.21,1501350,65.31,1199307
2026-08-13 20:45:48.489827,HFCL,121.86,3172,121.8,1359504,121.92,2159301
2026-08-13 20:45:48.508422,NMDC,233.02,13542,232.9,1468591,233.14,1385256
2026-08-13 20:45:48.522350,TATAPOWER,431.43,14284,431.21,1977998,431.65,2157886
2026-08-13 20:45:48.554661,BHEL,306.96,5951,306.81,2471421,307.11,1471081
2026-08-13 20:45:48.569298,HUDCO,195.39,4991,195.29,2061413,195.49,1534022
2026-08-13 20:45:48.572620,PNB,116.37,13694,116.31,2312168,116.43,1679505
2026-08-13 20:45:48.589136,NHPC,97.98,7928,97.93,1789972,98.03,2290629
2026-08-13 20:45:48.606099,SMALLCAP1,46.26,315,46.21,15918,46.31,11287
2026-08-13 20:45:48.622314,RELIANCE,2912.17,13167,2910.71,2337679,2913.63,1391064
2026-08-13 20:45:48.639793,TCS,3766.91,6615,3765.03,1413709,3768.79,1356393
2026-08-13 20:45:48.655976,INFY,1499.17,2287,1498.42,2032260,1499.92,1946152
2026-08-13 20:45:48.672239,PENNYSTOCK,14.18,5936,14.13,2387474,14.23,2223771
2026-08-13 20:46:03.407553,IDFCFIRSTB,73.35,1310,73.3,2086588,73.4,2477286
2026-08-13 20:46:03.437009,SUZLON,55.01,630,54.96,2356443,55.06,1253726
2026-08-13 20:46:03.439007,GMRINFRA,87.04,13136,86.99,1203920,87.09,2112294
2026-08-13 20:46:03.455738,SOUTHBANK,34.0,8723,33.95,2006847,34.05,1260014
2026-08-13 20:46:03.472771,IRB,65.28,14904,65.23,1352697,65.33,1340735
2026-08-13 20:46:03.489827,HFCL,122.02,2360,121.96,2483945,122.08,1283519
2026-08-13 20:46:03.508422,NMDC,232.7,4689,232.58,2385119,232.82,1942911
2026-08-13 20:46:03.522350,TATAPOWER,431.56,10030,431.34,2485795,431.78,1374618
2026-08-13 20:46:03.554661,BHEL,306.83,6216,306.68,1453815,306.98,2147146
2026-08-13 20:46:03.569298,HUDCO,195.8,8668,195.7,1939971,195.9,1988936
2026-08-13 20:46:03.572620,PNB,116.6,8389,116.54,1731795,116.66,1670746
2026-08-13 20:46:03.589136,NHPC,97.95,11207,97.9,2311038,98.0,2187840
2026-08-13 20:46:03.606099,SMALLCAP1,46.09,429,46.04,22543,46.14,6840
2026-08-13 20:46:03.622314,RELIANCE,2911.84,6169,2910.38,1708086,2913.3,1695020
2026-08-13 20:46:03.639793,TCS,3761.75,7634,3759.87,2045011,3763.63,1541676
2026-08-13 20:46:03.655976,INFY,1498.91,11624,1498.16,1600499,1499.66,2165800
2026-08-13 20:46:03.672239,PENNYSTOCK,14.18,1948,14.13,1132092,14.23,1781560
2026-08-13 20:46:18.407553,IDFCFIRSTB,73.54,5616,73.49,1601564,73.59,2099120
2026-08-13 20:46:18.437009,SUZLON,55.08,11680,55.03,1718056,55.13,2286776
2026-08-13 20:46:18.439007,GMRINFRA,86.89,7510,86.84,1138582,86.94,1486628
2026-08-13 20:46:18.455738,SOUTHBANK,34.03,12084,33.98,2154060,34.08,1311582
2026-08-13 20:46:18.472771,IRB,65.06,12596,65.01,1395638,65.11,2413375
2026-08-13 20:46:18.489827,HFCL,122.08,12876,122.02,2409290,122.14,1937175
2026-08-13 20:46:18.508422,NMDC,232.74,12278,232.62,1512256,232.86,1804086
2026-08-13 20:46:18.522350,TATAPOWER,432.97,13074,432.75,2166156,433.19,1488986
2026-08-13 20:46:18.554661,BHEL,306.59,1566,306.44,1698001,306.74,1840530
2026-08-13 20:46:18.569298,HUDCO,196.33,13892,196.23,2100668,196.43,1841872
2026-08-13 20:46:18.572620,PNB,116.8,12189,116.74,1418419,116.86,2120240
2026-08-13 20:46:18.589136,NHPC,98.03,3065,97.98,2126876,98.08,1527738
2026-08-13 20:46:18.606099,SMALLCAP1,46.05,410,46.0,24813,46.1,12554
2026-08-13 20:46:18.622314,RELIANCE,2915.28,5954,2913.82,1621479,2916.74,1251201
2026-08-13 20:46:18.639793,TCS,3768.99,14203,3767.11,2475644,3770.87,1226564
2026-08-13 20:46:18.655976,INFY,1497.43,2289,1496.68,1284900,1498.18,2430626
2026-08-13 20:46:18.672239,PENNYSTOCK,14.14,13679,14.09,2179633,14.19,1490986
2026-08-13 20:46:33.407553,IDFCFIRSTB,73.59,1329,73.54,1142211,73.64,2097928
2026-08-13 20:46:33.437009,SUZLON,55.02,1415,54.97,1094156,55.07,1827082
2026-08-13 20:46:33.439007,GMRINFRA,87.01,7862,86.96,2171936,87.06,1465040
2026-08-13 20:46:33.455738,SOUTHBANK,34.02,98651,33.97,1791638,34.07,1967496
2026-08-13 20:46:33.472771,IRB,65.11,11509,65.06,2205077,65.16,2323504
2026-08-13 20:46:33.489827,HFCL,122.12,2609,122.06,1346492,122.18,1139177
2026-08-13 20:46:33.508422,NMDC,233.25,134775,233.13,1528319,233.37,1898442
2026-08-13 20:46:33.522350,TATAPOWER,432.72,4739,432.5,1216901,432.94,1501089
2026-08-13 20:46:33.554661,BHEL,306.18,3343,306.03,2300060,306.33,1447506
2026-08-13 20:46:33.569298,HUDCO,196.21,9262,196.11,1859024,196.31,1521412
2026-08-13 20:46:33.572620,PNB,116.74,1841,116.68,2233626,116.8,1655471
2026-08-13 20:46:33.589136,NHPC,97.68,10109,97.63,2254971,97.73,2213990
2026-08-13 20:46:33.606099,SMALLCAP1,46.05,261,46.0,19259,46.1,22975
2026-08-13 20:46:33.622314,RELIANCE,2906.8,13806,2905.35,2403095,2908.25,2185132
2026-08-13 20:46:33.639793,TCS,3771.95,11779,3770.06,1929117,3773.84,1248071
2026-08-13 20:46:33.655976,INFY,1499.4,117324,1498.65,1955723,1500.15,1912070
2026-08-13 20:46:33.672239,PENNYSTOCK,14.18,13258,14.13,1164426,14.23,1555509
2026-08-13 20:46:48.407553,IDFCFIRSTB,73.75,8459,73.7,2105183,73.8,1945372
2026-08-13 20:46:48.437009,SUZLON,54.93,1544,54.88,1314189,54.98,2142094
2026-08-13 20:46:48.439007,GMRINFRA,86.88,900,86.83,1728328,86.93,2312424
2026-08-13 20:46:48.455738,SOUTHBANK,33.87,6965,33.82,2451947,33.92,1296119
2026-08-13 20:46:48.472771,IRB,65.06,6187,65.01,2045586,65.11,2316986
2026-08-13 20:46:48.489827,HFCL,122.29,13090,122.23,1102344,122.35,1488613
2026-08-13 20:46:48.508422,NMDC,232.65,7012,232.53,1903397,232.77,1131084
2026-08-13 20:46:48.522350,TATAPOWER,433.47,6658,433.25,1921671,433.69,1674698
2026-08-13 20:46:48.554661,BHEL,306.58,126210,306.43,1870641,306.73,1718886
2026-08-13 20:46:48.569298,HUDCO,196.08,5301,195.98,2498953,196.18,1587044
2026-08-13 20:46:48.572620,PNB,116.72,5679,116.66,1865930,116.78,1432976
2026-08-13 20:46:48.589136,NHPC,97.49,7154,97.44,1380619,97.54,1469737
2026-08-13 20:46:48.606099,SMALLCAP1,46.1,333,46.05,5224,46.15,23097
2026-08-13 20:46:48.622314,RELIANCE,2911.92,14178,2910.46,1838882,2913.38,2468369
2026-08-13 20:46:48.639793,TCS,3764.39,11654,3762.51,1889557,3766.27,2240716
2026-08-13 20:46:48.655976,INFY,1501.2,2194,1500.45,2177257,1501.95,1242715
2026-08-13 20:46:48.672239,PENNYSTOCK,14.14,2560,14.09,1133441,14.19,1099346
2026-08-13 20:47:03.407553,IDFCFIRSTB,73.68,10239,73.63,2337324,73.73,2193287
2026-08-13 20:47:03.437009,SUZLON,55.02,4027,54.97,2411067,55.07,1967002
2026-08-13 20:47:03.439007,GMRINFRA,86.87,13511,86.82,1371899,86.92,1434858
2026-08-13 20:47:03.455738,SOUTHBANK,33.88,2569,33.83,2328827,33.93,1295824
2026-08-13 20:47:03.472771,IRB,65.06,1897,65.01,2117862,65.11,2415287
2026-08-13 20:47:03.489827,HFCL,122.37,11046,122.31,1762233,122.43,1063476
2026-08-13 20:47:03.508422,NMDC,232.37,7919,232.25,2382057,232.49,1577472
2026-08-13 20:47:03.522350,TATAPOWER,433.44,7652,433.22,1401769,433.66,1401406
2026-08-13 20:47:03.554661,BHEL,306.93,1465,306.78,1931907,307.08,1925511
2026-08-13 20:47:03.569298,HUDCO,195.88,13351,195.78,1979532,195.98,1595515
2026-08-13 20:47:03.572620,PNB,116.6,3509,116.54,1796134,116.66,2130628
2026-08-13 20:47:03.589136,NHPC,97.37,74090,97.32,1940407,97.42,1765709
2026-08-13 20:47:03.606099,SMALLCAP1,46.13,142,46.08,15917,46.18,18869
2026-08-13 20:47:03.622314,RELIANCE,2903.84,781,2902.39,1118125,2905.29,1201985
2026-08-13 20:47:03.639793,TCS,3761.57,2894,3759.69,1878057,3763.45,2262174
2026-08-13 20:47:03.655976,INFY,1502.43,13948,1501.68,1596848,1503.18,1948809
2026-08-13 20:47:03.672239,PENNYSTOCK,14.16,12565,14.11,1857765,14.21,1565771
2026-08-13 20:47:18.407553,IDFCFIRSTB,73.65,4662,73.6,2123657,73.7,1392489
2026-08-13 20:47:18.437009,SUZLON,54.98,10194,54.93,2214946,55.03,1208844
2026-08-13 20:47:18.439007,GMRINFRA,86.87,9163,86.82,1500341,86.92,1083570
2026-08-13 20:47:18.455738,SOUTHBANK,33.93,14760,33.88,2155988,33.98,2146776
2026-08-13 20:47:18.472771,IRB,64.99,3129,64.94,1418569,65.04,2061808
2026-08-13 20:47:18.489827,HFCL,122.23,10109,122.17,1869049,122.29,2165198
2026-08-13 20:47:18.508422,NMDC,232.58,516,232.46,2389839,232.7,1551444
2026-08-13 20:47:18.522350,TATAPOWER,432.43,2987,432.21,2456890,432.65,2400839
2026-08-13 20:47:18.554661,BHEL,306.42,4091,306.27,1415984,306.57,1493940
2026-08-13 20:47:18.569298,HUDCO,196.51,3448,196.41,1548689,196.61,2264945
2026-08-13 20:47:18.572620,PNB,116.43,2837,116.37,2329207,116.49,1212944
2026-08-13 20:47:18.589136,NHPC,97.38,7672,97.33,2154337,97.43,1725797
2026-08-13 20:47:18.606099,SMALLCAP1,46.27,416,46.22,15740,46.32,19528
2026-08-13 20:47:18.622314,RELIANCE,2900.57,8787,2899.12,1571943,2902.02,1735499
2026-08-13 20:47:18.639793,TCS,3766.19,2084,3764.31,2437077,3768.07,1720654
2026-08-13 20:47:18.655976,INFY,1504.0,11498,1503.25,1076069,1504.75,1168335
2026-08-13 20:47:18.672239,PENNYSTOCK,14.15,4438,14.1,1324013,14.2,2497965
2026-08-13 20:47:33.407553,IDFCFIRSTB,73.88,7570,73.83,1898994,73.93,1078242
2026-08-13 20:47:33.437009,SUZLON,55.11,9336,55.06,1172716,55.16,1241659
2026-08-13 20:47:33.439007,GMRINFRA,87.07,11861,87.02,1091591,87.12,1683689
2026-08-13 20:47:33.455738,SOUTHBANK,33.89,10844,33.84,1892073,33.94,2188755
2026-08-13 20:47:33.472771,IRB,65.17,6633,65.12,2061418,65.22,1350017
2026-08-13 20:47:33.489827,HFCL,122.23,2135,122.17,1730987,122.29,1530957
2026-08-13 20:47:33.508422,NMDC,232.82,10793,232.7,1645754,232.94,1730147
2026-08-13 20:47:33.522350,TATAPOWER,432.41,8950,432.19,1349198,432.63,2183517
2026-08-13 20:47:33.554661,BHEL,306.93,13437,306.78,2261706,307.08,1954491
2026-08-13 20:47:33.569298,HUDCO,196.17,2896,196.07,1766820,196.27,1957140
2026-08-13 20:47:33.572620,PNB,116.1,3962,116.04,1592343,116.16,2412006
2026-08-13 20:47:33.589136,NHPC,97.71,880,97.66,2208280,97.76,2476307
2026-08-13 20:47:33.606099,SMALLCAP1,46.25,368,46.2,9143,46.3,23522
2026-08-13 20:47:33.622314,RELIANCE,2904.25,3198,2902.8,1066194,2905.7,2195001
2026-08-13 20:47:33.639793,TCS,3772.7,11705,3770.81,2254161,3774.59,1485459
2026-08-13 20:47:33.655976,INFY,1503.07,10812,1502.32,1516652,1503.82,2399626
2026-08-13 20:47:33.672239,PENNYSTOCK,14.12,4392,14.07,2379246,14.17,2048524
2026-08-13 20:47:48.407553,IDFCFIRSTB,74.04,14436,73.99,2026270,74.09,1249254
2026-08-13 20:47:48.437009,SUZLON,54.97,3160,54.92,1413479,55.02,1114880
2026-08-13 20:47:48.439007,GMRINFRA,86.88,13010,86.83,2398775,86.93,2216767
2026-08-13 20:47:48.455738,SOUTHBANK,33.98,96184,33.93,2432815,34.03,1898909
2026-08-13 20:47:48.472771,IRB,65.26,13921,65.21,2177133,65.31,1659098
2026-08-13 20:47:48.489827,HFCL,121.99,10868,121.93,1442164,122.05,2435448
2026-08-13 20:47:48.508422,NMDC,233.41,8566,233.29,2389453,233.53,1573288
2026-08-13 20:47:48.522350,TATAPOWER,432.24,13136,432.02,2005275,432.46,1368498
2026-08-13 20:47:48.554661,BHEL,307.59,11082,307.44,1382385,307.74,1934266
2026-08-13 20:47:48.569298,HUDCO,196.33,701,196.23,1938187,196.43,2428847
2026-08-13 20:47:48.572620,PNB,115.94,11461,115.88,2326444,116.0,1629681
2026-08-13 20:47:48.589136,NHPC,97.34,12091,97.29,1561981,97.39,1538796
2026-08-13 20:47:48.606099,SMALLCAP1,46.27,461,46.22,21806,46.32,13483
2026-08-13 20:47:48.622314,RELIANCE,2909.39,3158,2907.94,1808765,2910.84,1660951
2026-08-13 20:47:48.639793,TCS,3770.02,11016,3768.13,1552118,3771.91,1317821
2026-08-13 20:47:48.655976,INFY,1501.79,5995,1501.04,2432755,1502.54,1284678
2026-08-13 20:47:48.672239,PENNYSTOCK,14.14,83310,14.09,1189046,14.19,2434915
2026-08-13 20:48:03.407553,IDFCFIRSTB,74.12,1560,74.07,2439295,74.17,1978923
2026-08-13 20:48:03.437009,SUZLON,55.03,1765,54.98,1720823,55.08,2156615
2026-08-13 20:48:03.439007,GMRINFRA,86.99,1261,86.94,1563063,87.04,2231331
2026-08-13 20:48:03.455738,SOUTHBANK,33.99,4282,33.94,1326536,34.04,2092399
2026-08-13 20:48:03.472771,IRB,65.31,3701,65.26,1341534,65.36,1653308
2026-08-13 20:48:03.489827,HFCL,121.53,3092,121.47,1511859,121.59,1160983
2026-08-13 20:48:03.508422,NMDC,233.27,10028,233.15,2016625,233.39,1814405
2026-08-13 20:48:03.522350,TATAPOWER,433.29,2340,433.07,2273949,433.51,1160495
2026-08-13 20:48:03.554661,BHEL,308.49,12188,308.34,1116177,308.64,2180072
2026-08-13 20:48:03.569298,HUDCO,196.13,4622,196.03,2337935,196.23,2096006
2026-08-13 20:48:03.572620,PNB,116.03,14489,115.97,1083087,116.09,1375351
2026-08-13 20:48:03.589136,NHPC,97.24,11003,97.19,1762435,97.29,1485756
2026-08-13 20:48:03.606099,SMALLCAP1,46.2,289,46.15,7473,46.25,18031
2026-08-13 20:48:03.622314,RELIANCE,2914.99,9805,2913.53,1177516,2916.45,2395004
2026-08-13 20:48:03.639793,TCS,3769.59,9375,3767.71,2278931,3771.47,2063581
2026-08-13 20:48:03.655976,INFY,1505.73,4575,1504.98,1572010,1506.48,2092729
2026-08-13 20:48:03.672239,PENNYSTOCK,14.16,14340,14.11,1609585,14.21,2165206
2026-08-13 20:48:18.407553,IDFCFIRSTB,73.98,14884,73.93,1912967,74.03,2181129
2026-08-13 20:48:18.437009,SUZLON,54.99,3981,54.94,1286886,55.04,2231623
2026-08-13 20:48:18.439007,GMRINFRA,86.96,4192,86.91,2154792,87.01,1405048
2026-08-13 20:48:18.455738,SOUTHBANK,34.02,3141,33.97,2152855,34.07,2292497
2026-08-13 20:48:18.472771,IRB,65.33,3835,65.28,2245620,65.38,2180787
2026-08-13 20:48:18.489827,HFCL,121.68,9189,121.62,1925276,121.74,1119777
2026-08-13 20:48:18.508422,NMDC,233.22,2781,233.1,1869872,233.34,1288940
2026-08-13 20:48:18.522350,TATAPOWER,432.86,11869,432.64,1216435,433.08,2480886
2026-08-13 20:48:18.554661,BHEL,308.29,4887,308.14,1787870,308.44,1408194
2026-08-13 20:48:18.569298,HUDCO,196.28,1214,196.18,2067620,196.38,1353321
2026-08-13 20:48:18.572620,PNB,116.02,9975,115.96,2233028,116.08,2289516
2026-08-13 20:48:18.589136,NHPC,97.58,6677,97.53,1997847,97.63,1192159
2026-08-13 20:48:18.606099,SMALLCAP1,46.29,982,46.24,12679,46.34,23153
2026-08-13 20:48:18.622314,RELIANCE,2915.15,6547,2913.69,2014732,2916.61,1132595
2026-08-13 20:48:18.639793,TCS,3768.55,3088,3766.67,2343991,3770.43,2295547
2026-08-13 20:48:18.655976,INFY,1506.46,7220,1505.71,1739810,1507.21,1847615
2026-08-13 20:48:18.672239,PENNYSTOCK,14.14,13884,14.09,1685563,14.19,1508727
2026-08-13 20:48:33.407553,IDFCFIRSTB,73.92,6734,73.87,2252735,73.97,1253315
2026-08-13 20:48:33.437009,SUZLON,55.03,14172,54.98,1893892,55.08,1682445
2026-08-13 20:48:33.439007,GMRINFRA,86.85,54072,86.8,1897999,86.9,1817895
2026-08-13 20:48:33.455738,SOUTHBANK,33.99,12728,33.94,1330723,34.04,1945978
2026-08-13 20:48:33.472771,IRB,65.39,10368,65.34,1737385,65.44,2008813
2026-08-13 20:48:33.489827,HFCL,121.98,2013,121.92,1403634,122.04,2003777
2026-08-13 20:48:33.508422,NMDC,233.21,12565,233.09,2090527,233.33,2369988
2026-08-13 20:48:33.522350,TATAPOWER,432.61,6824,432.39,1797740,432.83,1541700
2026-08-13 20:48:33.554661,BHEL,308.19,4698,308.04,1426035,308.34,1747380
2026-08-13 20:48:33.569298,HUDCO,196.56,7678,196.46,1823513,196.66,1366402
2026-08-13 20:48:33.572620,PNB,116.12,6800,116.06,1925978,116.18,2304143
2026-08-13 20:48:33.589136,NHPC,97.58,4776,97.53,1118940,97.63,1937204
2026-08-13 20:48:33.606099,SMALLCAP1,46.2,871,46.15,6592,46.25,23800
2026-08-13 20:48:33.622314,RELIANCE,2916.91,14193,2915.45,1749622,2918.37,2282903
2026-08-13 20:48:33.639793,TCS,3756.65,680,3754.77,2286648,3758.53,2418313
2026-08-13 20:48:33.655976,INFY,1509.1,7322,1508.35,1598954,1509.85,2483845
2026-08-13 20:48:33.672239,PENNYSTOCK,14.17,12120,14.12,2156222,14.22,2340705
2026-08-13 20:48:48.407553,IDFCFIRSTB,73.79,7843,73.74,2027374,73.84,1433455
2026-08-13 20:48:48.437009,SUZLON,54.98,7872,54.93,2325434,55.03,1576986
2026-08-13 20:48:48.439007,GMRINFRA,86.8,1229,86.75,1306084,86.85,1383538
2026-08-13 20:48:48.455738,SOUTHBANK,33.91,14198,33.86,1790843,33.96,1310397
2026-08-13 20:48:48.472771,IRB,65.3,13735,65.25,1245952,65.35,1513123
2026-08-13 20:48:48.489827,HFCL,121.8,6920,121.74,1788891,121.86,2338279
2026-08-13 20:48:48.508422,NMDC,233.79,4548,233.67,1413539,233.91,1192951
2026-08-13 20:48:48.522350,TATAPOWER,433.68,10377,433.46,2433735,433.9,1835284
2026-08-13 20:48:48.554661,BHEL,307.8,12163,307.65,2241135,307.95,1609619
2026-08-13 20:48:48.569298,HUDCO,196.34,14791,196.24,1860179,196.44,2122796
2026-08-13 20:48:48.572620,PNB,116.07,2782,116.01,1238156,116.13,1631577
2026-08-13 20:48:48.589136,NHPC,97.71,860,97.66,1994925,97.76,1532419
2026-08-13 20:48:48.606099,SMALLCAP1,46.14,964,46.09,8363,46.19,22836
2026-08-13 20:48:48.622314,RELIANCE,2921.29,13305,2919.83,1673272,2922.75,2002291
2026-08-13 20:48:48.639793,TCS,3769.56,6885,3767.68,2018635,3771.44,1469318
2026-08-13 20:48:48.655976,INFY,1510.71,1017,1509.95,2241197,1511.47,1972358
2026-08-13 20:48:48.672239,PENNYSTOCK,14.19,17832,14.14,1791645,14.24,2460932
2026-08-13 20:49:03.407553,IDFCFIRSTB,73.94,12991,73.89,1642132,73.99,2094236
2026-08-13 20:49:03.437009,SUZLON,54.97,1856,54.92,1839608,55.02,2270158
2026-08-13 20:49:03.439007,GMRINFRA,86.82,6879,86.77,1522566,86.87,2380293
2026-08-13 20:49:03.455738,SOUTHBANK,33.81,5110,33.76,2149175,33.86,2095317
2026-08-13 20:49:03.472771,IRB,65.27,9933,65.22,1092373,65.32,1898654
2026-08-13 20:49:03.489827,HFCL,121.56,3397,121.5,1173581,121.62,1345198
2026-08-13 20:49:03.508422,NMDC,233.78,9701,233.66,1244654,233.9,1580324
2026-08-13 20:49:03.522350,TATAPOWER,434.38,12864,434.16,1767748,434.6,1905020
2026-08-13 20:49:03.554661,BHEL,307.73,4995,307.58,1050800,307.88,1738904
2026-08-13 20:49:03.569298,HUDCO,196.23,8138,196.13,1267391,196.33,2343724
2026-08-13 20:49:03.572620,PNB,116.05,4484,115.99,1072214,116.11,1157894
2026-08-13 20:49:03.589136,NHPC,97.55,4937,97.5,1361284,97.6,2262295
2026-08-13 20:49:03.606099,SMALLCAP1,46.04,804,45.99,11092,46.09,7861
2026-08-13 20:49:03.622314,RELIANCE,2920.46,13404,2919.0,1903807,2921.92,1907082
2026-08-13 20:49:03.639793,TCS,3771.34,12763,3769.45,2018280,3773.23,2035702
2026-08-13 20:49:03.655976,INFY,1513.47,898,1512.71,1334913,1514.23,2405066
2026-08-13 20:49:03.672239,PENNYSTOCK,14.21,6842,14.16,1521077,14.26,1864987
2026-08-13 20:49:18.407553,IDFCFIRSTB,73.85,12863,73.8,2494780,73.9,1845690
2026-08-13 20:49:18.437009,SUZLON,55.05,12768,55.0,2088252,55.1,1823193
2026-08-13 20:49:18.439007,GMRINFRA,86.79,4925,86.74,1962226,86.84,2356155
2026-08-13 20:49:18.455738,SOUTHBANK,33.92,7336,33.87,1183781,33.97,1082849
2026-08-13 20:49:18.472771,IRB,65.14,14378,65.09,2233371,65.19,2453018
2026-08-13 20:49:18.489827,HFCL,121.5,5172,121.44,2161417,121.56,1763289
2026-08-13 20:49:18.508422,NMDC,233.83,3089,233.71,1418911,233.95,1688463
2026-08-13 20:49:18.522350,TATAPOWER,434.48,11563,434.26,1965498,434.7,2100282
2026-08-13 20:49:18.554661,BHEL,307.18,16512,307.03,2439900,307.33,1658154
2026-08-13 20:49:18.569298,HUDCO,196.58,4212,196.48,2286127,196.68,1792052
2026-08-13 20:49:18.572620,PNB,115.87,12537,115.81,1805423,115.93,2085375
2026-08-13 20:49:18.589136,NHPC,97.54,3231,97.49,2313257,97.59,2180421
2026-08-13 20:49:18.606099,SMALLCAP1,46.13,396,46.08,16284,46.18,23709
2026-08-13 20:49:18.622314,RELIANCE,2925.27,1681,2923.81,1965864,2926.73,1631454
2026-08-13 20:49:18.639793,TCS,3772.6,9972,3770.71,1384820,3774.49,1628146
2026-08-13 20:49:18.655976,INFY,1513.12,9053,1512.36,1147184,1513.88,1985975
2026-08-13 20:49:18.672239,PENNYSTOCK,14.22,8871,14.17,1817101,14.27,1171065
2026-08-13 20:49:33.407553,IDFCFIRSTB,73.8,7742,73.75,2126102,73.85,1222670
2026-08-13 20:49:33.437009,SUZLON,54.97,12686,54.92,1374282,55.02,1106247
2026-08-13 20:49:33.439007,GMRINFRA,86.75,7995,86.7,1115091,86.8,1490267
2026-08-13 20:49:33.455738,SOUTHBANK,33.95,10632,33.9,2467424,34.0,1052537
2026-08-13 20:49:33.472771,IRB,65.15,685,65.1,1589438,65.2,1973468
2026-08-13 20:49:33.489827,HFCL,121.31,14209,121.25,1061951,121.37,1121385
2026-08-13 20:49:33.508422,NMDC,233.93,8856,233.81,2460997,234.05,2214292
2026-08-13 20:49:33.522350,TATAPOWER,434.71,14821,434.49,1934028,434.93,1939300
2026-08-13 20:49:33.554661,BHEL,306.6,13409,306.45,1371366,306.75,1069792
2026-08-13 20:49:33.569298,HUDCO,196.87,9915,196.77,1715243,196.97,1985733
2026-08-13 20:49:33.572620,PNB,116.09,9150,116.03,1675678,116.15,1495785
2026-08-13 20:49:33.589136,NHPC,97.45,13049,97.4,1283869,97.5,1204437
2026-08-13 20:49:33.606099,SMALLCAP1,46.04,828,45.99,17522,46.09,19989
2026-08-13 20:49:33.622314,RELIANCE,2928.28,2866,2926.82,2427984,2929.74,1998581
2026-08-13 20:49:33.639793,TCS,3771.09,1653,3769.2,2304642,3772.98,1557414
2026-08-13 20:49:33.655976,INFY,1515.46,13071,1514.7,2097718,1516.22,2320246
2026-08-13 20:49:33.672239,PENNYSTOCK,14.21,2768,14.16,1885320,14.26,2466330
2026-08-13 20:49:48.407553,IDFCFIRSTB,73.68,1922,73.63,2025164,73.73,1638485
2026-08-13 20:49:48.437009,SUZLON,54.89,13327,54.84,2285506,54.94,1505887
2026-08-13 20:49:48.439007,GMRINFRA,86.72,13626,86.67,1250978,86.77,2315718
2026-08-13 20:49:48.455738,SOUTHBANK,33.87,13171,33.82,2242947,33.92,1217975
2026-08-13 20:49:48.472771,IRB,65.15,7713,65.1,1577073,65.2,1068900
2026-08-13 20:49:48.489827,HFCL,121.13,4740,121.07,1940967,121.19,1718703
2026-08-13 20:49:48.508422,NMDC,234.16,14212,234.04,2419914,234.28,1718061
2026-08-13 20:49:48.522350,TATAPOWER,435.6,821,435.38,2309094,435.82,1417319
2026-08-13 20:49:48.554661,BHEL,306.97,8844,306.82,1606966,307.12,1463079
2026-08-13 20:49:48.569298,HUDCO,196.63,579,196.53,1792407,196.73,1084021
2026-08-13 20:49:48.572620,PNB,115.86,8049,115.8,1470685,115.92,2403563
2026-08-13 20:49:48.589136,NHPC,97.38,9829,97.33,1772298,97.43,1112053
2026-08-13 20:49:48.606099,SMALLCAP1,46.06,368,46.01,22966,46.11,11005
2026-08-13 20:49:48.622314,RELIANCE,2924.17,10457,2922.71,1221039,2925.63,2147646
2026-08-13 20:49:48.639793,TCS,3775.68,2287,3773.79,1364165,3777.57,1058606
2026-08-13 20:49:48.655976,INFY,1515.38,9512,1514.62,2005163,1516.14,2360313
2026-08-13 20:49:48.672239,PENNYSTOCK,14.23,9878,14.18,1098367,14.28,2234267
2026-08-13 20:50:03.407553,IDFCFIRSTB,73.88,10950,73.83,1654361,73.93,1672833
2026-08-13 20:50:03.437009,SUZLON,54.84,3555,54.79,2311480,54.89,2426647
2026-08-13 20:50:03.439007,GMRINFRA,86.83,14542,86.78,2240872,86.88,2359769
2026-08-13 20:50:03.455738,SOUTHBANK,33.87,2954,33.82,2149058,33.92,1140016
2026-08-13 20:50:03.472771,IRB,65.01,10330,64.96,1095298,65.06,1321961
2026-08-13 20:50:03.489827,HFCL,121.53,12408,121.47,1631936,121.59,1122378
2026-08-13 20:50:03.508422,NMDC,234.49,9694,234.37,1759807,234.61,1498958
2026-08-13 20:50:03.522350,TATAPOWER,435.01,6467,434.79,1402116,435.23,2179854
2026-08-13 20:50:03.554661,BHEL,306.32,9694,306.17,1654752,306.47,1488394
2026-08-13 20:50:03.569298,HUDCO,196.61,7956,196.51,2173692,196.71,2255178
2026-08-13 20:50:03.572620,PNB,115.89,10483,115.83,1936513,115.95,2393745
2026-08-13 20:50:03.589136,NHPC,97.29,12386,97.24,1843548,97.34,1532754
2026-08-13 20:50:03.606099,SMALLCAP1,46.0,197,45.95,20880,46.05,15870
2026-08-13 20:50:03.622314,RELIANCE,2920.52,6125,2919.06,1627877,2921.98,1220670
2026-08-13 20:50:03.639793,TCS,3783.13,14685,3781.24,1158858,3785.02,1514384
2026-08-13 20:50:03.655976,INFY,1516.99,1178,1516.23,2443196,1517.75,1899739
2026-08-13 20:50:03.672239,PENNYSTOCK,14.23,5803,14.18,1759597,14.28,1362312
2026-08-13 20:50:18.407553,IDFCFIRSTB,73.89,14773,73.84,1112724,73.94,2180143
2026-08-13 20:50:18.437009,SUZLON,54.93,11178,54.88,1731450,54.98,2330029
2026-08-13 20:50:18.439007,GMRINFRA,86.88,4687,86.83,1177361,86.93,1773215
2026-08-13 20:50:18.455738,SOUTHBANK,33.86,12161,33.81,1242970,33.91,2164036
2026-08-13 20:50:18.472771,IRB,65.12,3527,65.07,1110950,65.17,1851401
2026-08-13 20:50:18.489827,HFCL,121.73,7842,121.67,1056738,121.79,1269870
2026-08-13 20:50:18.508422,NMDC,234.4,675,234.28,1560583,234.52,1392970
2026-08-13 20:50:18.522350,TATAPOWER,433.85,10829,433.63,2042846,434.07,2092999
2026-08-13 20:50:18.554661,BHEL,305.84,14699,305.69,2060060,305.99,1213438
2026-08-13 20:50:18.569298,HUDCO,196.8,5008,196.7,1794226,196.9,1205004
2026-08-13 20:50:18.572620,PNB,116.0,12657,115.94,2022372,116.06,1921704
2026-08-13 20:50:18.589136,NHPC,97.29,13765,97.24,2002117,97.34,1183362
2026-08-13 20:50:18.606099,SMALLCAP1,46.0,853,45.95,18130,46.05,11173
2026-08-13 20:50:18.622314,RELIANCE,2923.49,14753,2922.03,1804707,2924.95,1071901
2026-08-13 20:50:18.639793,TCS,3779.22,3709,3777.33,1983084,3781.11,1873341
2026-08-13 20:50:18.655976,INFY,1517.95,3615,1517.19,1789721,1518.71,1313770
2026-08-13 20:50:18.672239,PENNYSTOCK,14.25,11435,14.2,1451356,14.3,2090103
2026-08-13 20:50:33.407553,IDFCFIRSTB,73.87,114384,73.82,2372699,73.92,2046752
2026-08-13 20:50:33.437009,SUZLON,54.88,9685,54.83,2147251,54.93,1933642
2026-08-13 20:50:33.439007,GMRINFRA,87.22,11974,87.17,1223617,87.27,2358029
2026-08-13 20:50:33.455738,SOUTHBANK,33.92,4560,33.87,2093426,33.97,2355886
2026-08-13 20:50:33.472771,IRB,65.0,855,64.95,1653448,65.05,2252309
2026-08-13 20:50:33.489827,HFCL,121.67,3911,121.61,1805632,121.73,1781648
2026-08-13 20:50:33.508422,NMDC,234.68,5811,234.56,2253212,234.8,2088686
2026-08-13 20:50:33.522350,TATAPOWER,433.83,12610,433.61,2276074,434.05,1751098
2026-08-13 20:50:33.554661,BHEL,306.27,889,306.12,1697263,306.42,1862966
2026-08-13 20:50:33.569298,HUDCO,196.79,7268,196.69,1870981,196.89,2218659
2026-08-13 20:50:33.572620,PNB,116.23,7467,116.17,1222231,116.29,2227651
2026-08-13 20:50:33.589136,NHPC,97.27,2006,97.22,2492365,97.32,1271870
2026-08-13 20:50:33.606099,SMALLCAP1,46.13,478,46.08,21195,46.18,17881
2026-08-13 20:50:33.622314,RELIANCE,2930.9,7455,2929.43,2236215,2932.37,1543808
2026-08-13 20:50:33.639793,TCS,3787.96,14051,3786.07,1381583,3789.85,1793502
2026-08-13 20:50:33.655976,INFY,1519.99,11109,1519.23,2220031,1520.75,2478908
2026-08-13 20:50:33.672239,PENNYSTOCK,14.22,4404,14.17,1105116,14.27,2425521
2026-08-13 20:50:48.407553,IDFCFIRSTB,73.79,2136,73.74,1962677,73.84,1760536
2026-08-13 20:50:48.437009,SUZLON,54.88,3593,54.83,2440994,54.93,1877743
2026-08-13 20:50:48.439007,GMRINFRA,87.47,1360,87.42,1395501,87.52,2287822
2026-08-13 20:50:48.455738,SOUTHBANK,33.84,9242,33.79,1859330,33.89,1311155
2026-08-13 20:50:48.472771,IRB,65.06,6628,65.01,2218966,65.11,1078931
2026-08-13 20:50:48.489827,HFCL,121.95,9221,121.89,1359209,122.01,2210244
2026-08-13 20:50:48.508422,NMDC,234.29,10066,234.17,2224280,234.41,1076966
2026-08-13 20:50:48.522350,TATAPOWER,433.25,7777,433.03,1922740,433.47,1628068
2026-08-13 20:50:48.554661,BHEL,306.04,13288,305.89,1480795,306.19,1566634
2026-08-13 20:50:48.569298,HUDCO,196.62,6659,196.52,1823290,196.72,1458560
2026-08-13 20:50:48.572620,PNB,116.65,7639,116.59,1192227,116.71,2356833
2026-08-13 20:50:48.589136,NHPC,97.51,14121,97.46,1086245,97.56,1735583
2026-08-13 20:50:48.606099,SMALLCAP1,46.11,53,46.06,15451,46.16,23694
2026-08-13 20:50:48.622314,RELIANCE,2926.5,14649,2925.04,1126215,2927.96,2020730
2026-08-13 20:50:48.639793,TCS,3786.95,7591,3785.06,1384179,3788.84,1845981
2026-08-13 20:50:48.655976,INFY,1520.99,10947,1520.23,1567641,1521.75,1345410
2026-08-13 20:50:48.672239,PENNYSTOCK,14.21,14713,14.16,1944132,14.26,2416066
2026-08-13 20:51:03.407553,IDFCFIRSTB,73.87,4142,73.82,1102157,73.92,2045995
2026-08-13 20:51:03.437009,SUZLON,54.91,5696,54.86,1570194,54.96,2203284
2026-08-13 20:51:03.439007,GMRINFRA,87.72,7695,87.67,1198556,87.77,1599610
2026-08-13 20:51:03.455738,SOUTHBANK,33.78,9378,33.73,1236496,33.83,2182967
2026-08-13 20:51:03.472771,IRB,65.01,6672,64.96,1991239,65.06,1930236
2026-08-13 20:51:03.489827,HFCL,122.11,8233,122.05,1113788,122.17,2011574
2026-08-13 20:51:03.508422,NMDC,235.09,653,234.97,1349885,235.21,1615262
2026-08-13 20:51:03.522350,TATAPOWER,433.43,13619,433.21,1658759,433.65,2334424
2026-08-13 20:51:03.554661,BHEL,305.43,767,305.28,2328121,305.58,1282010
2026-08-13 20:51:03.569298,HUDCO,196.45,1882,196.35,1859702,196.55,1928654
2026-08-13 20:51:03.572620,PNB,116.87,23205,116.81,1291093,116.93,2329553
2026-08-13 20:51:03.589136,NHPC,97.56,13055,97.51,2028484,97.61,2191174
2026-08-13 20:51:03.606099,SMALLCAP1,46.11,476,46.06,23230,46.16,16969
2026-08-13 20:51:03.622314,RELIANCE,2922.63,7657,2921.17,1097829,2924.09,2326526
2026-08-13 20:51:03.639793,TCS,3789.87,8693,3787.98,1957600,3791.76,2027957
2026-08-13 20:51:03.655976,INFY,1520.73,1947,1519.97,1233550,1521.49,1955876
2026-08-13 20:51:03.672239,PENNYSTOCK,14.2,7229,14.15,2366656,14.25,1644544
2026-08-13 20:51:18.407553,IDFCFIRSTB,73.97,5135,73.92,1914737,74.02,2292431
2026-08-13 20:51:18.437009,SUZLON,54.88,3461,54.83,1104917,54.93,2254100
2026-08-13 20:51:18.439007,GMRINFRA,87.71,3394,87.66,1496188,87.76,1755450
2026-08-13 20:51:18.455738,SOUTHBANK,33.82,9030,33.77,2389705,33.87,1653010
2026-08-13 20:51:18.472771,IRB,64.93,5825,64.88,1396251,64.98,1527860
2026-08-13 20:51:18.489827,HFCL,122.3,4753,122.24,1454803,122.36,2031537
2026-08-13 20:51:18.508422,NMDC,235.25,10258,235.13,1589796,235.37,1639779
2026-08-13 20:51:18.522350,TATAPOWER,433.67,2741,433.45,2304472,433.89,1940706
2026-08-13 20:51:18.554661,BHEL,305.45,5092,305.3,1215771,305.6,2022226
2026-08-13 20:51:18.569298,HUDCO,196.91,3984,196.81,1933612,197.01,1585768
2026-08-13 20:51:18.572620,PNB,117.1,7084,117.04,1183016,117.16,2220629
2026-08-13 20:51:18.589136,NHPC,97.7,7176,97.65,1387865,97.75,2242099
2026-08-13 20:51:18.606099,SMALLCAP1,46.32,622,46.27,6656,46.37,12409
2026-08-13 20:51:18.622314,RELIANCE,2916.42,4949,2914.96,1746901,2917.88,1617781
2026-08-13 20:51:18.639793,TCS,3794.8,13056,3792.9,1211490,3796.7,1152095
2026-08-13 20:51:18.655976,INFY,1521.35,7593,1520.59,2431388,1522.11,2017202
2026-08-13 20:51:18.672239,PENNYSTOCK,14.2,13761,14.15,1955689,14.25,1787019
2026-08-13 20:51:33.407553,IDFCFIRSTB,73.98,121500,73.93,2309566,74.03,2265117
2026-08-13 20:51:33.437009,SUZLON,54.91,11143,54.86,2239255,54.96,1705841
2026-08-13 20:51:33.439007,GMRINFRA,87.65,7963,87.6,1656287,87.7,1274255
2026-08-13 20:51:33.455738,SOUTHBANK,33.82,14139,33.77,1412574,33.87,1283795
2026-08-13 20:51:33.472771,IRB,64.88,11667,64.83,2290495,64.93,1453449
2026-08-13 20:51:33.489827,HFCL,122.04,6519,121.98,2333250,122.1,1996329
2026-08-13 20:51:33.508422,NMDC,235.09,7405,234.97,1699961,235.21,2476914
2026-08-13 20:51:33.522350,TATAPOWER,434.52,3330,434.3,1195448,434.74,1340870
2026-08-13 20:51:33.554661,BHEL,305.17,1506,305.02,1802974,305.32,2344325
2026-08-13 20:51:33.569298,HUDCO,197.12,8658,197.02,1140384,197.22,1071712
2026-08-13 20:51:33.572620,PNB,116.88,7297,116.82,1940738,116.94,1955792
2026-08-13 20:51:33.589136,NHPC,97.64,8696,97.59,1409396,97.69,1624187
2026-08-13 20:51:33.606099,SMALLCAP1,46.27,190,46.22,7558,46.32,17446
2026-08-13 20:51:33.622314,RELIANCE,2917.63,6381,2916.17,1554773,2919.09,1691898
2026-08-13 20:51:33.639793,TCS,3794.37,2096,3792.47,1405567,3796.27,1640751
2026-08-13 20:51:33.655976,INFY,1522.14,5906,1521.38,1125532,1522.9,1618894
2026-08-13 20:51:33.672239,PENNYSTOCK,14.2,10579,14.15,1418026,14.25,1792915
2026-08-13 20:51:48.407553,IDFCFIRSTB,74.1,3128,74.05,2316022,74.15,2412576
2026-08-13 20:51:48.437009,SUZLON,54.93,10863,54.88,1629621,54.98,1371667
2026-08-13 20:51:48.439007,GMRINFRA,87.72,3826,87.67,1535805,87.77,1775816
2026-08-13 20:51:48.455738,SOUTHBANK,33.89,11945,33.84,1902280,33.94,1284118
2026-08-13 20:51:48.472771,IRB,64.83,119780,64.78,2231824,64.88,1675834
2026-08-13 20:51:48.489827,HFCL,122.21,14714,122.15,1232937,122.27,2336736
2026-08-13 20:51:48.508422,NMDC,234.27,7950,234.15,2214013,234.39,2412376
2026-08-13 20:51:48.522350,TATAPOWER,435.29,7938,435.07,1582224,435.51,1990757
2026-08-13 20:51:48.554661,BHEL,305.31,3581,305.16,1957589,305.46,1140189
2026-08-13 20:51:48.569298,HUDCO,196.83,13581,196.73,1701200,196.93,2462122
2026-08-13 20:51:48.572620,PNB,116.9,10391,116.84,1410440,116.96,2129088
2026-08-13 20:51:48.589136,NHPC,97.79,1944,97.74,1948438,97.84,1076424
2026-08-13 20:51:48.606099,SMALLCAP1,46.3,776,46.25,6604,46.35,14588
2026-08-13 20:51:48.622314,RELIANCE,2918.08,10574,2916.62,1328617,2919.54,1413771
2026-08-13 20:51:48.639793,TCS,3795.61,6513,3793.71,2496778,3797.51,2383595
2026-08-13 20:51:48.655976,INFY,1524.58,8811,1523.82,1581933,1525.34,1718892
2026-08-13 20:51:48.672239,PENNYSTOCK,14.22,12098,14.17,1101330,14.27,1979755
2026-08-13 20:52:03.407553,IDFCFIRSTB,74.19,5987,74.14,1870302,74.24,2376164
2026-08-13 20:52:03.437009,SUZLON,54.83,6363,54.78,2147822,54.88,1667555
2026-08-13 20:52:03.439007,GMRINFRA,87.85,3926,87.8,2241499,87.9,1113588
2026-08-13 20:52:03.455738,SOUTHBANK,33.87,840,33.82,1398987,33.92,1999394
2026-08-13 20:52:03.472771,IRB,64.87,2429,64.82,1604301,64.92,1290539
2026-08-13 20:52:03.489827,HFCL,122.2,4780,122.14,1078989,122.26,2374151
2026-08-13 20:52:03.508422,NMDC,234.03,13223,233.91,2223667,234.15,1082985
2026-08-13 20:52:03.522350,TATAPOWER,435.03,1921,434.81,1798739,435.25,1698269
2026-08-13 20:52:03.554661,BHEL,304.47,1289,304.32,1699126,304.62,1200559
2026-08-13 20:52:03.569298,HUDCO,196.85,4922,196.75,1422005,196.95,1709153
2026-08-13 20:52:03.572620,PNB,116.99,5628,116.93,1477948,117.05,1653275
2026-08-13 20:52:03.589136,NHPC,98.05,14107,98.0,1599370,98.1,1221202
2026-08-13 20:52:03.606099,SMALLCAP1,46.26,103,46.21,20114,46.31,11936
2026-08-13 20:52:03.622314,RELIANCE,2927.37,10180,2925.91,1259282,2928.83,1380955
2026-08-13 20:52:03.639793,TCS,3790.11,10569,3788.21,2339139,3792.01,2368081
2026-08-13 20:52:03.655976,INFY,1520.75,8911,1519.99,1271378,1521.51,1808234
2026-08-13 20:52:03.672239,PENNYSTOCK,14.27,9084,14.22,2260842,14.32,2015207
2026-08-13 20:52:18.407553,IDFCFIRSTB,74.08,3596,74.03,1468480,74.13,1214528
2026-08-13 20:52:18.437009,SUZLON,54.83,6952,54.78,1537697,54.88,1239475
2026-08-13 20:52:18.439007,GMRINFRA,88.03,7713,87.98,2164145,88.08,2124897
2026-08-13 20:52:18.455738,SOUTHBANK,33.83,12043,33.78,2453318,33.88,2474040
2026-08-13 20:52:18.472771,IRB,65.0,10715,64.95,1201857,65.05,1833845
2026-08-13 20:52:18.489827,HFCL,122.11,5326,122.05,1879137,122.17,1050851
2026-08-13 20:52:18.508422,NMDC,233.91,1454,233.79,1195520,234.03,1265707
2026-08-13 20:52:18.522350,TATAPOWER,435.76,1256,435.54,1907444,435.98,2426938
2026-08-13 20:52:18.554661,BHEL,304.9,6221,304.75,1978679,305.05,1353334
2026-08-13 20:52:18.569298,HUDCO,196.64,2825,196.54,1521326,196.74,1343327
2026-08-13 20:52:18.572620,PNB,116.9,12068,116.84,2082871,116.96,1567423
2026-08-13 20:52:18.589136,NHPC,98.21,1396,98.16,2100406,98.26,1209846
2026-08-13 20:52:18.606099,SMALLCAP1,46.39,278,46.34,6085,46.44,13785
2026-08-13 20:52:18.622314,RELIANCE,2927.0,1748,2925.54,1164662,2928.46,1502711
2026-08-13 20:52:18.639793,TCS,3789.6,13145,3787.71,1276182,3791.49,1692945
2026-08-13 20:52:18.655976,INFY,1521.28,5185,1520.52,1695452,1522.04,1989108
2026-08-13 20:52:18.672239,PENNYSTOCK,14.31,1057,14.26,2442276,14.36,1297065
2026-08-13 20:52:33.407553,IDFCFIRSTB,74.22,11669,74.17,1276429,74.27,1169219
2026-08-13 20:52:33.437009,SUZLON,54.89,10224,54.84,1548819,54.94,1560329
2026-08-13 20:52:33.439007,GMRINFRA,87.88,2577,87.83,2091684,87.93,2302814
2026-08-13 20:52:33.455738,SOUTHBANK,33.93,4897,33.88,1590808,33.98,1319519
2026-08-13 20:52:33.472771,IRB,64.92,10122,64.87,1579945,64.97,1158674
2026-08-13 20:52:33.489827,HFCL,121.93,3978,121.87,2372567,121.99,1506162
2026-08-13 20:52:33.508422,NMDC,234.44,14137,234.32,2031417,234.56,1972945
2026-08-13 20:52:33.522350,TATAPOWER,436.31,7280,436.09,1467485,436.53,1522659
2026-08-13 20:52:33.554661,BHEL,305.26,4320,305.11,1414692,305.41,1684398
2026-08-13 20:52:33.569298,HUDCO,196.65,3176,196.55,2348871,196.75,1830863
2026-08-13 20:52:33.572620,PNB,116.75,13146,116.69,1760302,116.81,2211615
2026-08-13 20:52:33.589136,NHPC,98.12,4054,98.07,2444476,98.17,1767401
2026-08-13 20:52:33.606099,SMALLCAP1,46.43,816,46.38,12133,46.48,22100
2026-08-13 20:52:33.622314,RELIANCE,2923.96,59576,2922.5,1306126,2925.42,1419722
2026-08-13 20:52:33.639793,TCS,3788.56,7008,3786.67,1628123,3790.45,1326456
2026-08-13 20:52:33.655976,INFY,1523.21,13362,1522.45,2223122,1523.97,1714079
2026-08-13 20:52:33.672239,PENNYSTOCK,14.32,4960,14.27,1435383,14.37,1560963
2026-08-13 20:52:48.407553,IDFCFIRSTB,74.19,8422,74.14,1559496,74.24,1969369
2026-08-13 20:52:48.437009,SUZLON,54.82,14239,54.77,2148330,54.87,1400332
2026-08-13 20:52:48.439007,GMRINFRA,87.82,14845,87.77,1360715,87.87,2319360
2026-08-13 20:52:48.455738,SOUTHBANK,34.06,3318,34.01,2400234,34.11,1097120
2026-08-13 20:52:48.472771,IRB,64.99,12826,64.94,2287091,65.04,2367283
2026-08-13 20:52:48.489827,HFCL,121.88,12338,121.82,2143001,121.94,1086392
2026-08-13 20:52:48.508422,NMDC,234.26,12327,234.14,1531985,234.38,1272274
2026-08-13 20:52:48.522350,TATAPOWER,436.01,800,435.79,1918946,436.23,1721822
2026-08-13 20:52:48.554661,BHEL,305.32,14027,305.17,1579513,305.47,2439904
2026-08-13 20:52:48.569298,HUDCO,196.4,6259,196.3,1905024,196.5,1252928
2026-08-13 20:52:48.572620,PNB,116.67,13944,116.61,1472140,116.73,2343591
2026-08-13 20:52:48.589136,NHPC,98.11,2551,98.06,1561396,98.16,1775192
2026-08-13 20:52:48.606099,SMALLCAP1,46.44,804,46.39,23375,46.49,5286
2026-08-13 20:52:48.622314,RELIANCE,2920.65,12361,2919.19,1624438,2922.11,2413042
2026-08-13 20:52:48.639793,TCS,3790.82,2791,3788.92,2067596,3792.72,1482272
2026-08-13 20:52:48.655976,INFY,1523.24,8951,1522.48,2120208,1524.0,1249754
2026-08-13 20:52:48.672239,PENNYSTOCK,14.29,11571,14.24,2327221,14.34,1478187
2026-08-13 20:53:03.407553,IDFCFIRSTB,74.25,11136,74.2,1970512,74.3,1106227
2026-08-13 20:53:03.437009,SUZLON,54.75,12600,54.7,1734184,54.8,2401054
2026-08-13 20:53:03.439007,GMRINFRA,87.93,4155,87.88,1613710,87.98,1483445
2026-08-13 20:53:03.455738,SOUTHBANK,34.04,13459,33.99,1119650,34.09,1959601
2026-08-13 20:53:03.472771,IRB,64.75,1680,64.7,1940098,64.8,1212501
2026-08-13 20:53:03.489827,HFCL,121.76,14736,121.7,1585498,121.82,1702059
2026-08-13 20:53:03.508422,NMDC,234.19,3255,234.07,1615174,234.31,1872185
2026-08-13 20:53:03.522350,TATAPOWER,435.52,8157,435.3,1955401,435.74,1927665
2026-08-13 20:53:03.554661,BHEL,304.83,13900,304.68,1341096,304.98,1735508
2026-08-13 20:53:03.569298,HUDCO,197.09,14877,196.99,2132927,197.19,1764979
2026-08-13 20:53:03.572620,PNB,116.94,10909,116.88,2190920,117.0,2395305
2026-08-13 20:53:03.589136,NHPC,98.27,1034,98.22,2105094,98.32,1418130
2026-08-13 20:53:03.606099,SMALLCAP1,46.57,670,46.52,22942,46.62,12438
2026-08-13 20:53:03.622314,RELIANCE,2922.28,8004,2920.82,2162045,2923.74,1935285
2026-08-13 20:53:03.639793,TCS,3781.03,6597,3779.14,1331707,3782.92,1651695
2026-08-13 20:53:03.655976,INFY,1524.38,6905,1523.62,1351295,1525.14,2203216
2026-08-13 20:53:03.672239,PENNYSTOCK,14.26,11265,14.21,2217054,14.31,1841555
2026-08-13 20:53:18.407553,IDFCFIRSTB,74.04,1338,73.99,1579598,74.09,1442500
2026-08-13 20:53:18.437009,SUZLON,54.72,12173,54.67,2005815,54.77,1863510
2026-08-13 20:53:18.439007,GMRINFRA,88.0,11310,87.95,1065001,88.05,2419454
2026-08-13 20:53:18.455738,SOUTHBANK,34.04,11059,33.99,1786947,34.09,2472152
2026-08-13 20:53:18.472771,IRB,64.85,15000,64.8,1283544,64.9,1890865
2026-08-13 20:53:18.489827,HFCL,121.93,10100,121.87,1082953,121.99,1853129
2026-08-13 20:53:18.508422,NMDC,235.11,9370,234.99,2367436,235.23,2228741
2026-08-13 20:53:18.522350,TATAPOWER,434.67,12800,434.45,1100478,434.89,1428133
2026-08-13 20:53:18.554661,BHEL,304.26,5214,304.11,1338587,304.41,2269211
2026-08-13 20:53:18.569298,HUDCO,196.79,13113,196.69,2010255,196.89,2025425
2026-08-13 20:53:18.572620,PNB,117.1,11827,117.04,1772007,117.16,1864703
2026-08-13 20:53:18.589136,NHPC,98.28,6963,98.23,1806786,98.33,1853223
2026-08-13 20:53:18.606099,SMALLCAP1,46.59,890,46.54,24397,46.64,10767
2026-08-13 20:53:18.622314,RELIANCE,2920.79,9514,2919.33,1916469,2922.25,2174552
2026-08-13 20:53:18.639793,TCS,3785.17,5045,3783.28,1443473,3787.06,1467761
2026-08-13 20:53:18.655976,INFY,1524.95,6608,1524.19,2467139,1525.71,2261235
2026-08-13 20:53:18.672239,PENNYSTOCK,14.28,11535,14.23,2126676,14.33,1801596
2026-08-13 20:53:33.407553,IDFCFIRSTB,74.03,8033,73.98,2219025,74.08,1560134
2026-08-13 20:53:33.437009,SUZLON,54.71,62064,54.66,1913509,54.76,1879283
2026-08-13 20:53:33.439007,GMRINFRA,87.96,7898,87.91,1942646,88.01,1550743
2026-08-13 20:53:33.455738,SOUTHBANK,34.03,2307,33.98,2182657,34.08,1516693
2026-08-13 20:53:33.472771,IRB,64.81,14535,64.76,1928132,64.86,1102582
2026-08-13 20:53:33.489827,HFCL,122.23,8146,122.17,1715822,122.29,1681173
2026-08-13 20:53:33.508422,NMDC,235.2,3067,235.08,2308127,235.32,2432271
2026-08-13 20:53:33.522350,TATAPOWER,436.0,11993,435.78,2297159,436.22,1278537
2026-08-13 20:53:33.554661,BHEL,303.67,15220,303.52,1999966,303.82,1410919
2026-08-13 20:53:33.569298,HUDCO,196.94,3368,196.84,2153402,197.04,2196901
2026-08-13 20:53:33.572620,PNB,117.21,6392,117.15,1471714,117.27,1831868
2026-08-13 20:53:33.589136,NHPC,98.24,6230,98.19,2188833,98.29,1235369
2026-08-13 20:53:33.606099,SMALLCAP1,46.72,775,46.67,20611,46.77,7495
2026-08-13 20:53:33.622314,RELIANCE,2921.57,12249,2920.11,1790082,2923.03,2458042
2026-08-13 20:53:33.639793,TCS,3784.65,10027,3782.76,1105078,3786.54,2058157
2026-08-13 20:53:33.655976,INFY,1525.22,3780,1524.46,1116150,1525.98,2498416
2026-08-13 20:53:33.672239,PENNYSTOCK,14.28,6076,14.23,2358710,14.33,1684044
2026-08-13 20:53:48.407553,IDFCFIRSTB,74.01,7128,73.96,1168703,74.06,2416376
2026-08-13 20:53:48.437009,SUZLON,54.69,8444,54.64,2157203,54.74,1416900
2026-08-13 20:53:48.439007,GMRINFRA,87.65,4500,87.6,1899770,87.7,1324389
2026-08-13 20:53:48.455738,SOUTHBANK,34.06,5871,34.01,1319698,34.11,1544477
2026-08-13 20:53:48.472771,IRB,64.67,10511,64.62,1607921,64.72,1096982
2026-08-13 20:53:48.489827,HFCL,122.2,13908,122.14,1723531,122.26,2047921
2026-08-13 20:53:48.508422,NMDC,235.29,6471,235.17,1561028,235.41,1911701
2026-08-13 20:53:48.522350,TATAPOWER,436.97,7068,436.75,1451963,437.19,1636465
2026-08-13 20:53:48.554661,BHEL,303.4,10214,303.25,1765763,303.55,1259435
2026-08-13 20:53:48.569298,HUDCO,196.79,13088,196.69,2477342,196.89,1095377
2026-08-13 20:53:48.572620,PNB,117.26,1244,117.2,2047331,117.32,1945340
2026-08-13 20:53:48.589136,NHPC,98.32,2897,98.27,1084929,98.37,1507816
2026-08-13 20:53:48.606099,SMALLCAP1,46.81,797,46.76,5031,46.86,7798
2026-08-13 20:53:48.622314,RELIANCE,2921.03,13245,2919.57,1425806,2922.49,2439458
2026-08-13 20:53:48.639793,TCS,3781.64,11515,3779.75,2079877,3783.53,2477637
2026-08-13 20:53:48.655976,INFY,1526.99,6273,1526.23,1381958,1527.75,2474401
2026-08-13 20:53:48.672239,PENNYSTOCK,14.26,7836,14.21,2273403,14.31,1646344
2026-08-13 20:54:03.407553,IDFCFIRSTB,73.97,1654,73.92,1660805,74.02,1355174
2026-08-13 20:54:03.437009,SUZLON,54.55,6922,54.5,1374870,54.6,2431865
2026-08-13 20:54:03.439007,GMRINFRA,87.55,9739,87.5,2251696,87.6,2460503
2026-08-13 20:54:03.455738,SOUTHBANK,34.01,6471,33.96,2430726,34.06,1982928
2026-08-13 20:54:03.472771,IRB,64.87,4324,64.82,1117433,64.92,1836887
2026-08-13 20:54:03.489827,HFCL,122.44,11994,122.38,1695839,122.5,2297553
2026-08-13 20:54:03.508422,NMDC,235.52,13364,235.4,2161282,235.64,1092837
2026-08-13 20:54:03.522350,TATAPOWER,437.5,9050,437.28,1408460,437.72,1694101
2026-08-13 20:54:03.554661,BHEL,302.84,4840,302.69,1647347,302.99,1075878
2026-08-13 20:54:03.569298,HUDCO,197.44,3914,197.34,1622152,197.54,2238772
2026-08-13 20:54:03.572620,PNB,116.97,11312,116.91,2356380,117.03,2382097
2026-08-13 20:54:03.589136,NHPC,98.39,4845,98.34,2455908,98.44,1557415
2026-08-13 20:54:03.606099,SMALLCAP1,46.73,5060,46.68,12819,46.78,12821
2026-08-13 20:54:03.622314,RELIANCE,2917.8,4716,2916.34,1778535,2919.26,1645525
2026-08-13 20:54:03.639793,TCS,3786.59,9731,3784.7,1516788,3788.48,1395860
2026-08-13 20:54:03.655976,INFY,1523.8,3820,1523.04,1204771,1524.56,2271216
2026-08-13 20:54:03.672239,PENNYSTOCK,14.27,6347,14.22,2005959,14.32,1193098
2026-08-13 20:54:18.407553,IDFCFIRSTB,73.95,12371,73.9,1171635,74.0,2402732
2026-08-13 20:54:18.437009,SUZLON,54.49,9985,54.44,1731189,54.54,1850934
2026-08-13 20:54:18.439007,GMRINFRA,87.63,10839,87.58,2344066,87.68,1237660
2026-08-13 20:54:18.455738,SOUTHBANK,34.0,4457,33.95,2180620,34.05,2194616
2026-08-13 20:54:18.472771,IRB,64.8,14758,64.75,1759106,64.85,1638787
2026-08-13 20:54:18.489827,HFCL,122.59,10528,122.53,1069926,122.65,2065642
2026-08-13 20:54:18.508422,NMDC,235.34,864,235.22,1465198,235.46,2094922
2026-08-13 20:54:18.522350,TATAPOWER,438.13,13630,437.91,1711039,438.35,2042089
2026-08-13 20:54:18.554661,BHEL,302.73,5434,302.58,1172651,302.88,1852721
2026-08-13 20:54:18.569298,HUDCO,197.73,11262,197.63,1371878,197.83,1679772
2026-08-13 20:54:18.572620,PNB,116.97,6186,116.91,1595870,117.03,1425282
2026-08-13 20:54:18.589136,NHPC,98.33,12930,98.28,1514059,98.38,1634118
2026-08-13 20:54:18.606099,SMALLCAP1,46.85,9860,46.8,8073,46.9,7965
2026-08-13 20:54:18.622314,RELIANCE,2917.33,11836,2915.87,2294143,2918.79,1781486
2026-08-13 20:54:18.639793,TCS,3778.01,1488,3776.12,1360574,3779.9,1239656
2026-08-13 20:54:18.655976,INFY,1527.37,11539,1526.61,2041743,1528.13,1832728
2026-08-13 20:54:18.672239,PENNYSTOCK,14.27,6963,14.22,1927934,14.32,2424466
2026-08-13 20:54:33.407553,IDFCFIRSTB,74.06,10093,74.01,1978890,74.11,1277013
2026-08-13 20:54:33.437009,SUZLON,54.55,8572,54.5,2107878,54.6,2290266
2026-08-13 20:54:33.439007,GMRINFRA,87.8,3545,87.75,1760193,87.85,2205927
2026-08-13 20:54:33.455738,SOUTHBANK,34.01,3097,33.96,1792351,34.06,2130530
2026-08-13 20:54:33.472771,IRB,64.79,3702,64.74,1513929,64.84,2477966
2026-08-13 20:54:33.489827,HFCL,122.72,10011,122.66,2260685,122.78,1663713
2026-08-13 20:54:33.508422,NMDC,235.79,11221,235.67,1792434,235.91,1294427
2026-08-13 20:54:33.522350,TATAPOWER,436.89,10623,436.67,2417100,437.11,1139759
2026-08-13 20:54:33.554661,BHEL,302.65,5850,302.5,1903826,302.8,1613248
2026-08-13 20:54:33.569298,HUDCO,197.52,1819,197.42,1793513,197.62,1918094
2026-08-13 20:54:33.572620,PNB,117.1,4589,117.04,2259589,117.16,2072069
2026-08-13 20:54:33.589136,NHPC,98.52,2941,98.47,1919340,98.57,2007495
2026-08-13 20:54:33.606099,SMALLCAP1,46.75,536,46.7,11159,46.8,19775
2026-08-13 20:54:33.622314,RELIANCE,2923.45,11785,2921.99,1275081,2924.91,2461302
2026-08-13 20:54:33.639793,TCS,3776.81,1440,3774.92,1372493,3778.7,1860183
2026-08-13 20:54:33.655976,INFY,1527.48,6953,1526.72,1316469,1528.24,1999456
2026-08-13 20:54:33.672239,PENNYSTOCK,14.33,14241,14.28,2410095,14.38,2415098
2026-08-13 20:54:48.407553,IDFCFIRSTB,74.2,3510,74.15,1822813,74.25,1765201
2026-08-13 20:54:48.437009,SUZLON,54.63,2654,54.58,2015813,54.68,1094431
2026-08-13 20:54:48.439007,GMRINFRA,87.89,2899,87.84,2483945,87.94,1926259
2026-08-13 20:54:48.455738,SOUTHBANK,34.0,10267,33.95,1197314,34.05,1352871
2026-08-13 20:54:48.472771,IRB,64.72,10037,64.67,1972296,64.77,1208386
2026-08-13 20:54:48.489827,HFCL,122.94,133227,122.88,2188825,123.0,2021100
2026-08-13 20:54:48.508422,NMDC,235.61,8767,235.49,1948233,235.73,2481362
2026-08-13 20:54:48.522350,TATAPOWER,437.08,2632,436.86,1677394,437.3,2264047
2026-08-13 20:54:48.554661,BHEL,302.69,2285,302.54,1805077,302.84,1162859
2026-08-13 20:54:48.569298,HUDCO,197.32,8548,197.22,1867760,197.42,1692804
2026-08-13 20:54:48.572620,PNB,117.19,1080,117.13,1606591,117.25,1992222
2026-08-13 20:54:48.589136,NHPC,98.3,3334,98.25,2115628,98.35,1123080
2026-08-13 20:54:48.606099,SMALLCAP1,46.82,811,46.77,21826,46.87,19870
2026-08-13 20:54:48.622314,RELIANCE,2922.58,11789,2921.12,1979644,2924.04,2391092
2026-08-13 20:54:48.639793,TCS,3769.97,13968,3768.09,1662858,3771.85,2357759
2026-08-13 20:54:48.655976,INFY,1527.55,4014,1526.79,2094210,1528.31,1246515
2026-08-13 20:54:48.672239,PENNYSTOCK,14.32,4465,14.27,1905208,14.37,1979760
2026-08-13 20:55:03.407553,IDFCFIRSTB,74.08,10890,74.03,1563912,74.13,1157488
2026-08-13 20:55:03.437009,SUZLON,54.67,2992,54.62,2014551,54.72,1632732
2026-08-13 20:55:03.439007,GMRINFRA,87.92,12957,87.87,1450534,87.97,1225816
2026-08-13 20:55:03.455738,SOUTHBANK,33.95,6623,33.9,2023731,34.0,1317339
2026-08-13 20:55:03.472771,IRB,64.61,4692,64.56,1757375,64.66,1717659
2026-08-13 20:55:03.489827,HFCL,122.62,13988,122.56,1496100,122.68,1772255
2026-08-13 20:55:03.508422,NMDC,234.97,6633,234.85,2335942,235.09,2070343
2026-08-13 20:55:03.522350,TATAPOWER,436.2,8682,435.98,1292359,436.42,1190580
2026-08-13 20:55:03.554661,BHEL,301.98,6438,301.83,2245484,302.13,2358483
2026-08-13 20:55:03.569298,HUDCO,197.25,86508,197.15,1275348,197.35,2226600
2026-08-13 20:55:03.572620,PNB,117.42,7523,117.36,1409478,117.48,2377790
2026-08-13 20:55:03.589136,NHPC,98.17,1549,98.12,1425318,98.22,1395165
2026-08-13 20:55:03.606099,SMALLCAP1,46.75,466,46.7,24259,46.8,6796
2026-08-13 20:55:03.622314,RELIANCE,2924.14,2015,2922.68,2347087,2925.6,2039658
2026-08-13 20:55:03.639793,TCS,3773.74,8722,3771.85,2189686,3775.63,1394896
2026-08-13 20:55:03.655976,INFY,1528.06,691,1527.3,1126636,1528.82,1830837
2026-08-13 20:55:03.672239,PENNYSTOCK,14.31,7906,14.26,2439823,14.36,1334030
2026-08-13 20:55:18.407553,IDFCFIRSTB,74.04,827,73.99,1327212,74.09,1344317
2026-08-13 20:55:18.437009,SUZLON,54.62,6997,54.57,1173894,54.67,1211395
2026-08-13 20:55:18.439007,GMRINFRA,88.1,12062,88.05,1173853,88.15,1634058
2026-08-13 20:55:18.455738,SOUTHBANK,33.98,11357,33.93,1174430,34.03,2291324
2026-08-13 20:55:18.472771,IRB,64.6,11039,64.55,1484981,64.65,2393258
2026-08-13 20:55:18.489827,HFCL,122.55,12078,122.49,1715365,122.61,1661514
2026-08-13 20:55:18.508422,NMDC,234.89,3773,234.77,2275824,235.01,2265538
2026-08-13 20:55:18.522350,TATAPOWER,435.4,7572,435.18,2224189,435.62,1292341
2026-08-13 20:55:18.554661,BHEL,302.22,2491,302.07,1064327,302.37,1498145
2026-08-13 20:55:18.569298,HUDCO,197.1,13543,197.0,2060100,197.2,1517767
2026-08-13 20:55:18.572620,PNB,117.34,6648,117.28,1689372,117.4,2295063
2026-08-13 20:55:18.589136,NHPC,98.13,10659,98.08,2025261,98.18,2489177
2026-08-13 20:55:18.606099,SMALLCAP1,46.71,824,46.66,6561,46.76,16848
2026-08-13 20:55:18.622314,RELIANCE,2926.14,6188,2924.68,1769578,2927.6,1123514
2026-08-13 20:55:18.639793,TCS,3770.21,9803,3768.32,1703565,3772.1,1360703
2026-08-13 20:55:18.655976,INFY,1526.23,902,1525.47,1812398,1526.99,1897004
2026-08-13 20:55:18.672239,PENNYSTOCK,14.28,5525,14.23,2027866,14.33,1895232
2026-08-13 20:55:33.407553,IDFCFIRSTB,74.12,4362,74.07,2493754,74.17,1072267
2026-08-13 20:55:33.437009,SUZLON,54.66,13475,54.61,2380290,54.71,1354951
2026-08-13 20:55:33.439007,GMRINFRA,88.05,12769,88.0,1987740,88.1,2431346
2026-08-13 20:55:33.455738,SOUTHBANK,33.95,6035,33.9,2049257,34.0,1898824
2026-08-13 20:55:33.472771,IRB,64.61,4127,64.56,2429224,64.66,1693046
2026-08-13 20:55:33.489827,HFCL,122.6,13569,122.54,1565808,122.66,1895746
2026-08-13 20:55:33.508422,NMDC,234.97,2443,234.85,1144610,235.09,2241600
2026-08-13 20:55:33.522350,TATAPOWER,434.98,7457,434.76,1674361,435.2,1673282
2026-08-13 20:55:33.554661,BHEL,302.89,9885,302.74,2203898,303.04,2038122
2026-08-13 20:55:33.569298,HUDCO,197.31,13406,197.21,1441327,197.41,2151804
2026-08-13 20:55:33.572620,PNB,116.9,9362,116.84,2254846,116.96,1985421
2026-08-13 20:55:33.589136,NHPC,98.15,11285,98.1,1387137,98.2,1721761
2026-08-13 20:55:33.606099,SMALLCAP1,46.73,106,46.68,13257,46.78,11448
2026-08-13 20:55:33.622314,RELIANCE,2927.66,11338,2926.2,2369279,2929.12,2332134
2026-08-13 20:55:33.639793,TCS,3767.46,5590,3765.58,1483091,3769.34,1900227
2026-08-13 20:55:33.655976,INFY,1527.35,745,1526.59,1148899,1528.11,1321908
2026-08-13 20:55:33.672239,PENNYSTOCK,14.29,4821,14.24,2255701,14.34,2337872
2026-08-13 20:55:48.407553,IDFCFIRSTB,74.1,1112,74.05,2187810,74.15,1511447
2026-08-13 20:55:48.437009,SUZLON,54.53,13708,54.48,2172321,54.58,1851401
2026-08-13 20:55:48.439007,GMRINFRA,87.84,13603,87.79,1589299,87.89,1184832
2026-08-13 20:55:48.455738,SOUTHBANK,33.9,3694,33.85,2435928,33.95,1287743
2026-08-13 20:55:48.472771,IRB,64.47,7856,64.42,1302025,64.52,1834545
2026-08-13 20:55:48.489827,HFCL,122.43,6998,122.37,1164744,122.49,1359275
2026-08-13 20:55:48.508422,NMDC,235.04,12545,234.92,1801826,235.16,2163064
2026-08-13 20:55:48.522350,TATAPOWER,435.92,9760,435.7,1670119,436.14,2041419
2026-08-13 20:55:48.554661,BHEL,303.05,12820,302.9,1423698,303.2,1259655
2026-08-13 20:55:48.569298,HUDCO,197.44,10287,197.34,1673155,197.54,2409809
2026-08-13 20:55:48.572620,PNB,117.1,10366,117.04,1106880,117.16,2442059
2026-08-13 20:55:48.589136,NHPC,98.17,12431,98.12,2482483,98.22,1961175
2026-08-13 20:55:48.606099,SMALLCAP1,46.65,998,46.6,17367,46.7,7956
2026-08-13 20:55:48.622314,RELIANCE,2933.06,14788,2931.59,1923417,2934.53,2394696
2026-08-13 20:55:48.639793,TCS,3767.38,3140,3765.5,2040011,3769.26,2447227
2026-08-13 20:55:48.655976,INFY,1529.2,5117,1528.44,1060703,1529.96,1086051
2026-08-13 20:55:48.672239,PENNYSTOCK,14.3,13998,14.25,1456867,14.35,1301413
2026-08-13 20:56:03.407553,IDFCFIRSTB,74.19,4200,74.14,1079654,74.24,1972099
2026-08-13 20:56:03.437009,SUZLON,54.53,9552,54.48,1583521,54.58,2316785
2026-08-13 20:56:03.439007,GMRINFRA,87.94,6533,87.89,1149791,87.99,1640147
2026-08-13 20:56:03.455738,SOUTHBANK,33.87,4602,33.82,1234343,33.92,1871207
2026-08-13 20:56:03.472771,IRB,64.36,1303,64.31,1471881,64.41,1174760
2026-08-13 20:56:03.489827,HFCL,122.16,11266,122.1,2396727,122.22,1265610
2026-08-13 20:56:03.508422,NMDC,234.83,5213,234.71,1808826,234.95,1790168
2026-08-13 20:56:03.522350,TATAPOWER,434.8,9601,434.58,1159385,435.02,2147603
2026-08-13 20:56:03.554661,BHEL,302.68,4951,302.53,1240293,302.83,1674885
2026-08-13 20:56:03.569298,HUDCO,197.72,8905,197.62,1633785,197.82,2030381
2026-08-13 20:56:03.572620,PNB,117.08,9784,117.02,1521997,117.14,2454044
2026-08-13 20:56:03.589136,NHPC,98.26,9015,98.21,2356804,98.31,2096628
2026-08-13 20:56:03.606099,SMALLCAP1,46.54,4536,46.49,6025,46.59,11077
2026-08-13 20:56:03.622314,RELIANCE,2936.95,163464,2935.48,1544706,2938.42,2485753
2026-08-13 20:56:03.639793,TCS,3767.29,2845,3765.41,1433593,3769.17,2393306
2026-08-13 20:56:03.655976,INFY,1531.62,10615,1530.85,2237609,1532.39,2278714
2026-08-13 20:56:03.672239,PENNYSTOCK,14.28,13199,14.23,1500130,14.33,1583793
2026-08-13 20:56:18.407553,IDFCFIRSTB,74.17,11188,74.12,1669560,74.22,2312759
2026-08-13 20:56:18.437009,SUZLON,54.49,6912,54.44,1717003,54.54,1777681
2026-08-13 20:56:18.439007,GMRINFRA,87.94,5189,87.89,2476881,87.99,2203652
2026-08-13 20:56:18.455738,SOUTHBANK,33.87,12181,33.82,1728212,33.92,1491201
2026-08-13 20:56:18.472771,IRB,64.37,115416,64.32,1053056,64.42,1233820
2026-08-13 20:56:18.489827,HFCL,122.39,4770,122.33,1599048,122.45,2226315
2026-08-13 20:56:18.508422,NMDC,234.97,8609,234.85,1580848,235.09,1928406
2026-08-13 20:56:18.522350,TATAPOWER,435.8,3450,435.58,1403458,436.02,2272784
2026-08-13 20:56:18.554661,BHEL,302.31,1737,302.16,2178432,302.46,2309841
2026-08-13 20:56:18.569298,HUDCO,198.17,9694,198.07,1371653,198.27,1623415
2026-08-13 20:56:18.572620,PNB,117.23,14360,117.17,2257017,117.29,1445942
2026-08-13 20:56:18.589136,NHPC,98.02,12338,97.97,1718275,98.07,1844833
2026-08-13 20:56:18.606099,SMALLCAP1,46.59,835,46.54,5858,46.64,8684
2026-08-13 20:56:18.622314,RELIANCE,2940.32,11815,2938.85,2230719,2941.79,1884993
2026-08-13 20:56:18.639793,TCS,3772.99,6765,3771.1,2301174,3774.88,1536653
2026-08-13 20:56:18.655976,INFY,1535.13,5341,1534.36,1323594,1535.9,1944462
2026-08-13 20:56:18.672239,PENNYSTOCK,14.27,12154,14.22,2264134,14.32,1793416
2026-08-13 20:56:33.407553,IDFCFIRSTB,74.12,6075,74.07,1499390,74.17,2308446
2026-08-13 20:56:33.437009,SUZLON,54.49,5797,54.44,2254759,54.54,1269970
2026-08-13 20:56:33.439007,GMRINFRA,87.84,3331,87.79,1301416,87.89,2172648
2026-08-13 20:56:33.455738,SOUTHBANK,33.9,12819,33.85,2225643,33.95,2030936
2026-08-13 20:56:33.472771,IRB,64.45,8479,64.4,1325374,64.5,1340643
2026-08-13 20:56:33.489827,HFCL,122.31,3634,122.25,1222707,122.37,1909803
2026-08-13 20:56:33.508422,NMDC,234.7,46953,234.58,1336224,234.82,1607729
2026-08-13 20:56:33.522350,TATAPOWER,437.19,1051,436.97,1184439,437.41,1999876
2026-08-13 20:56:33.554661,BHEL,302.12,13856,301.97,1392116,302.27,2342751
2026-08-13 20:56:33.569298,HUDCO,198.01,10819,197.91,1174111,198.11,1505204
2026-08-13 20:56:33.572620,PNB,117.45,5553,117.39,1576329,117.51,2092805
2026-08-13 20:56:33.589136,NHPC,97.94,4427,97.89,1862723,97.99,1210793
2026-08-13 20:56:33.606099,SMALLCAP1,46.51,850,46.46,22150,46.56,22988
2026-08-13 20:56:33.622314,RELIANCE,2938.8,13228,2937.33,2027843,2940.27,1850972
2026-08-13 20:56:33.639793,TCS,3783.71,3070,3781.82,2387429,3785.6,1947037
2026-08-13 20:56:33.655976,INFY,1535.6,8570,1534.83,1093932,1536.37,1161948
2026-08-13 20:56:33.672239,PENNYSTOCK,14.29,14991,14.24,1503691,14.34,2211609
2026-08-13 20:56:48.407553,IDFCFIRSTB,74.32,4570,74.27,1226195,74.37,1454298
2026-08-13 20:56:48.437009,SUZLON,54.49,7640,54.44,1442563,54.54,2418252
2026-08-13 20:56:48.439007,GMRINFRA,87.61,11515,87.56,1051305,87.66,2350335
2026-08-13 20:56:48.455738,SOUTHBANK,33.96,1169,33.91,1621615,34.01,2143218
2026-08-13 20:56:48.472771,IRB,64.43,6756,64.38,1806926,64.48,1063333
2026-08-13 20:56:48.489827,HFCL,122.13,8340,122.07,1468340,122.19,1484020
2026-08-13 20:56:48.508422,NMDC,234.46,6019,234.34,1089484,234.58,1200464
2026-08-13 20:56:48.522350,TATAPOWER,437.52,14069,437.3,2118456,437.74,1767741
2026-08-13 20:56:48.554661,BHEL,303.03,14665,302.88,1903985,303.18,1087040
2026-08-13 20:56:48.569298,HUDCO,197.86,13650,197.76,2159373,197.96,1689591
2026-08-13 20:56:48.572620,PNB,117.6,13909,117.54,2064633,117.66,2324799
2026-08-13 20:56:48.589136,NHPC,98.03,6353,97.98,1238789,98.08,1225481
2026-08-13 20:56:48.606099,SMALLCAP1,46.57,200,46.52,11370,46.62,8097
2026-08-13 20:56:48.622314,RELIANCE,2944.1,3347,2942.63,1365821,2945.57,1166149
2026-08-13 20:56:48.639793,TCS,3791.26,11782,3789.36,1129914,3793.16,2022365
2026-08-13 20:56:48.655976,INFY,1535.55,10834,1534.78,1634533,1536.32,2467420
2026-08-13 20:56:48.672239,PENNYSTOCK,14.31,567,14.26,1471991,14.36,1428513
2026-08-13 20:57:03.407553,IDFCFIRSTB,74.29,10408,74.24,2405870,74.34,1610661
2026-08-13 20:57:03.437009,SUZLON,54.5,971,54.45,1433160,54.55,2151255
2026-08-13 20:57:03.439007,GMRINFRA,87.81,9573,87.76,1116012,87.86,2140069
2026-08-13 20:57:03.455738,SOUTHBANK,33.87,13204,33.82,1603668,33.92,1085449
2026-08-13 20:57:03.472771,IRB,64.48,9437,64.43,1868447,64.53,1499378
2026-08-13 20:57:03.489827,HFCL,122.16,13942,122.1,1989972,122.22,1424099
2026-08-13 20:57:03.508422,NMDC,234.41,14471,234.29,1406505,234.53,2087132
2026-08-13 20:57:03.522350,TATAPOWER,437.44,550,437.22,1326458,437.66,1125214
2026-08-13 20:57:03.554661,BHEL,303.09,10825,302.94,1348668,303.24,1102601
2026-08-13 20:57:03.569298,HUDCO,197.43,7577,197.33,1065962,197.53,1562310
2026-08-13 20:57:03.572620,PNB,117.39,7194,117.33,2084606,117.45,2354625
2026-08-13 20:57:03.589136,NHPC,97.91,6591,97.86,2202457,97.96,2152433
2026-08-13 20:57:03.606099,SMALLCAP1,46.6,126,46.55,8343,46.65,10377
2026-08-13 20:57:03.622314,RELIANCE,2953.46,7643,2951.98,1736849,2954.94,2208587
2026-08-13 20:57:03.639793,TCS,3781.98,6326,3780.09,1579026,3783.87,1212726
2026-08-13 20:57:03.655976,INFY,1535.88,5330,1535.11,2252117,1536.65,1659841
2026-08-13 20:57:03.672239,PENNYSTOCK,14.33,2827,14.28,1770132,14.38,1654834
2026-08-13 20:57:18.407553,IDFCFIRSTB,74.37,11856,74.32,1932561,74.42,1989420
2026-08-13 20:57:18.437009,SUZLON,54.36,11675,54.31,2430936,54.41,1669383
2026-08-13 20:57:18.439007,GMRINFRA,87.6,8707,87.55,2151398,87.65,1605989
2026-08-13 20:57:18.455738,SOUTHBANK,33.87,3724,33.82,1670084,33.92,2250475
2026-08-13 20:57:18.472771,IRB,64.5,8443,64.45,1601612,64.55,2338850
2026-08-13 20:57:18.489827,HFCL,122.42,12786,122.36,1636413,122.48,1677938
2026-08-13 20:57:18.508422,NMDC,234.14,8830,234.02,1930293,234.26,2057531
2026-08-13 20:57:18.522350,TATAPOWER,437.58,2048,437.36,1288808,437.8,1248062
2026-08-13 20:57:18.554661,BHEL,303.48,11781,303.33,2165025,303.63,2057628
2026-08-13 20:57:18.569298,HUDCO,197.51,7464,197.41,1916694,197.61,1221747
2026-08-13 20:57:18.572620,PNB,117.44,1730,117.38,1204641,117.5,1613887
2026-08-13 20:57:18.589136,NHPC,97.9,657,97.85,2292682,97.95,1748018
2026-08-13 20:57:18.606099,SMALLCAP1,46.65,588,46.6,17143,46.7,21832
2026-08-13 20:57:18.622314,RELIANCE,2954.07,5634,2952.59,1464658,2955.55,2248312
2026-08-13 20:57:18.639793,TCS,3791.19,3608,3789.29,2189071,3793.09,1479132
2026-08-13 20:57:18.655976,INFY,1537.1,10418,1536.33,2488248,1537.87,1699919
2026-08-13 20:57:18.672239,PENNYSTOCK,14.34,80619,14.29,1899103,14.39,1841486
2026-08-13 20:57:33.407553,IDFCFIRSTB,74.27,9669,74.22,1219758,74.32,1524152
2026-08-13 20:57:33.437009,SUZLON,54.17,5919,54.12,1164328,54.22,2186918
2026-08-13 20:57:33.439007,GMRINFRA,87.73,31794,87.68,2255672,87.78,1068785
2026-08-13 20:57:33.455738,SOUTHBANK,33.84,11766,33.79,2464551,33.89,2493905
2026-08-13 20:57:33.472771,IRB,64.55,4562,64.5,1649563,64.6,1950156
2026-08-13 20:57:33.489827,HFCL,122.48,4212,122.42,1876303,122.54,1433194
2026-08-13 20:57:33.508422,NMDC,233.96,2190,233.84,1917417,234.08,1967431
2026-08-13 20:57:33.522350,TATAPOWER,437.5,4180,437.28,2434439,437.72,1135440
2026-08-13 20:57:33.554661,BHEL,303.36,1494,303.21,2451519,303.51,2447072
2026-08-13 20:57:33.569298,HUDCO,197.34,1081,197.24,2028579,197.44,1301589
2026-08-13 20:57:33.572620,PNB,117.61,11005,117.55,1366537,117.67,2105207
2026-08-13 20:57:33.589136,NHPC,98.06,6017,98.01,1499767,98.11,1442541
2026-08-13 20:57:33.606099,SMALLCAP1,46.71,878,46.66,18567,46.76,6981
2026-08-13 20:57:33.622314,RELIANCE,2958.77,2444,2957.29,1534994,2960.25,1668302
2026-08-13 20:57:33.639793,TCS,3795.05,11215,3793.15,1133588,3796.95,2450873
2026-08-13 20:57:33.655976,INFY,1539.37,8020,1538.6,1841705,1540.14,1806321
2026-08-13 20:57:33.672239,PENNYSTOCK,14.35,13885,14.3,2477810,14.4,1663024
2026-08-13 20:57:48.407553,IDFCFIRSTB,74.13,14645,74.08,2403238,74.18,2286579
2026-08-13 20:57:48.437009,SUZLON,54.32,6340,54.27,2140185,54.37,2467910
2026-08-13 20:57:48.439007,GMRINFRA,87.62,10358,87.57,2170626,87.67,1150379
2026-08-13 20:57:48.455738,SOUTHBANK,33.83,4304,33.78,2465908,33.88,2449042
2026-08-13 20:57:48.472771,IRB,64.54,9574,64.49,1888118,64.59,1697867
2026-08-13 20:57:48.489827,HFCL,122.32,149340,122.26,1092740,122.38,1313172
2026-08-13 20:57:48.508422,NMDC,234.05,9261,233.93,1256465,234.17,2025129
2026-08-13 20:57:48.522350,TATAPOWER,438.87,2149,438.65,1519834,439.09,2169580
2026-08-13 20:57:48.554661,BHEL,303.55,7230,303.4,1662258,303.7,1961183
2026-08-13 20:57:48.569298,HUDCO,197.35,4524,197.25,2127781,197.45,2424876
2026-08-13 20:57:48.572620,PNB,117.58,4724,117.52,1235488,117.64,1620344
2026-08-13 20:57:48.589136,NHPC,97.84,13566,97.79,2240153,97.89,2401179
2026-08-13 20:57:48.606099,SMALLCAP1,46.73,191,46.68,6286,46.78,14575
2026-08-13 20:57:48.622314,RELIANCE,2957.72,13465,2956.24,2101347,2959.2,1984845
2026-08-13 20:57:48.639793,TCS,3794.2,14331,3792.3,2205290,3796.1,1171375
2026-08-13 20:57:48.655976,INFY,1538.23,13864,1537.46,1064514,1539.0,2418670
2026-08-13 20:57:48.672239,PENNYSTOCK,14.38,4102,14.33,1276462,14.43,1128905
2026-08-13 20:58:03.407553,IDFCFIRSTB,74.01,9418,73.96,2324355,74.06,2071139
2026-08-13 20:58:03.437009,SUZLON,54.51,12684,54.46,2218831,54.56,1361846
2026-08-13 20:58:03.439007,GMRINFRA,87.8,6005,87.75,2436234,87.85,1386077
2026-08-13 20:58:03.455738,SOUTHBANK,33.85,8893,33.8,1707936,33.9,1128509
2026-08-13 20:58:03.472771,IRB,64.52,5572,64.47,1877642,64.57,1806989
2026-08-13 20:58:03.489827,HFCL,122.47,3781,122.41,1365349,122.53,1990147
2026-08-13 20:58:03.508422,NMDC,234.05,7394,233.93,1814614,234.17,2270383
2026-08-13 20:58:03.522350,TATAPOWER,438.88,3380,438.66,2048817,439.1,1360367
2026-08-13 20:58:03.554661,BHEL,303.49,7254,303.34,2113881,303.64,1116872
2026-08-13 20:58:03.569298,HUDCO,197.12,13884,197.02,1253808,197.22,1268850
2026-08-13 20:58:03.572620,PNB,117.4,10916,117.34,2072320,117.46,1331304
2026-08-13 20:58:03.589136,NHPC,97.82,1619,97.77,1195518,97.87,1968969
2026-08-13 20:58:03.606099,SMALLCAP1,46.75,115,46.7,19375,46.8,8138
2026-08-13 20:58:03.622314,RELIANCE,2959.53,12026,2958.05,1085621,2961.01,2178945
2026-08-13 20:58:03.639793,TCS,3802.09,10308,3800.19,1142530,3803.99,1891501
2026-08-13 20:58:03.655976,INFY,1534.81,7881,1534.04,1867069,1535.58,2141027
2026-08-13 20:58:03.672239,PENNYSTOCK,14.42,12339,14.37,1174766,14.47,1423839
2026-08-13 20:58:18.407553,IDFCFIRSTB,73.85,12629,73.8,2215541,73.9,2332661
2026-08-13 20:58:18.437009,SUZLON,54.55,7952,54.5,2485332,54.6,1582733
2026-08-13 20:58:18.439007,GMRINFRA,87.85,10197,87.8,1540218,87.9,2264016
2026-08-13 20:58:18.455738,SOUTHBANK,33.91,9626,33.86,1901016,33.96,2163876
2026-08-13 20:58:18.472771,IRB,64.32,5865,64.27,2321495,64.37,2296958
2026-08-13 20:58:18.489827,HFCL,122.52,12490,122.46,2045111,122.58,1107492
2026-08-13 20:58:18.508422,NMDC,234.18,6805,234.06,1750072,234.3,2134219
2026-08-13 20:58:18.522350,TATAPOWER,438.96,2992,438.74,1414938,439.18,2047561
2026-08-13 20:58:18.554661,BHEL,304.51,5841,304.36,1956801,304.66,1536813
2026-08-13 20:58:18.569298,HUDCO,196.94,13390,196.84,1286596,197.04,2151999
2026-08-13 20:58:18.572620,PNB,117.41,8790,117.35,2137949,117.47,2088877
2026-08-13 20:58:18.589136,NHPC,97.92,875,97.87,1443351,97.97,1716385
2026-08-13 20:58:18.606099,SMALLCAP1,46.87,947,46.82,10030,46.92,20645
2026-08-13 20:58:18.622314,RELIANCE,2958.59,3590,2957.11,1337002,2960.07,1911788
2026-08-13 20:58:18.639793,TCS,3803.6,2359,3801.7,1717749,3805.5,1613129
2026-08-13 20:58:18.655976,INFY,1537.5,11967,1536.73,1972644,1538.27,1478987
2026-08-13 20:58:18.672239,PENNYSTOCK,14.43,7980,14.38,1605899,14.48,2252391
2026-08-13 20:58:33.407553,IDFCFIRSTB,73.98,7936,73.93,1527372,74.03,1990928
2026-08-13 20:58:33.437009,SUZLON,54.53,14435,54.48,1821644,54.58,1740269
2026-08-13 20:58:33.439007,GMRINFRA,87.79,929,87.74,2176132,87.84,2194748
2026-08-13 20:58:33.455738,SOUTHBANK,33.91,12285,33.86,2052675,33.96,1789019
2026-08-13 20:58:33.472771,IRB,64.18,14236,64.13,1184041,64.23,2398530
2026-08-13 20:58:33.489827,HFCL,122.79,9001,122.73,1096908,122.85,1509411
2026-08-13 20:58:33.508422,NMDC,234.92,7658,234.8,2118476,235.04,2022675
2026-08-13 20:58:33.522350,TATAPOWER,440.4,11647,440.18,2490049,440.62,1473413
2026-08-13 20:58:33.554661,BHEL,304.98,10134,304.83,1323842,305.13,1841974
2026-08-13 20:58:33.569298,HUDCO,197.14,10661,197.04,1564177,197.24,2144951
2026-08-13 20:58:33.572620,PNB,117.45,9333,117.39,2153834,117.51,2217124
2026-08-13 20:58:33.589136,NHPC,97.94,14313,97.89,1581555,97.99,1124569
2026-08-13 20:58:33.606099,SMALLCAP1,46.91,761,46.86,22128,46.96,21168
2026-08-13 20:58:33.622314,RELIANCE,2960.95,9124,2959.47,1888594,2962.43,1400285
2026-08-13 20:58:33.639793,TCS,3811.5,7500,3809.59,2270693,3813.41,1369081
2026-08-13 20:58:33.655976,INFY,1534.2,10131,1533.43,2133956,1534.97,2302432
2026-08-13 20:58:33.672239,PENNYSTOCK,14.44,4708,14.39,1288116,14.49,1210853
2026-08-13 20:58:48.407553,IDFCFIRSTB,74.03,2491,73.98,2277142,74.08,1975096
2026-08-13 20:58:48.437009,SUZLON,54.38,50580,54.33,2498049,54.43,2131101
2026-08-13 20:58:48.439007,GMRINFRA,87.91,7713,87.86,2272733,87.96,1460565
2026-08-13 20:58:48.455738,SOUTHBANK,33.85,10813,33.8,1109280,33.9,1388554
2026-08-13 20:58:48.472771,IRB,64.15,9722,64.1,1590228,64.2,1988105
2026-08-13 20:58:48.489827,HFCL,122.73,6293,122.67,1675823,122.79,1906348
2026-08-13 20:58:48.508422,NMDC,235.18,103820,235.06,1084944,235.3,2485607
2026-08-13 20:58:48.522350,TATAPOWER,439.58,7494,439.36,1511043,439.8,1310648
2026-08-13 20:58:48.554661,BHEL,306.01,2576,305.86,1418603,306.16,2411073
2026-08-13 20:58:48.569298,HUDCO,197.58,1755,197.48,1824420,197.68,1258891
2026-08-13 20:58:48.572620,PNB,117.58,11750,117.52,1745154,117.64,1918432
2026-08-13 20:58:48.589136,NHPC,97.92,10965,97.87,2103416,97.97,2334423
2026-08-13 20:58:48.606099,SMALLCAP1,46.89,419,46.84,12574,46.94,7985
2026-08-13 20:58:48.622314,RELIANCE,2969.57,8905,2968.09,2172564,2971.05,1738755
2026-08-13 20:58:48.639793,TCS,3811.92,9440,3810.01,2025517,3813.83,1438302
2026-08-13 20:58:48.655976,INFY,1530.95,123101,1530.18,1399270,1531.72,2311744
2026-08-13 20:58:48.672239,PENNYSTOCK,14.43,12124,14.38,2392116,14.48,1649539
2026-08-13 20:59:03.407553,IDFCFIRSTB,73.94,13209,73.89,1310197,73.99,1918596
2026-08-13 20:59:03.437009,SUZLON,54.36,5272,54.31,1693564,54.41,2457829
2026-08-13 20:59:03.439007,GMRINFRA,87.8,8710,87.75,2115002,87.85,2464797
2026-08-13 20:59:03.455738,SOUTHBANK,33.86,11074,33.81,1937721,33.91,1993751
2026-08-13 20:59:03.472771,IRB,64.09,2512,64.04,1687026,64.14,1988824
2026-08-13 20:59:03.489827,HFCL,122.76,5253,122.7,1116238,122.82,1123307
2026-08-13 20:59:03.508422,NMDC,235.21,606,235.09,1222683,235.33,2261151
2026-08-13 20:59:03.522350,TATAPOWER,440.68,7151,440.46,1274576,440.9,1426338
2026-08-13 20:59:03.554661,BHEL,306.22,1539,306.07,1150638,306.37,1729411
2026-08-13 20:59:03.569298,HUDCO,197.65,9063,197.55,2007442,197.75,1573046
2026-08-13 20:59:03.572620,PNB,117.83,14059,117.77,1390531,117.89,2413891
2026-08-13 20:59:03.589136,NHPC,98.07,9518,98.02,1217921,98.12,2300384
2026-08-13 20:59:03.606099,SMALLCAP1,47.0,876,46.95,16951,47.05,11697
2026-08-13 20:59:03.622314,RELIANCE,2971.63,2455,2970.14,1831329,2973.12,1486931
2026-08-13 20:59:03.639793,TCS,3817.03,4212,3815.12,1914618,3818.94,2333983
2026-08-13 20:59:03.655976,INFY,1531.79,1870,1531.02,1103339,1532.56,1911441
2026-08-13 20:59:03.672239,PENNYSTOCK,14.39,12417,14.34,1684463,14.44,1506900
2026-08-13 20:59:18.407553,IDFCFIRSTB,73.74,5738,73.69,1573432,73.79,2094806
2026-08-13 20:59:18.437009,SUZLON,54.38,2965,54.33,2178285,54.43,1597171
2026-08-13 20:59:18.439007,GMRINFRA,87.94,2921,87.89,2333089,87.99,1457155
2026-08-13 20:59:18.455738,SOUTHBANK,33.76,12497,33.71,2287193,33.81,1618758
2026-08-13 20:59:18.472771,IRB,63.96,10085,63.91,2367167,64.01,2333060
2026-08-13 20:59:18.489827,HFCL,122.8,9245,122.74,2061617,122.86,1213647
2026-08-13 20:59:18.508422,NMDC,234.82,5540,234.7,2398806,234.94,1562226
2026-08-13 20:59:18.522350,TATAPOWER,440.37,10138,440.15,1308100,440.59,1668743
2026-08-13 20:59:18.554661,BHEL,305.89,96940,305.74,1309704,306.04,1922288
2026-08-13 20:59:18.569298,HUDCO,197.7,12729,197.6,1539420,197.8,2468115
2026-08-13 20:59:18.572620,PNB,117.67,11288,117.61,1537924,117.73,2387259
2026-08-13 20:59:18.589136,NHPC,97.94,5805,97.89,2006820,97.99,1670909
2026-08-13 20:59:18.606099,SMALLCAP1,46.96,541,46.91,9945,47.01,11353
2026-08-13 20:59:18.622314,RELIANCE,2972.03,9031,2970.54,1606738,2973.52,1886587
2026-08-13 20:59:18.639793,TCS,3801.2,9069,3799.3,2153104,3803.1,1568543
2026-08-13 20:59:18.655976,INFY,1530.14,5806,1529.37,1297796,1530.91,2108993
2026-08-13 20:59:18.672239,PENNYSTOCK,14.4,13875,14.35,1332722,14.45,2107585
2026-08-13 20:59:33.407553,IDFCFIRSTB,73.8,14001,73.75,1411900,73.85,2278081
2026-08-13 20:59:33.437009,SUZLON,54.49,4438,54.44,2332222,54.54,2317004
2026-08-13 20:59:33.439007,GMRINFRA,87.78,7547,87.73,1670485,87.83,1057556
2026-08-13 20:59:33.455738,SOUTHBANK,33.83,12754,33.78,1660974,33.88,1397951
2026-08-13 20:59:33.472771,IRB,64.1,3851,64.05,1952140,64.15,1654853
2026-08-13 20:59:33.489827,HFCL,122.81,9560,122.75,2264873,122.87,2222898
2026-08-13 20:59:33.508422,NMDC,234.48,4541,234.36,1421406,234.6,1706138
2026-08-13 20:59:33.522350,TATAPOWER,440.39,14071,440.17,2146327,440.61,2467015
2026-08-13 20:59:33.554661,BHEL,305.98,9547,305.83,1297597,306.13,1833022
2026-08-13 20:59:33.569298,HUDCO,197.78,6100,197.68,1253813,197.88,1386704
2026-08-13 20:59:33.572620,PNB,117.61,14429,117.55,1822086,117.67,1226743
2026-08-13 20:59:33.589136,NHPC,98.15,14384,98.1,2170186,98.2,1644733
2026-08-13 20:59:33.606099,SMALLCAP1,46.99,482,46.94,20031,47.04,8130
2026-08-13 20:59:33.622314,RELIANCE,2970.53,5200,2969.04,1703257,2972.02,1280037
2026-08-13 20:59:33.639793,TCS,3787.98,6288,3786.09,1817465,3789.87,1302595
2026-08-13 20:59:33.655976,INFY,1529.19,9191,1528.43,2403553,1529.95,1309049
2026-08-13 20:59:33.672239,PENNYSTOCK,14.41,3510,14.36,2147343,14.46,1991623
2026-08-13 20:59:48.407553,IDFCFIRSTB,73.8,7988,73.75,1367000,73.85,1927710
2026-08-13 20:59:48.437009,SUZLON,54.55,11663,54.5,1516290,54.6,1548562
2026-08-13 20:59:48.439007,GMRINFRA,87.83,12291,87.78,2358472,87.88,1400490
2026-08-13 20:59:48.455738,SOUTHBANK,33.85,7581,33.8,1452082,33.9,1876595
2026-08-13 20:59:48.472771,IRB,64.02,1342,63.97,1070743,64.07,1753658
2026-08-13 20:59:48.489827,HFCL,122.7,7396,122.64,1324063,122.76,1668730
2026-08-13 20:59:48.508422,NMDC,234.59,6738,234.47,2180876,234.71,1679882
2026-08-13 20:59:48.522350,TATAPOWER,440.23,9207,440.01,2224083,440.45,1932508
2026-08-13 20:59:48.554661,BHEL,305.57,14904,305.42,2440919,305.72,1110055
2026-08-13 20:59:48.569298,HUDCO,197.46,10794,197.36,1655149,197.56,1824178
2026-08-13 20:59:48.572620,PNB,117.88,4163,117.82,1477326,117.94,1882484
2026-08-13 20:59:48.589136,NHPC,98.17,5203,98.12,1679388,98.22,1746221
2026-08-13 20:59:48.606099,SMALLCAP1,47.02,742,46.97,13546,47.07,12625
2026-08-13 20:59:48.622314,RELIANCE,2975.43,2909,2973.94,1739962,2976.92,2171697
2026-08-13 20:59:48.639793,TCS,3789.73,1907,3787.84,2454815,3791.62,1314878
2026-08-13 20:59:48.655976,INFY,1531.73,8416,1530.96,1114063,1532.5,1429782
2026-08-13 20:59:48.672239,PENNYSTOCK,14.43,8292,14.38,1142344,14.48,1234832
2026-08-13 21:00:03.407553,IDFCFIRSTB,73.87,2347,73.82,2165874,73.92,2340713
2026-08-13 21:00:03.437009,SUZLON,54.5,9210,54.45,1791779,54.55,1707919
2026-08-13 21:00:03.439007,GMRINFRA,87.55,1383,87.5,2196509,87.6,1302468
2026-08-13 21:00:03.455738,SOUTHBANK,33.83,13795,33.78,2340349,33.88,2004285
2026-08-13 21:00:03.472771,IRB,64.09,10295,64.04,1412813,64.14,1404957
2026-08-13 21:00:03.489827,HFCL,122.58,6364,122.52,1756782,122.64,2466096
2026-08-13 21:00:03.508422,NMDC,234.87,5607,234.75,1568852,234.99,2292102
2026-08-13 21:00:03.522350,TATAPOWER,441.15,12270,440.93,2365329,441.37,2144741
2026-08-13 21:00:03.554661,BHEL,306.6,12311,306.45,1722379,306.75,1412189
2026-08-13 21:00:03.569298,HUDCO,197.94,4426,197.84,2028172,198.04,1467737
2026-08-13 21:00:03.572620,PNB,117.71,1481,117.65,1599819,117.77,2350805
2026-08-13 21:00:03.589136,NHPC,98.4,6229,98.35,1959956,98.45,1207892
2026-08-13 21:00:03.606099,SMALLCAP1,46.95,684,46.9,13075,47.0,5872
2026-08-13 21:00:03.622314,RELIANCE,2975.89,9217,2974.4,1199307,2977.38,1404495
2026-08-13 21:00:03.639793,TCS,3790.05,10206,3788.15,2379723,3791.95,1689302
2026-08-13 21:00:03.655976,INFY,1533.0,3522,1532.23,2185513,1533.77,2135694
2026-08-13 21:00:03.672239,PENNYSTOCK,14.42,9323,14.37,1136478,14.47,1869984
2026-08-13 21:00:18.407553,IDFCFIRSTB,73.72,4844,73.67,1523373,73.77,1892185
2026-08-13 21:00:18.437009,SUZLON,54.38,4849,54.33,1384983,54.43,1785083
2026-08-13 21:00:18.439007,GMRINFRA,87.36,12094,87.31,2443260,87.41,1456152
2026-08-13 21:00:18.455738,SOUTHBANK,33.93,12292,33.88,1972144,33.98,1583844
2026-08-13 21:00:18.472771,IRB,64.2,3301,64.15,2198531,64.25,2228078
2026-08-13 21:00:18.489827,HFCL,122.44,1152,122.38,1712738,122.5,1274358
2026-08-13 21:00:18.508422,NMDC,235.04,1834,234.92,2232956,235.16,2372771
2026-08-13 21:00:18.522350,TATAPOWER,440.52,12643,440.3,2385547,440.74,2025744
2026-08-13 21:00:18.554661,BHEL,306.97,2626,306.82,1810436,307.12,1213376
2026-08-13 21:00:18.569298,HUDCO,198.05,6226,197.95,1094597,198.15,1182337
2026-08-13 21:00:18.572620,PNB,117.56,92360,117.5,2151892,117.62,1932466
2026-08-13 21:00:18.589136,NHPC,98.48,8732,98.43,2353416,98.53,1648553
2026-08-13 21:00:18.606099,SMALLCAP1,46.84,490,46.79,12423,46.89,18313
2026-08-13 21:00:18.622314,RELIANCE,2976.28,8692,2974.79,1443298,2977.77,1254498
2026-08-13 21:00:18.639793,TCS,3790.07,8250,3788.17,1586511,3791.97,1273672
2026-08-13 21:00:18.655976,INFY,1537.74,9928,1536.97,1069084,1538.51,1712375
2026-08-13 21:00:18.672239,PENNYSTOCK,14.44,1177,14.39,1822522,14.49,2225956
2026-08-13 21:00:33.407553,IDFCFIRSTB,73.69,3311,73.64,2437874,73.74,2088715
2026-08-13 21:00:33.437009,SUZLON,54.47,66240,54.42,1652071,54.52,1961882
2026-08-13 21:00:33.439007,GMRINFRA,87.32,14328,87.27,1369551,87.37,1201460
2026-08-13 21:00:33.455738,SOUTHBANK,34.03,2756,33.98,1356422,34.08,1458868
2026-08-13 21:00:33.472771,IRB,64.21,4054,64.16,2327223,64.26,1317966
2026-08-13 21:00:33.489827,HFCL,122.49,95128,122.43,1866482,122.55,2329042
2026-08-13 21:00:33.508422,NMDC,234.2,13109,234.08,2006953,234.32,2355848
2026-08-13 21:00:33.522350,TATAPOWER,440.71,7457,440.49,1260225,440.93,2375385
2026-08-13 21:00:33.554661,BHEL,307.6,3850,307.45,1844387,307.75,2098869
2026-08-13 21:00:33.569298,HUDCO,198.12,6361,198.02,2470055,198.22,1664221
2026-08-13 21:00:33.572620,PNB,117.29,2301,117.23,2334567,117.35,2316335
2026-08-13 21:00:33.589136,NHPC,98.36,12129,98.31,1151960,98.41,1731794
2026-08-13 21:00:33.606099,SMALLCAP1,46.84,114,46.79,18480,46.89,10686
2026-08-13 21:00:33.622314,RELIANCE,2975.0,10965,2973.51,1472811,2976.49,2151133
2026-08-13 21:00:33.639793,TCS,3790.24,10828,3788.34,2259636,3792.14,2404889
2026-08-13 21:00:33.655976,INFY,1537.8,11415,1537.03,2467919,1538.57,2321869
2026-08-13 21:00:33.672239,PENNYSTOCK,14.42,5133,14.37,1566526,14.47,1494224
2026-08-13 21:00:48.407553,IDFCFIRSTB,73.6,8977,73.55,1862263,73.65,2056205
2026-08-13 21:00:48.437009,SUZLON,54.44,4090,54.39,1832547,54.49,1961262
2026-08-13 21:00:48.439007,GMRINFRA,87.2,6418,87.15,1316516,87.25,1307210
2026-08-13 21:00:48.455738,SOUTHBANK,33.99,7915,33.94,1926698,34.04,2301819
2026-08-13 21:00:48.472771,IRB,64.2,12070,64.15,1764107,64.25,2413827
2026-08-13 21:00:48.489827,HFCL,122.2,1883,122.14,1369508,122.26,1756241
2026-08-13 21:00:48.508422,NMDC,233.7,8945,233.58,2489242,233.82,2090973
2026-08-13 21:00:48.522350,TATAPOWER,440.01,13910,439.79,1553061,440.23,1952059
2026-08-13 21:00:48.554661,BHEL,307.44,743,307.29,2027232,307.59,2038719
2026-08-13 21:00:48.569298,HUDCO,198.33,3465,198.23,2001519,198.43,2221970
2026-08-13 21:00:48.572620,PNB,117.37,9670,117.31,2299871,117.43,1865002
2026-08-13 21:00:48.589136,NHPC,98.32,13547,98.27,2226390,98.37,1077699
2026-08-13 21:00:48.606099,SMALLCAP1,46.77,939,46.72,21962,46.82,10091
2026-08-13 21:00:48.622314,RELIANCE,2976.92,3438,2975.43,1393984,2978.41,2073201
2026-08-13 21:00:48.639793,TCS,3787.67,6567,3785.78,1341397,3789.56,2402879
2026-08-13 21:00:48.655976,INFY,1537.94,9622,1537.17,1246212,1538.71,2367716
2026-08-13 21:00:48.672239,PENNYSTOCK,14.44,12613,14.39,1952102,14.49,2273734
2026-08-13 21:01:03.407553,IDFCFIRSTB,73.6,14750,73.55,1379057,73.65,2181673
2026-08-13 21:01:03.437009,SUZLON,54.55,4989,54.5,1850653,54.6,1123412
2026-08-13 21:01:03.439007,GMRINFRA,87.16,12056,87.11,1230215,87.21,1306250
2026-08-13 21:01:03.455738,SOUTHBANK,33.96,7986,33.91,2075396,34.01,1267041
2026-08-13 21:01:03.472771,IRB,64.3,2635,64.25,2006674,64.35,1635906
2026-08-13 21:01:03.489827,HFCL,122.14,2481,122.08,2118433,122.2,1866479
2026-08-13 21:01:03.508422,NMDC,234.25,13136,234.13,1453425,234.37,2241594
2026-08-13 21:01:03.522350,TATAPOWER,440.35,11163,440.13,1709852,440.57,1549717
2026-08-13 21:01:03.554661,BHEL,307.23,10583,307.08,2257572,307.38,2095880
2026-08-13 21:01:03.569298,HUDCO,198.46,2874,198.36,2026669,198.56,1733072
2026-08-13 21:01:03.572620,PNB,117.44,3325,117.38,2083011,117.5,1082441
2026-08-13 21:01:03.589136,NHPC,98.55,7665,98.5,1219269,98.6,2052200
2026-08-13 21:01:03.606099,SMALLCAP1,46.91,753,46.86,16151,46.96,11669
2026-08-13 21:01:03.622314,RELIANCE,2969.78,6205,2968.3,1943764,2971.26,2421555
2026-08-13 21:01:03.639793,TCS,3775.7,11364,3773.81,1440925,3777.59,2485640
2026-08-13 21:01:03.655976,INFY,1538.18,8470,1537.41,1925874,1538.95,1881425
2026-08-13 21:01:03.672239,PENNYSTOCK,14.43,11531,14.38,1547850,14.48,1505838
2026-08-13 21:01:18.407553,IDFCFIRSTB,73.5,1745,73.45,1923605,73.55,1651173
2026-08-13 21:01:18.437009,SUZLON,54.58,7587,54.53,1946664,54.63,1605265
2026-08-13 21:01:18.439007,GMRINFRA,87.32,14569,87.27,2186351,87.37,1839919
2026-08-13 21:01:18.455738,SOUTHBANK,33.99,2380,33.94,1697129,34.04,1914418
2026-08-13 21:01:18.472771,IRB,64.37,6470,64.32,1831490,64.42,2434611
2026-08-13 21:01:18.489827,HFCL,122.15,6886,122.09,2026318,122.21,1119574
2026-08-13 21:01:18.508422,NMDC,234.33,10653,234.21,1818473,234.45,1238780
2026-08-13 21:01:18.522350,TATAPOWER,439.57,1081,439.35,1871966,439.79,1476944
2026-08-13 21:01:18.554661,BHEL,307.48,8489,307.33,1445404,307.63,2259723
2026-08-13 21:01:18.569298,HUDCO,198.54,1112,198.44,1330986,198.64,1511919
2026-08-13 21:01:18.572620,PNB,117.35,5411,117.29,1944086,117.41,2128354
2026-08-13 21:01:18.589136,NHPC,98.52,37960,98.47,2153401,98.57,1479368
2026-08-13 21:01:18.606099,SMALLCAP1,47.05,667,47.0,19558,47.1,9375
2026-08-13 21:01:18.622314,RELIANCE,2964.53,7871,2963.05,1441618,2966.01,1852307
2026-08-13 21:01:18.639793,TCS,3773.46,659,3771.57,1971292,3775.35,2024890
2026-08-13 21:01:18.655976,INFY,1538.16,10590,1537.39,2461919,1538.93,2008528
2026-08-13 21:01:18.672239,PENNYSTOCK,14.43,4505,14.38,1976256,14.48,1453795
2026-08-13 21:01:33.407553,IDFCFIRSTB,73.39,11486,73.34,1481830,73.44,1778710
2026-08-13 21:01:33.437009,SUZLON,54.72,5900,54.67,1634615,54.77,1154312
2026-08-13 21:01:33.439007,GMRINFRA,87.43,14330,87.38,1685227,87.48,2103538
2026-08-13 21:01:33.455738,SOUTHBANK,34.01,50373,33.96,1539760,34.06,1294275
2026-08-13 21:01:33.472771,IRB,64.62,11265,64.57,1722542,64.67,2085176
2026-08-13 21:01:33.489827,HFCL,122.43,13499,122.37,2496030,122.49,1557925
2026-08-13 21:01:33.508422,NMDC,233.82,11751,233.7,1664691,233.94,1779208
2026-08-13 21:01:33.522350,TATAPOWER,439.29,12148,439.07,1574646,439.51,1066116
2026-08-13 21:01:33.554661,BHEL,308.56,12455,308.41,1675727,308.71,1820302
2026-08-13 21:01:33.569298,HUDCO,198.88,1884,198.78,1458913,198.98,1481107
2026-08-13 21:01:33.572620,PNB,117.7,6684,117.64,2309697,117.76,2408514
2026-08-13 21:01:33.589136,NHPC,98.83,7050,98.78,1592857,98.88,2460212
2026-08-13 21:01:33.606099,SMALLCAP1,46.99,979,46.94,5067,47.04,5936
2026-08-13 21:01:33.622314,RELIANCE,2972.5,10727,2971.01,2303099,2973.99,1438947
2026-08-13 21:01:33.639793,TCS,3772.32,9067,3770.43,1600594,3774.21,1151406
2026-08-13 21:01:33.655976,INFY,1534.33,6124,1533.56,1303865,1535.1,1946214
2026-08-13 21:01:33.672239,PENNYSTOCK,14.42,76920,14.37,1352841,14.47,1336280
2026-08-13 21:01:48.407553,IDFCFIRSTB,73.39,12102,73.34,1298715,73.44,2455656
2026-08-13 21:01:48.437009,SUZLON,54.62,13299,54.57,2061569,54.67,1772987
2026-08-13 21:01:48.439007,GMRINFRA,87.63,10240,87.58,1412428,87.68,1351055
2026-08-13 21:01:48.455738,SOUTHBANK,34.01,8882,33.96,1437045,34.06,1109315
2026-08-13 21:01:48.472771,IRB,64.54,1760,64.49,1614452,64.59,2343542
2026-08-13 21:01:48.489827,HFCL,123.0,7250,122.94,1080783,123.06,1426252
2026-08-13 21:01:48.508422,NMDC,234.35,3934,234.23,1319398,234.47,1929360
2026-08-13 21:01:48.522350,TATAPOWER,439.32,3022,439.1,2428064,439.54,1955482
2026-08-13 21:01:48.554661,BHEL,307.89,6010,307.74,2164341,308.04,1930428
2026-08-13 21:01:48.569298,HUDCO,198.81,3508,198.71,1353042,198.91,1772622
2026-08-13 21:01:48.572620,PNB,117.77,14346,117.71,2307358,117.83,2032611
2026-08-13 21:01:48.589136,NHPC,98.81,611,98.76,1310521,98.86,1961224
2026-08-13 21:01:48.606099,SMALLCAP1,46.97,559,46.92,5453,47.02,11371
2026-08-13 21:01:48.622314,RELIANCE,2975.34,13596,2973.85,1277006,2976.83,1534884
2026-08-13 21:01:48.639793,TCS,3764.49,1794,3762.61,1968223,3766.37,1869978
2026-08-13 21:01:48.655976,INFY,1531.52,1089,1530.75,1756271,1532.29,2328471
2026-08-13 21:01:48.672239,PENNYSTOCK,14.41,13486,14.36,2313147,14.46,2485783
2026-08-13 21:02:03.407553,IDFCFIRSTB,73.31,5470,73.26,1767664,73.36,2369524
2026-08-13 21:02:03.437009,SUZLON,54.52,13180,54.47,1898068,54.57,1411760
2026-08-13 21:02:03.439007,GMRINFRA,87.63,2049,87.58,2074712,87.68,1263466
2026-08-13 21:02:03.455738,SOUTHBANK,34.06,13402,34.01,1287189,34.11,1494941
2026-08-13 21:02:03.472771,IRB,64.62,5245,64.57,1151840,64.67,1324876
2026-08-13 21:02:03.489827,HFCL,122.9,14536,122.84,2005898,122.96,2294017
2026-08-13 21:02:03.508422,NMDC,234.05,3719,233.93,2317623,234.17,1837131
2026-08-13 21:02:03.522350,TATAPOWER,439.31,78597,439.09,1112503,439.53,1171807
2026-08-13 21:02:03.554661,BHEL,307.58,1236,307.43,2350602,307.73,2498983
2026-08-13 21:02:03.569298,HUDCO,199.23,9626,199.13,2422118,199.33,2263215
2026-08-13 21:02:03.572620,PNB,117.71,46287,117.65,1649157,117.77,1476978
2026-08-13 21:02:03.589136,NHPC,98.84,39675,98.79,2199168,98.89,1357227
2026-08-13 21:02:03.606099,SMALLCAP1,47.06,845,47.01,7835,47.11,14459
2026-08-13 21:02:03.622314,RELIANCE,2971.02,13471,2969.53,2266635,2972.51,2008099
2026-08-13 21:02:03.639793,TCS,3757.81,13194,3755.93,2040387,3759.69,1886838
2026-08-13 21:02:03.655976,INFY,1533.37,625,1532.6,1364866,1534.14,1658533
2026-08-13 21:02:03.672239,PENNYSTOCK,14.43,2918,14.38,1428207,14.48,2364538
2026-08-13 21:02:18.407553,IDFCFIRSTB,73.46,3450,73.41,1450324,73.51,2108473
2026-08-13 21:02:18.437009,SUZLON,54.6,10784,54.55,2168419,54.65,2172166
2026-08-13 21:02:18.439007,GMRINFRA,87.9,7511,87.85,2098368,87.95,2232995
2026-08-13 21:02:18.455738,SOUTHBANK,34.13,3970,34.08,2036882,34.18,2424430
2026-08-13 21:02:18.472771,IRB,64.59,6130,64.54,2355672,64.64,1898482
2026-08-13 21:02:18.489827,HFCL,122.75,104400,122.69,2282150,122.81,2119786
2026-08-13 21:02:18.508422,NMDC,234.43,12733,234.31,1823358,234.55,1488768
2026-08-13 21:02:18.522350,TATAPOWER,437.96,3317,437.74,1456878,438.18,1698011
2026-08-13 21:02:18.554661,BHEL,307.44,2761,307.29,2285404,307.59,1992908
2026-08-13 21:02:18.569298,HUDCO,199.32,6869,199.22,1586594,199.42,1807557
2026-08-13 21:02:18.572620,PNB,117.7,4528,117.64,1877198,117.76,2124636
2026-08-13 21:02:18.589136,NHPC,98.89,8094,98.84,2283698,98.94,1104014
2026-08-13 21:02:18.606099,SMALLCAP1,47.12,477,47.07,19334,47.17,11969
2026-08-13 21:02:18.622314,RELIANCE,2969.95,91512,2968.47,1368706,2971.43,1546165
2026-08-13 21:02:18.639793,TCS,3761.71,4089,3759.83,2058669,3763.59,1258254
2026-08-13 21:02:18.655976,INFY,1531.77,11266,1531.0,1173834,1532.54,1623355
2026-08-13 21:02:18.672239,PENNYSTOCK,14.43,126864,14.38,1342046,14.48,1473997
2026-08-13 21:02:33.407553,IDFCFIRSTB,73.32,11444,73.27,1811850,73.37,2184020
2026-08-13 21:02:33.437009,SUZLON,54.74,7598,54.69,1237652,54.79,2306185
2026-08-13 21:02:33.439007,GMRINFRA,87.72,11837,87.67,1916473,87.77,1438742
2026-08-13 21:02:33.455738,SOUTHBANK,34.12,8844,34.07,2221440,34.17,1347543
2026-08-13 21:02:33.472771,IRB,64.46,14047,64.41,1207246,64.51,1652755
2026-08-13 21:02:33.489827,HFCL,122.73,14798,122.67,2380126,122.79,2366247
2026-08-13 21:02:33.508422,NMDC,234.49,25164,234.37,1909820,234.61,1954202
2026-08-13 21:02:33.522350,TATAPOWER,439.39,7641,439.17,1395483,439.61,2266210
2026-08-13 21:02:33.554661,BHEL,307.22,11167,307.07,2301656,307.37,1100494
2026-08-13 21:02:33.569298,HUDCO,199.26,1624,199.16,2222116,199.36,1987766
2026-08-13 21:02:33.572620,PNB,117.94,61168,117.88,2037403,118.0,1951822
2026-08-13 21:02:33.589136,NHPC,98.68,8028,98.63,1563862,98.73,1973865
2026-08-13 21:02:33.606099,SMALLCAP1,47.07,508,47.02,18501,47.12,19780
2026-08-13 21:02:33.622314,RELIANCE,2967.05,11897,2965.57,1669943,2968.53,1551676
2026-08-13 21:02:33.639793,TCS,3763.96,1246,3762.08,1844083,3765.84,1428754
2026-08-13 21:02:33.655976,INFY,1536.26,14647,1535.49,1135499,1537.03,1353749
2026-08-13 21:02:33.672239,PENNYSTOCK,14.43,5534,14.38,1370667,14.48,1343653
2026-08-13 21:02:48.407553,IDFCFIRSTB,73.09,9909,73.04,1396977,73.14,2422155
2026-08-13 21:02:48.437009,SUZLON,54.68,2280,54.63,1635342,54.73,2392875
2026-08-13 21:02:48.439007,GMRINFRA,87.44,5471,87.39,1689275,87.49,1486404
2026-08-13 21:02:48.455738,SOUTHBANK,34.16,10021,34.11,1887492,34.21,1773783
2026-08-13 21:02:48.472771,IRB,64.57,1092,64.52,2391554,64.62,2322526
2026-08-13 21:02:48.489827,HFCL,122.94,4618,122.88,1423416,123.0,2095545
2026-08-13 21:02:48.508422,NMDC,234.13,14018,234.01,1610172,234.25,1269356
2026-08-13 21:02:48.522350,TATAPOWER,439.81,8637,439.59,2000170,440.03,1648511
2026-08-13 21:02:48.554661,BHEL,305.97,6713,305.82,1198880,306.12,2464154
2026-08-13 21:02:48.569298,HUDCO,199.41,10205,199.31,1832097,199.51,1358752
2026-08-13 21:02:48.572620,PNB,117.79,4760,117.73,2043668,117.85,1483735
2026-08-13 21:02:48.589136,NHPC,98.88,534,98.83,1727152,98.93,1291993
2026-08-13 21:02:48.606099,SMALLCAP1,47.0,10791,46.95,10304,47.05,24535
2026-08-13 21:02:48.622314,RELIANCE,2966.66,6432,2965.18,1982990,2968.14,1790444
2026-08-13 21:02:48.639793,TCS,3762.64,9836,3760.76,1354658,3764.52,1215813
2026-08-13 21:02:48.655976,INFY,1538.1,4368,1537.33,1495759,1538.87,1379771
2026-08-13 21:02:48.672239,PENNYSTOCK,14.42,5889,14.37,2197733,14.47,2310385
2026-08-13 21:03:03.407553,IDFCFIRSTB,72.96,13414,72.91,1317886,73.01,1136811
2026-08-13 21:03:03.437009,SUZLON,54.69,88840,54.64,1198881,54.74,1649407
2026-08-13 21:03:03.439007,GMRINFRA,87.3,12606,87.25,2021797,87.35,1229329
2026-08-13 21:03:03.455738,SOUTHBANK,34.15,2264,34.1,1184863,34.2,1543540
2026-08-13 21:03:03.472771,IRB,64.51,14996,64.46,2251418,64.56,1489951
2026-08-13 21:03:03.489827,HFCL,122.98,13995,122.92,2064839,123.04,1616761
2026-08-13 21:03:03.508422,NMDC,234.46,2638,234.34,1519385,234.58,1435008
2026-08-13 21:03:03.522350,TATAPOWER,440.62,11869,440.4,1463237,440.84,1922754
2026-08-13 21:03:03.554661,BHEL,306.68,1318,306.53,2082088,306.83,1132435
2026-08-13 21:03:03.569298,HUDCO,199.45,7815,199.35,1891807,199.55,1098777
2026-08-13 21:03:03.572620,PNB,117.62,7304,117.56,1896423,117.68,2063428
2026-08-13 21:03:03.589136,NHPC,98.82,6527,98.77,2479734,98.87,1532556
2026-08-13 21:03:03.606099,SMALLCAP1,47.08,508,47.03,5216,47.13,11145
2026-08-13 21:03:03.622314,RELIANCE,2963.23,10341,2961.75,1825608,2964.71,2492507
2026-08-13 21:03:03.639793,TCS,3764.94,7508,3763.06,1212356,3766.82,1348227
2026-08-13 21:03:03.655976,INFY,1538.24,5195,1537.47,2032324,1539.01,2389161
2026-08-13 21:03:03.672239,PENNYSTOCK,14.44,7976,14.39,2017016,14.49,1416191
2026-08-13 21:03:18.407553,IDFCFIRSTB,73.05,2450,73.0,1921354,73.1,1355481
2026-08-13 21:03:18.437009,SUZLON,54.65,4004,54.6,1873504,54.7,1761663
2026-08-13 21:03:18.439007,GMRINFRA,87.36,1742,87.31,1463408,87.41,1982400
2026-08-13 21:03:18.455738,SOUTHBANK,34.13,5494,34.08,1227656,34.18,1893787
2026-08-13 21:03:18.472771,IRB,64.29,12192,64.24,1235427,64.34,2077384
2026-08-13 21:03:18.489827,HFCL,122.89,7097,122.83,1927097,122.95,1605958
2026-08-13 21:03:18.508422,NMDC,234.12,12969,234.0,2117141,234.24,1557492
2026-08-13 21:03:18.522350,TATAPOWER,441.61,3560,441.39,1976533,441.83,2008982
2026-08-13 21:03:18.554661,BHEL,306.29,14330,306.14,1166319,306.44,1553775
2026-08-13 21:03:18.569298,HUDCO,199.09,7152,198.99,2069378,199.19,2338279
2026-08-13 21:03:18.572620,PNB,117.64,1156,117.58,2470433,117.7,1355066
2026-08-13 21:03:18.589136,NHPC,98.74,6475,98.69,2000085,98.79,1457424
2026-08-13 21:03:18.606099,SMALLCAP1,47.12,125,47.07,8190,47.17,21860
2026-08-13 21:03:18.622314,RELIANCE,2967.92,13371,2966.44,2317936,2969.4,1124224
2026-08-13 21:03:18.639793,TCS,3768.67,5221,3766.79,1655855,3770.55,1612760
2026-08-13 21:03:18.655976,INFY,1532.4,9892,1531.63,1759173,1533.17,1884217
2026-08-13 21:03:18.672239,PENNYSTOCK,14.42,2024,14.37,2111378,14.47,1823696
2026-08-13 21:03:33.407553,IDFCFIRSTB,73.23,4609,73.18,1477893,73.28,1262867
2026-08-13 21:03:33.437009,SUZLON,54.61,10255,54.56,2383683,54.66,2083103
2026-08-13 21:03:33.439007,GMRINFRA,87.42,5299,87.37,1522341,87.47,2108957
2026-08-13 21:03:33.455738,SOUTHBANK,34.11,4804,34.06,1489732,34.16,2031051
2026-08-13 21:03:33.472771,IRB,64.25,91136,64.2,1460714,64.3,2112999
2026-08-13 21:03:33.489827,HFCL,123.2,13828,123.14,1268383,123.26,1332765
2026-08-13 21:03:33.508422,NMDC,234.64,2454,234.52,2445043,234.76,1233457
2026-08-13 21:03:33.522350,TATAPOWER,442.22,12361,442.0,1651801,442.44,1144723
2026-08-13 21:03:33.554661,BHEL,306.17,1508,306.02,1443842,306.32,1718301
2026-08-13 21:03:33.569298,HUDCO,199.36,4596,199.26,1620428,199.46,2304496
2026-08-13 21:03:33.572620,PNB,117.4,11729,117.34,2342342,117.46,1706926
2026-08-13 21:03:33.589136,NHPC,98.81,3969,98.76,1605150,98.86,1899317
2026-08-13 21:03:33.606099,SMALLCAP1,47.06,484,47.01,15500,47.11,5230
2026-08-13 21:03:33.622314,RELIANCE,2966.95,11755,2965.47,2389272,2968.43,1366600
2026-08-13 21:03:33.639793,TCS,3765.06,10461,3763.18,1293687,3766.94,2486502
2026-08-13 21:03:33.655976,INFY,1533.02,9764,1532.25,2028626,1533.79,1891040
2026-08-13 21:03:33.672239,PENNYSTOCK,14.41,12414,14.36,1506175,14.46,1724527
2026-08-13 21:03:48.407553,IDFCFIRSTB,73.31,1923,73.26,1474947,73.36,2475973
2026-08-13 21:03:48.437009,SUZLON,54.49,2431,54.44,2250977,54.54,1379904
2026-08-13 21:03:48.439007,GMRINFRA,87.19,12013,87.14,1463353,87.24,1337994
2026-08-13 21:03:48.455738,SOUTHBANK,34.05,11235,34.0,1809261,34.1,2030864
2026-08-13 21:03:48.472771,IRB,64.49,9467,64.44,2193318,64.54,2478014
2026-08-13 21:03:48.489827,HFCL,122.92,6081,122.86,1543704,122.98,1996308
2026-08-13 21:03:48.508422,NMDC,234.31,2135,234.19,1642179,234.43,1304114
2026-08-13 21:03:48.522350,TATAPOWER,442.11,2298,441.89,1869392,442.33,1184842
2026-08-13 21:03:48.554661,BHEL,305.7,4913,305.55,1887531,305.85,1722819
2026-08-13 21:03:48.569298,HUDCO,199.93,923,199.83,1725923,200.03,1475303
2026-08-13 21:03:48.572620,PNB,117.61,7084,117.55,2351124,117.67,1108787
2026-08-13 21:03:48.589136,NHPC,98.69,6874,98.64,1481205,98.74,1571852
2026-08-13 21:03:48.606099,SMALLCAP1,46.98,687,46.93,20415,47.03,10956
2026-08-13 21:03:48.622314,RELIANCE,2969.8,14207,2968.32,1330290,2971.28,1284724
2026-08-13 21:03:48.639793,TCS,3776.76,21816,3774.87,1213582,3778.65,1863237
2026-08-13 21:03:48.655976,INFY,1534.98,693,1534.21,2450481,1535.75,2489954
2026-08-13 21:03:48.672239,PENNYSTOCK,14.38,4168,14.33,1542409,14.43,2408133
2026-08-13 21:04:03.407553,IDFCFIRSTB,73.21,2111,73.16,1150046,73.26,2087124
2026-08-13 21:04:03.437009,SUZLON,54.49,9085,54.44,1656624,54.54,1675375
2026-08-13 21:04:03.439007,GMRINFRA,87.32,6185,87.27,1084071,87.37,1744150
2026-08-13 21:04:03.455738,SOUTHBANK,34.04,3081,33.99,2061798,34.09,1590313
2026-08-13 21:04:03.472771,IRB,64.5,13698,64.45,1447567,64.55,1410331
2026-08-13 21:04:03.489827,HFCL,122.83,13028,122.77,1382408,122.89,2179198
2026-08-13 21:04:03.508422,NMDC,234.54,14880,234.42,2105090,234.66,1409679
2026-08-13 21:04:03.522350,TATAPOWER,443.06,11710,442.84,2422816,443.28,1303600
2026-08-13 21:04:03.554661,BHEL,304.89,9263,304.74,2000928,305.04,2451323
2026-08-13 21:04:03.569298,HUDCO,200.31,6575,200.21,1060992,200.41,2087078
2026-08-13 21:04:03.572620,PNB,117.33,13879,117.27,2170244,117.39,1688645
2026-08-13 21:04:03.589136,NHPC,98.61,7058,98.56,2478709,98.66,1295108
2026-08-13 21:04:03.606099,SMALLCAP1,47.05,205,47.0,9896,47.1,9021
2026-08-13 21:04:03.622314,RELIANCE,2968.88,11283,2967.4,1128718,2970.36,2486894
2026-08-13 21:04:03.639793,TCS,3784.68,13049,3782.79,2424873,3786.57,1837273
2026-08-13 21:04:03.655976,INFY,1534.41,12306,1533.64,1667250,1535.18,1624512
2026-08-13 21:04:03.672239,PENNYSTOCK,14.4,7506,14.35,1572693,14.45,1082156
2026-08-13 21:04:18.407553,IDFCFIRSTB,73.14,3544,73.09,1362260,73.19,1362311
2026-08-13 21:04:18.437009,SUZLON,54.57,5643,54.52,1446016,54.62,1819418
2026-08-13 21:04:18.439007,GMRINFRA,87.66,5079,87.61,1085616,87.71,2192654
2026-08-13 21:04:18.455738,SOUTHBANK,34.14,10111,34.09,1659254,34.19,1897784
2026-08-13 21:04:18.472771,IRB,64.61,6742,64.56,1806809,64.66,2205609
2026-08-13 21:04:18.489827,HFCL,122.86,8167,122.8,1753949,122.92,1670507
2026-08-13 21:04:18.508422,NMDC,234.24,13806,234.12,1505236,234.36,1663929
2026-08-13 21:04:18.522350,TATAPOWER,443.31,1778,443.09,1086301,443.53,2471533
2026-08-13 21:04:18.554661,BHEL,305.14,7967,304.99,1767957,305.29,2136366
2026-08-13 21:04:18.569298,HUDCO,200.3,12970,200.2,1297897,200.4,1667222
2026-08-13 21:04:18.572620,PNB,117.22,9087,117.16,2130694,117.28,1362866
2026-08-13 21:04:18.589136,NHPC,98.35,6935,98.3,1357304,98.4,2239455
2026-08-13 21:04:18.606099,SMALLCAP1,46.98,542,46.93,9095,47.03,10846
2026-08-13 21:04:18.622314,RELIANCE,2968.18,148692,2966.7,1874867,2969.66,1597684
2026-08-13 21:04:18.639793,TCS,3785.92,5744,3784.03,2180954,3787.81,2081406
2026-08-13 21:04:18.655976,INFY,1533.82,3124,1533.05,2461612,1534.59,2145367
2026-08-13 21:04:18.672239,PENNYSTOCK,14.41,4793,14.36,1909523,14.46,1540923
2026-08-13 21:04:33.407553,IDFCFIRSTB,73.12,14248,73.07,1325379,73.17,1730984
2026-08-13 21:04:33.437009,SUZLON,54.65,8348,54.6,1375319,54.7,1691763
2026-08-13 21:04:33.439007,GMRINFRA,87.69,4366,87.64,2439705,87.74,1640266
2026-08-13 21:04:33.455738,SOUTHBANK,34.17,2274,34.12,1398340,34.22,1631293
2026-08-13 21:04:33.472771,IRB,64.64,14876,64.59,1287316,64.69,2003440
2026-08-13 21:04:33.489827,HFCL,122.93,9073,122.87,1622744,122.99,1803973
2026-08-13 21:04:33.508422,NMDC,234.14,14215,234.02,1694068,234.26,1051280
2026-08-13 21:04:33.522350,TATAPOWER,443.23,3403,443.01,1556229,443.45,1826864
2026-08-13 21:04:33.554661,BHEL,305.67,10752,305.52,1713975,305.82,1692891
2026-08-13 21:04:33.569298,HUDCO,200.46,7756,200.36,1504756,200.56,2232557
2026-08-13 21:04:33.572620,PNB,117.38,9631,117.32,2009569,117.44,1334159
2026-08-13 21:04:33.589136,NHPC,98.56,89706,98.51,1905364,98.61,1480221
2026-08-13 21:04:33.606099,SMALLCAP1,47.0,668,46.95,15303,47.05,24389
2026-08-13 21:04:33.622314,RELIANCE,2972.14,14544,2970.65,1837041,2973.63,1923910
2026-08-13 21:04:33.639793,TCS,3795.54,4062,3793.64,1839814,3797.44,2350783
2026-08-13 21:04:33.655976,INFY,1532.24,9419,1531.47,2266027,1533.01,2043850
2026-08-13 21:04:33.672239,PENNYSTOCK,14.44,6750,14.39,2123689,14.49,2475935
2026-08-13 21:04:48.407553,IDFCFIRSTB,73.09,7944,73.04,1070439,73.14,2460552
2026-08-13 21:04:48.437009,SUZLON,54.62,12711,54.57,1690949,54.67,2049663
2026-08-13 21:04:48.439007,GMRINFRA,87.56,12005,87.51,1656645,87.61,2055532
2026-08-13 21:04:48.455738,SOUTHBANK,34.2,59906,34.15,2205177,34.25,2421179
2026-08-13 21:04:48.472771,IRB,64.63,14249,64.58,1847970,64.68,2208536
2026-08-13 21:04:48.489827,HFCL,122.83,8060,122.77,1151657,122.89,2418558
2026-08-13 21:04:48.508422,NMDC,233.89,1163,233.77,1756520,234.01,2173033
2026-08-13 21:04:48.522350,TATAPOWER,443.22,10586,443.0,2486655,443.44,1444250
2026-08-13 21:04:48.554661,BHEL,306.36,5571,306.21,1097129,306.51,1319108
2026-08-13 21:04:48.569298,HUDCO,200.32,4819,200.22,2266894,200.42,1484369
2026-08-13 21:04:48.572620,PNB,117.47,9893,117.41,2060313,117.53,1847853
2026-08-13 21:04:48.589136,NHPC,98.68,11067,98.63,2107760,98.73,1898180
2026-08-13 21:04:48.606099,SMALLCAP1,47.01,823,46.96,5529,47.06,5379
2026-08-13 21:04:48.622314,RELIANCE,2966.09,1317,2964.61,2145063,2967.57,1822763
2026-08-13 21:04:48.639793,TCS,3792.15,6050,3790.25,1240377,3794.05,1256521
2026-08-13 21:04:48.655976,INFY,1531.0,2178,1530.23,1942462,1531.77,2007826
2026-08-13 21:04:48.672239,PENNYSTOCK,14.45,8968,14.4,1600881,14.5,1133753
2026-08-13 21:05:03.407553,IDFCFIRSTB,73.13,531,73.08,1102770,73.18,1795415
2026-08-13 21:05:03.437009,SUZLON,54.64,13067,54.59,2251071,54.69,2493429
2026-08-13 21:05:03.439007,GMRINFRA,87.5,12097,87.45,1831615,87.55,1434573
2026-08-13 21:05:03.455738,SOUTHBANK,34.17,3281,34.12,1247815,34.22,1136707
2026-08-13 21:05:03.472771,IRB,64.74,12763,64.69,2088635,64.79,2317345
2026-08-13 21:05:03.489827,HFCL,122.85,2093,122.79,1509241,122.91,1373698
2026-08-13 21:05:03.508422,NMDC,233.53,5429,233.41,1837910,233.65,2472343
2026-08-13 21:05:03.522350,TATAPOWER,443.54,1405,443.32,1496793,443.76,1280803
2026-08-13 21:05:03.554661,BHEL,306.72,1984,306.57,2367473,306.87,2495863
2026-08-13 21:05:03.569298,HUDCO,200.2,2528,200.1,1942806,200.3,2296038
2026-08-13 21:05:03.572620,PNB,117.46,6468,117.4,1631053,117.52,1158724
2026-08-13 21:05:03.589136,NHPC,98.41,4654,98.36,2102750,98.46,1262640
2026-08-13 21:05:03.606099,SMALLCAP1,47.05,918,47.0,6000,47.1,16868
2026-08-13 21:05:03.622314,RELIANCE,2970.76,6240,2969.27,1477908,2972.25,1557997
2026-08-13 21:05:03.639793,TCS,3794.78,8570,3792.88,2200896,3796.68,2106524
2026-08-13 21:05:03.655976,INFY,1532.89,8990,1532.12,2482472,1533.66,2480548
2026-08-13 21:05:03.672239,PENNYSTOCK,14.47,1021,14.42,1231331,14.52,1436838
2026-08-13 21:05:18.407553,IDFCFIRSTB,73.13,813,73.08,1649849,73.18,2243378
2026-08-13 21:05:18.437009,SUZLON,54.63,1697,54.58,2132811,54.68,1865904
2026-08-13 21:05:18.439007,GMRINFRA,87.51,12574,87.46,1780481,87.56,1530988
2026-08-13 21:05:18.455738,SOUTHBANK,34.09,8810,34.04,2176093,34.14,1864776
2026-08-13 21:05:18.472771,IRB,64.59,10612,64.54,1458740,64.64,1840085
2026-08-13 21:05:18.489827,HFCL,122.65,9851,122.59,2310805,122.71,2176216
2026-08-13 21:05:18.508422,NMDC,233.83,13248,233.71,1297717,233.95,1183391
2026-08-13 21:05:18.522350,TATAPOWER,443.32,8690,443.1,1058924,443.54,1374320
2026-08-13 21:05:18.554661,BHEL,306.88,14322,306.73,2202580,307.03,1560907
2026-08-13 21:05:18.569298,HUDCO,200.48,4966,200.38,1820580,200.58,2425918
2026-08-13 21:05:18.572620,PNB,117.29,6970,117.23,2005801,117.35,2336993
2026-08-13 21:05:18.589136,NHPC,98.22,3853,98.17,2216247,98.27,2091307
2026-08-13 21:05:18.606099,SMALLCAP1,47.03,930,46.98,23790,47.08,23664
2026-08-13 21:05:18.622314,RELIANCE,2972.97,8835,2971.48,1704690,2974.46,2236115
2026-08-13 21:05:18.639793,TCS,3800.2,13693,3798.3,1137763,3802.1,1803790
2026-08-13 21:05:18.655976,INFY,1532.67,7679,1531.9,2364152,1533.44,1719595
2026-08-13 21:05:18.672239,PENNYSTOCK,14.45,9966,14.4,2223380,14.5,2270266
2026-08-13 21:05:33.407553,IDFCFIRSTB,73.06,10232,73.01,1935680,73.11,1968236
2026-08-13 21:05:33.437009,SUZLON,54.45,7675,54.4,2123707,54.5,1854728
2026-08-13 21:05:33.439007,GMRINFRA,87.42,12096,87.37,1840712,87.47,1762365
2026-08-13 21:05:33.455738,SOUTHBANK,34.12,10448,34.07,1914678,34.17,2202347
2026-08-13 21:05:33.472771,IRB,64.76,11592,64.71,2261086,64.81,2378913
2026-08-13 21:05:33.489827,HFCL,122.71,8690,122.65,2471457,122.77,1080126
2026-08-13 21:05:33.508422,NMDC,233.48,6687,233.36,2448673,233.6,1830729
2026-08-13 21:05:33.522350,TATAPOWER,443.66,2982,443.44,2247197,443.88,1966600
2026-08-13 21:05:33.554661,BHEL,307.03,6238,306.88,2110854,307.18,2397968
2026-08-13 21:05:33.569298,HUDCO,200.83,8624,200.73,2138976,200.93,1834374
2026-08-13 21:05:33.572620,PNB,117.37,8776,117.31,1434764,117.43,1374925
2026-08-13 21:05:33.589136,NHPC,98.29,2854,98.24,1457747,98.34,1524114
2026-08-13 21:05:33.606099,SMALLCAP1,47.09,404,47.04,11387,47.14,18005
2026-08-13 21:05:33.622314,RELIANCE,2978.88,13150,2977.39,1267740,2980.37,2323024
2026-08-13 21:05:33.639793,TCS,3809.66,4543,3807.76,1497943,3811.56,1878937
2026-08-13 21:05:33.655976,INFY,1533.09,7003,1532.32,1598036,1533.86,1483191
2026-08-13 21:05:33.672239,PENNYSTOCK,14.4,5344,14.35,1339981,14.45,2223621
2026-08-13 21:05:48.407553,IDFCFIRSTB,72.98,125910,72.93,2225387,73.03,1953454
2026-08-13 21:05:48.437009,SUZLON,54.5,10815,54.45,1949633,54.55,2079327
2026-08-13 21:05:48.439007,GMRINFRA,87.45,9175,87.4,2180129,87.5,2251652
2026-08-13 21:05:48.455738,SOUTHBANK,34.26,9386,34.21,1784340,34.31,1597563
2026-08-13 21:05:48.472771,IRB,64.77,1501,64.72,1474904,64.82,1764142
2026-08-13 21:05:48.489827,HFCL,122.73,5950,122.67,1700122,122.79,1395539
2026-08-13 21:05:48.508422,NMDC,233.8,72600,233.68,1100829,233.92,1240683
2026-08-13 21:05:48.522350,TATAPOWER,444.51,2584,444.29,1867962,444.73,2077578
2026-08-13 21:05:48.554661,BHEL,307.35,44814,307.2,1300169,307.5,2485956
2026-08-13 21:05:48.569298,HUDCO,200.8,8156,200.7,1976095,200.9,2264319
2026-08-13 21:05:48.572620,PNB,117.49,11458,117.43,1543688,117.55,1533461
2026-08-13 21:05:48.589136,NHPC,98.12,11552,98.07,1272561,98.17,2384880
2026-08-13 21:05:48.606099,SMALLCAP1,46.98,874,46.93,12611,47.03,5577
2026-08-13 21:05:48.622314,RELIANCE,2977.14,10171,2975.65,1349258,2978.63,1178904
2026-08-13 21:05:48.639793,TCS,3811.82,6050,3809.91,1279104,3813.73,2091778
2026-08-13 21:05:48.655976,INFY,1531.83,36552,1531.06,1296855,1532.6,1360196
2026-08-13 21:05:48.672239,PENNYSTOCK,14.39,5638,14.34,1281881,14.44,1575611
2026-08-13 21:06:03.407553,IDFCFIRSTB,72.99,7499,72.94,2238508,73.04,1163491
2026-08-13 21:06:03.437009,SUZLON,54.49,2657,54.44,1730995,54.54,2443532
2026-08-13 21:06:03.439007,GMRINFRA,87.53,5648,87.48,1788461,87.58,2437894
2026-08-13 21:06:03.455738,SOUTHBANK,34.27,8696,34.22,1217612,34.32,1586490
2026-08-13 21:06:03.472771,IRB,64.77,7824,64.72,1851810,64.82,1978871
2026-08-13 21:06:03.489827,HFCL,122.81,7139,122.75,1410082,122.87,1325213
2026-08-13 21:06:03.508422,NMDC,234.1,14549,233.98,2428457,234.22,1407213
2026-08-13 21:06:03.522350,TATAPOWER,444.51,12791,444.29,2423334,444.73,2083957
2026-08-13 21:06:03.554661,BHEL,307.81,4436,307.66,1304860,307.96,2034804
2026-08-13 21:06:03.569298,HUDCO,200.39,13783,200.29,1661719,200.49,2022485
2026-08-13 21:06:03.572620,PNB,117.49,7699,117.43,2377754,117.55,1752482
2026-08-13 21:06:03.589136,NHPC,98.25,14291,98.2,1947013,98.3,2389750
2026-08-13 21:06:03.606099,SMALLCAP1,47.01,608,46.96,5058,47.06,10272
2026-08-13 21:06:03.622314,RELIANCE,2971.75,12974,2970.26,1636634,2973.24,2469326
2026-08-13 21:06:03.639793,TCS,3817.68,3651,3815.77,2487447,3819.59,1108533
2026-08-13 21:06:03.655976,INFY,1534.29,50071,1533.52,1178944,1535.06,1135055
2026-08-13 21:06:03.672239,PENNYSTOCK,14.39,9952,14.34,2174086,14.44,1507074
2026-08-13 21:06:18.407553,IDFCFIRSTB,72.86,9663,72.81,1787481,72.91,1546648
2026-08-13 21:06:18.437009,SUZLON,54.46,6519,54.41,1831439,54.51,1763082
2026-08-13 21:06:18.439007,GMRINFRA,87.47,4920,87.42,1496672,87.52,1242780
2026-08-13 21:06:18.455738,SOUTHBANK,34.3,1031,34.25,1945744,34.35,2374328
2026-08-13 21:06:18.472771,IRB,64.73,13016,64.68,1374309,64.78,1427495
2026-08-13 21:06:18.489827,HFCL,122.84,2842,122.78,2324556,122.9,2132153
2026-08-13 21:06:18.508422,NMDC,234.29,11090,234.17,1978097,234.41,1103404
2026-08-13 21:06:18.522350,TATAPOWER,444.49,14551,444.27,1525076,444.71,1239308
2026-08-13 21:06:18.554661,BHEL,307.57,11127,307.42,2247350,307.72,1523226
2026-08-13 21:06:18.569298,HUDCO,200.23,13440,200.13,1523147,200.33,1058829
2026-08-13 21:06:18.572620,PNB,117.51,8206,117.45,1076262,117.57,2015617
2026-08-13 21:06:18.589136,NHPC,98.47,825,98.42,1861937,98.52,2033416
2026-08-13 21:06:18.606099,SMALLCAP1,47.01,384,46.96,8138,47.06,18509
2026-08-13 21:06:18.622314,RELIANCE,2970.96,1449,2969.47,1618533,2972.45,2071910
2026-08-13 21:06:18.639793,TCS,3816.95,5978,3815.04,2101303,3818.86,2474729
2026-08-13 21:06:18.655976,INFY,1533.75,12982,1532.98,1280190,1534.52,1467240
2026-08-13 21:06:18.672239,PENNYSTOCK,14.38,65712,14.33,1622145,14.43,1791883
2026-08-13 21:06:33.407553,IDFCFIRSTB,72.99,7738,72.94,1745481,73.04,2366665
2026-08-13 21:06:33.437009,SUZLON,54.51,13713,54.46,1432531,54.56,1559797
2026-08-13 21:06:33.439007,GMRINFRA,87.44,3531,87.39,1175351,87.49,1869949
2026-08-13 21:06:33.455738,SOUTHBANK,34.27,8989,34.22,1497910,34.32,1587626
2026-08-13 21:06:33.472771,IRB,64.66,8150,64.61,1165889,64.71,2104646
2026-08-13 21:06:33.489827,HFCL,122.75,10387,122.69,1858210,122.81,2405134
2026-08-13 21:06:33.508422,NMDC,234.66,10603,234.54,1806966,234.78,1434490
2026-08-13 21:06:33.522350,TATAPOWER,444.0,7906,443.78,1853095,444.22,1136328
2026-08-13 21:06:33.554661,BHEL,307.37,12573,307.22,1773633,307.52,1984446
2026-08-13 21:06:33.569298,HUDCO,200.75,5844,200.65,2040545,200.85,1402937
2026-08-13 21:06:33.572620,PNB,117.85,2003,117.79,1069716,117.91,1944460
2026-08-13 21:06:33.589136,NHPC,98.32,6543,98.27,1091929,98.37,1065773
2026-08-13 21:06:33.606099,SMALLCAP1,47.12,828,47.07,23340,47.17,14947
2026-08-13 21:06:33.622314,RELIANCE,2964.39,10185,2962.91,1546297,2965.87,1266480
2026-08-13 21:06:33.639793,TCS,3818.41,11235,3816.5,1695607,3820.32,1757162
2026-08-13 21:06:33.655976,INFY,1535.14,9536,1534.37,1371041,1535.91,1370215
2026-08-13 21:06:33.672239,PENNYSTOCK,14.37,13680,14.32,2239950,14.42,1511119
2026-08-13 21:06:48.407553,IDFCFIRSTB,73.04,8821,72.99,2129756,73.09,2175892
2026-08-13 21:06:48.437009,SUZLON,54.62,7640,54.57,1830059,54.67,1463798
2026-08-13 21:06:48.439007,GMRINFRA,87.48,10659,87.43,2023877,87.53,1680239
2026-08-13 21:06:48.455738,SOUTHBANK,34.28,8599,34.23,1952096,34.33,1721236
2026-08-13 21:06:48.472771,IRB,64.67,9650,64.62,2088684,64.72,1736429
2026-08-13 21:06:48.489827,HFCL,122.55,9320,122.49,1919250,122.61,1183268
2026-08-13 21:06:48.508422,NMDC,234.78,3255,234.66,2298694,234.9,1728528
2026-08-13 21:06:48.522350,TATAPOWER,443.35,12909,443.13,2244584,443.57,1755107
2026-08-13 21:06:48.554661,BHEL,307.76,11206,307.61,2405651,307.91,2348835
2026-08-13 21:06:48.569298,HUDCO,200.68,6002,200.58,1874158,200.78,1061482
2026-08-13 21:06:48.572620,PNB,118.03,7512,117.97,1950606,118.09,1366627
2026-08-13 21:06:48.589136,NHPC,98.8,4505,98.75,2338986,98.85,1550643
2026-08-13 21:06:48.606099,SMALLCAP1,47.07,928,47.02,9652,47.12,11488
2026-08-13 21:06:48.622314,RELIANCE,2961.53,12338,2960.05,1222233,2963.01,1054071
2026-08-13 21:06:48.639793,TCS,3820.79,2941,3818.88,1662628,3822.7,1981366
2026-08-13 21:06:48.655976,INFY,1533.08,3985,1532.31,1888890,1533.85,2022619
2026-08-13 21:06:48.672239,PENNYSTOCK,14.39,11198,14.34,1495568,14.44,2090585
2026-08-13 21:07:03.407553,IDFCFIRSTB,73.07,5489,73.02,1169986,73.12,2387179
2026-08-13 21:07:03.437009,SUZLON,54.67,9427,54.62,1409779,54.72,1253181
2026-08-13 21:07:03.439007,GMRINFRA,87.8,7455,87.75,1094191,87.85,1333944
2026-08-13 21:07:03.455738,SOUTHBANK,34.28,9695,34.23,1281520,34.33,2481725
2026-08-13 21:07:03.472771,IRB,64.68,1078,64.63,1642632,64.73,1294422
2026-08-13 21:07:03.489827,HFCL,122.71,574,122.65,1058384,122.77,1451335
2026-08-13 21:07:03.508422,NMDC,234.49,7858,234.37,2349487,234.61,2129080
2026-08-13 21:07:03.522350,TATAPOWER,442.15,5760,441.93,1592538,442.37,1907683
2026-08-13 21:07:03.554661,BHEL,307.8,5191,307.65,2148822,307.95,1600950
2026-08-13 21:07:03.569298,HUDCO,200.97,2630,200.87,1529165,201.07,1236236
2026-08-13 21:07:03.572620,PNB,118.1,2440,118.04,1557536,118.16,2059757
2026-08-13 21:07:03.589136,NHPC,98.7,1895,98.65,1699713,98.75,1147387
2026-08-13 21:07:03.606099,SMALLCAP1,47.09,532,47.04,7896,47.14,18093
2026-08-13 21:07:03.622314,RELIANCE,2965.79,2059,2964.31,1989998,2967.27,1621014
2026-08-13 21:07:03.639793,TCS,3814.54,14372,3812.63,2097972,3816.45,1599986
2026-08-13 21:07:03.655976,INFY,1535.27,13832,1534.5,2494623,1536.04,2169638
2026-08-13 21:07:03.672239,PENNYSTOCK,14.36,3014,14.31,1664108,14.41,1153069
2026-08-13 21:07:18.407553,IDFCFIRSTB,72.97,9617,72.92,1672838,73.02,1362264
2026-08-13 21:07:18.437009,SUZLON,54.62,5330,54.57,1209559,54.67,1551958
2026-08-13 21:07:18.439007,GMRINFRA,87.74,4622,87.69,1605219,87.79,1762114
2026-08-13 21:07:18.455738,SOUTHBANK,34.29,2930,34.24,2114599,34.34,2406926
2026-08-13 21:07:18.472771,IRB,64.63,3555,64.58,1064022,64.68,1677394
2026-08-13 21:07:18.489827,HFCL,122.48,11084,122.42,1063309,122.54,1991667
2026-08-13 21:07:18.508422,NMDC,234.69,5926,234.57,1724735,234.81,2267779
2026-08-13 21:07:18.522350,TATAPOWER,443.07,2846,442.85,1432476,443.29,1284159
2026-08-13 21:07:18.554661,BHEL,307.19,8079,307.04,2122365,307.34,1342580
2026-08-13 21:07:18.569298,HUDCO,200.46,7396,200.36,2394026,200.56,1858553
2026-08-13 21:07:18.572620,PNB,118.04,12079,117.98,1273183,118.1,1160020
2026-08-13 21:07:18.589136,NHPC,98.87,12918,98.82,2426262,98.92,1603075
2026-08-13 21:07:18.606099,SMALLCAP1,47.07,934,47.02,20472,47.12,10377
2026-08-13 21:07:18.622314,RELIANCE,2973.12,8929,2971.63,2257533,2974.61,1448507
2026-08-13 21:07:18.639793,TCS,3800.61,5545,3798.71,1273370,3802.51,2432026
2026-08-13 21:07:18.655976,INFY,1535.57,3779,1534.8,2208294,1536.34,1847346
2026-08-13 21:07:18.672239,PENNYSTOCK,14.36,1164,14.31,1905989,14.41,1356681
2026-08-13 21:07:33.407553,IDFCFIRSTB,73.08,7821,73.03,1759276,73.13,2407215
2026-08-13 21:07:33.437009,SUZLON,54.63,7429,54.58,1748736,54.68,2467833
2026-08-13 21:07:33.439007,GMRINFRA,87.74,3071,87.69,2283686,87.79,1493640
2026-08-13 21:07:33.455738,SOUTHBANK,34.34,5583,34.29,1184744,34.39,2031100
2026-08-13 21:07:33.472771,IRB,64.68,1624,64.63,1430089,64.73,2074997
2026-08-13 21:07:33.489827,HFCL,122.25,9997,122.19,1324718,122.31,2395972
2026-08-13 21:07:33.508422,NMDC,234.56,6191,234.44,1589814,234.68,1927127
2026-08-13 21:07:33.522350,TATAPOWER,443.15,56470,442.93,2257918,443.37,2327404
2026-08-13 21:07:33.554661,BHEL,306.95,13891,306.8,2106972,307.1,1286412
2026-08-13 21:07:33.569298,HUDCO,200.31,10091,200.21,2249986,200.41,2462339
2026-08-13 21:07:33.572620,PNB,118.1,7888,118.04,1931657,118.16,2420948
2026-08-13 21:07:33.589136,NHPC,98.77,5028,98.72,1853999,98.82,1505807
2026-08-13 21:07:33.606099,SMALLCAP1,47.06,476,47.01,23749,47.11,17303
2026-08-13 21:07:33.622314,RELIANCE,2975.72,10562,2974.23,2450591,2977.21,1346111
2026-08-13 21:07:33.639793,TCS,3795.0,1923,3793.1,1460100,3796.9,1811170
2026-08-13 21:07:33.655976,INFY,1539.03,13955,1538.26,1668208,1539.8,1862946
2026-08-13 21:07:33.672239,PENNYSTOCK,14.35,9526,14.3,2143684,14.4,2341082
2026-08-13 21:07:48.407553,IDFCFIRSTB,73.03,14335,72.98,1926231,73.08,2193869
2026-08-13 21:07:48.437009,SUZLON,54.59,14922,54.54,1594165,54.64,1666043
2026-08-13 21:07:48.439007,GMRINFRA,87.7,4959,87.65,1916525,87.75,1337743
2026-08-13 21:07:48.455738,SOUTHBANK,34.34,5829,34.29,1548394,34.39,1205944
2026-08-13 21:07:48.472771,IRB,64.88,42450,64.83,1095505,64.93,1100837
2026-08-13 21:07:48.489827,HFCL,122.32,13718,122.26,1152572,122.38,1311012
2026-08-13 21:07:48.508422,NMDC,234.23,7289,234.11,2043580,234.35,1945145
2026-08-13 21:07:48.522350,TATAPOWER,442.32,12216,442.1,1950917,442.54,1369440
2026-08-13 21:07:48.554661,BHEL,306.96,5893,306.81,1507260,307.11,1636605
2026-08-13 21:07:48.569298,HUDCO,200.52,10893,200.42,1698752,200.62,1618123
2026-08-13 21:07:48.572620,PNB,117.98,9406,117.92,1991913,118.04,1601541
2026-08-13 21:07:48.589136,NHPC,98.57,1199,98.52,1102964,98.62,1760089
2026-08-13 21:07:48.606099,SMALLCAP1,47.1,774,47.05,9941,47.15,13658
2026-08-13 21:07:48.622314,RELIANCE,2982.48,6828,2980.99,1226735,2983.97,1090731
2026-08-13 21:07:48.639793,TCS,3800.75,11473,3798.85,2182144,3802.65,1103771
2026-08-13 21:07:48.655976,INFY,1539.12,12159,1538.35,1872879,1539.89,1325892
2026-08-13 21:07:48.672239,PENNYSTOCK,14.36,2135,14.31,1601940,14.41,1265633
2026-08-13 21:08:03.407553,IDFCFIRSTB,72.97,11453,72.92,1830759,73.02,2406701
2026-08-13 21:08:03.437009,SUZLON,54.64,9073,54.59,2017987,54.69,2177438
2026-08-13 21:08:03.439007,GMRINFRA,87.64,7894,87.59,1420724,87.69,1922660
2026-08-13 21:08:03.455738,SOUTHBANK,34.29,10523,34.24,1594988,34.34,1685230
2026-08-13 21:08:03.472771,IRB,65.04,9044,64.99,1618038,65.09,1879150
2026-08-13 21:08:03.489827,HFCL,122.28,7661,122.22,2137425,122.34,1312375
2026-08-13 21:08:03.508422,NMDC,234.62,4074,234.5,1372785,234.74,2449565
2026-08-13 21:08:03.522350,TATAPOWER,441.97,12573,441.75,1164669,442.19,1655894
2026-08-13 21:08:03.554661,BHEL,306.46,8584,306.31,1916705,306.61,1815202
2026-08-13 21:08:03.569298,HUDCO,200.58,881,200.48,1497685,200.68,2247994
2026-08-13 21:08:03.572620,PNB,118.17,8679,118.11,1063902,118.23,2149679
2026-08-13 21:08:03.589136,NHPC,98.37,2041,98.32,2484312,98.42,1328566
2026-08-13 21:08:03.606099,SMALLCAP1,47.16,491,47.11,16338,47.21,5025
2026-08-13 21:08:03.622314,RELIANCE,2988.74,10701,2987.25,2211317,2990.23,1390946
2026-08-13 21:08:03.639793,TCS,3807.89,12117,3805.99,2043336,3809.79,1687859
2026-08-13 21:08:03.655976,INFY,1540.61,8716,1539.84,1346227,1541.38,1540346
2026-08-13 21:08:03.672239,PENNYSTOCK,14.37,13402,14.32,1305689,14.42,2141194
2026-08-13 21:08:18.407553,IDFCFIRSTB,73.0,11394,72.95,1971945,73.05,1443782
2026-08-13 21:08:18.437009,SUZLON,54.71,9369,54.66,1377036,54.76,1966562
2026-08-13 21:08:18.439007,GMRINFRA,87.48,800,87.43,1603194,87.53,2434086
2026-08-13 21:08:18.455738,SOUTHBANK,34.3,13361,34.25,2466068,34.35,1597191
2026-08-13 21:08:18.472771,IRB,65.0,11124,64.95,2104988,65.05,1581311
2026-08-13 21:08:18.489827,HFCL,122.35,8269,122.29,1886007,122.41,1103186
2026-08-13 21:08:18.508422,NMDC,234.74,9760,234.62,1323945,234.86,2353373
2026-08-13 21:08:18.522350,TATAPOWER,441.65,7113,441.43,1503580,441.87,1879480
2026-08-13 21:08:18.554661,BHEL,307.05,4271,306.9,1590436,307.2,2092359
2026-08-13 21:08:18.569298,HUDCO,200.63,11093,200.53,1701456,200.73,1230185
2026-08-13 21:08:18.572620,PNB,118.25,52842,118.19,1287606,118.31,1878557
2026-08-13 21:08:18.589136,NHPC,98.42,7010,98.37,1574668,98.47,2132395
2026-08-13 21:08:18.606099,SMALLCAP1,47.12,423,47.07,6193,47.17,22964
2026-08-13 21:08:18.622314,RELIANCE,2989.15,7387,2987.66,2255833,2990.64,1497048
2026-08-13 21:08:18.639793,TCS,3802.88,6037,3800.98,2123751,3804.78,1121066
2026-08-13 21:08:18.655976,INFY,1542.55,6427,1541.78,1466345,1543.32,1567205
2026-08-13 21:08:18.672239,PENNYSTOCK,14.36,7556,14.31,1536227,14.41,2044571
2026-08-13 21:08:33.407553,IDFCFIRSTB,73.01,3835,72.96,1811185,73.06,2295500
2026-08-13 21:08:33.437009,SUZLON,54.57,5056,54.52,2075936,54.62,1478731
2026-08-13 21:08:33.439007,GMRINFRA,87.36,8254,87.31,2134819,87.41,1502862
2026-08-13 21:08:33.455738,SOUTHBANK,34.29,4671,34.24,1533896,34.34,2252208
2026-08-13 21:08:33.472771,IRB,64.87,5825,64.82,1705995,64.92,1085074
2026-08-13 21:08:33.489827,HFCL,122.46,2637,122.4,1615068,122.52,1248513
2026-08-13 21:08:33.508422,NMDC,234.66,12869,234.54,2321786,234.78,1763691
2026-08-13 21:08:33.522350,TATAPOWER,443.55,13653,443.33,2266194,443.77,1958155
2026-08-13 21:08:33.554661,BHEL,306.83,762,306.68,2498051,306.98,2292670
2026-08-13 21:08:33.569298,HUDCO,201.51,13751,201.41,1449533,201.61,1534189
2026-08-13 21:08:33.572620,PNB,118.24,79470,118.18,1548169,118.3,1108271
2026-08-13 21:08:33.589136,NHPC,98.38,14453,98.33,1313178,98.43,1335832
2026-08-13 21:08:33.606099,SMALLCAP1,47.01,690,46.96,19131,47.06,21253
2026-08-13 21:08:33.622314,RELIANCE,2986.24,17896,2984.75,2183850,2987.73,1552294
2026-08-13 21:08:33.639793,TCS,3812.21,12026,3810.3,2269131,3814.12,1848716
2026-08-13 21:08:33.655976,INFY,1542.19,2048,1541.42,2121481,1542.96,1754029
2026-08-13 21:08:33.672239,PENNYSTOCK,14.38,10275,14.33,1263739,14.43,1172686
2026-08-13 21:08:48.407553,IDFCFIRSTB,72.92,4252,72.87,2383110,72.97,2359630
2026-08-13 21:08:48.437009,SUZLON,54.54,14619,54.49,1741798,54.59,1236222
2026-08-13 21:08:48.439007,GMRINFRA,87.58,9801,87.53,1805032,87.63,2166348
2026-08-13 21:08:48.455738,SOUTHBANK,34.36,8013,34.31,1801504,34.41,1173147
2026-08-13 21:08:48.472771,IRB,64.71,13871,64.66,2456284,64.76,2498760
2026-08-13 21:08:48.489827,HFCL,122.39,9815,122.33,1493460,122.45,2445768
2026-08-13 21:08:48.508422,NMDC,234.42,7424,234.3,2315766,234.54,2090837
2026-08-13 21:08:48.522350,TATAPOWER,444.08,9289,443.86,1815117,444.3,1649112
2026-08-13 21:08:48.554661,BHEL,306.86,7842,306.71,1172349,307.01,2409494
2026-08-13 21:08:48.569298,HUDCO,201.75,12272,201.65,1770482,201.85,1716507
2026-08-13 21:08:48.572620,PNB,118.51,7923,118.45,2248405,118.57,1066811
2026-08-13 21:08:48.589136,NHPC,98.24,861,98.19,2385400,98.29,1191777
2026-08-13 21:08:48.606099,SMALLCAP1,46.89,123,46.84,21989,46.94,23505
2026-08-13 21:08:48.622314,RELIANCE,2993.88,9476,2992.38,1920595,2995.38,1828475
2026-08-13 21:08:48.639793,TCS,3820.05,6140,3818.14,1353360,3821.96,1060009
2026-08-13 21:08:48.655976,INFY,1545.64,2883,1544.87,2251901,1546.41,1137028
2026-08-13 21:08:48.672239,PENNYSTOCK,14.44,14932,14.39,1983266,14.49,1061894
2026-08-13 21:09:03.407553,IDFCFIRSTB,72.81,3978,72.76,1836251,72.86,1887445
2026-08-13 21:09:03.437009,SUZLON,54.43,1441,54.38,1405131,54.48,2295460
2026-08-13 21:09:03.439007,GMRINFRA,87.7,1731,87.65,2415816,87.75,2002545
2026-08-13 21:09:03.455738,SOUTHBANK,34.33,13959,34.28,1836494,34.38,1865003
2026-08-13 21:09:03.472771,IRB,64.71,10881,64.66,1825160,64.76,2187702
2026-08-13 21:09:03.489827,HFCL,122.49,5571,122.43,2049036,122.55,1209197
2026-08-13 21:09:03.508422,NMDC,234.79,5793,234.67,1865525,234.91,2280967
2026-08-13 21:09:03.522350,TATAPOWER,444.89,12077,444.67,1739180,445.11,1556427
2026-08-13 21:09:03.554661,BHEL,307.59,7932,307.44,1918783,307.74,2136570
2026-08-13 21:09:03.569298,HUDCO,201.99,7223,201.89,2224458,202.09,1346132
2026-08-13 21:09:03.572620,PNB,118.49,12622,118.43,1938879,118.55,1495563
2026-08-13 21:09:03.589136,NHPC,98.46,11542,98.41,1777025,98.51,1332505
2026-08-13 21:09:03.606099,SMALLCAP1,46.96,296,46.91,17174,47.01,5296
2026-08-13 21:09:03.622314,RELIANCE,2999.69,7748,2998.19,2114524,3001.19,1671042
2026-08-13 21:09:03.639793,TCS,3828.9,8975,3826.99,1923913,3830.81,2320309
2026-08-13 21:09:03.655976,INFY,1546.33,3694,1545.56,1284217,1547.1,1352317
2026-08-13 21:09:03.672239,PENNYSTOCK,14.46,2013,14.41,1067130,14.51,1524175
2026-08-13 21:09:18.407553,IDFCFIRSTB,72.86,9803,72.81,1614940,72.91,2415192
2026-08-13 21:09:18.437009,SUZLON,54.39,9278,54.34,2068763,54.44,2417181
2026-08-13 21:09:18.439007,GMRINFRA,87.85,5807,87.8,1674381,87.9,1777432
2026-08-13 21:09:18.455738,SOUTHBANK,34.23,9338,34.18,1312309,34.28,1836210
2026-08-13 21:09:18.472771,IRB,64.71,10046,64.66,1533753,64.76,1846207
2026-08-13 21:09:18.489827,HFCL,122.58,13473,122.52,1422098,122.64,1287187
2026-08-13 21:09:18.508422,NMDC,234.68,13661,234.56,1954624,234.8,1507936
2026-08-13 21:09:18.522350,TATAPOWER,445.38,14921,445.16,2297153,445.6,2031859
2026-08-13 21:09:18.554661,BHEL,307.66,7345,307.51,1380619,307.81,1567513
2026-08-13 21:09:18.569298,HUDCO,202.2,2328,202.1,2297406,202.3,2376327
2026-08-13 21:09:18.572620,PNB,118.42,7010,118.36,1082014,118.48,2104392
2026-08-13 21:09:18.589136,NHPC,98.51,6162,98.46,1105319,98.56,2025015
2026-08-13 21:09:18.606099,SMALLCAP1,46.89,877,46.84,19272,46.94,6865
2026-08-13 21:09:18.622314,RELIANCE,3003.12,525,3001.62,2212191,3004.62,2385200
2026-08-13 21:09:18.639793,TCS,3831.76,5363,3829.84,2215300,3833.68,1603249
2026-08-13 21:09:18.655976,INFY,1545.22,12863,1544.45,1704883,1545.99,1928528
2026-08-13 21:09:18.672239,PENNYSTOCK,14.45,5682,14.4,2061404,14.5,1646677
2026-08-13 21:09:33.407553,IDFCFIRSTB,72.93,8499,72.88,1417251,72.98,1690059
2026-08-13 21:09:33.437009,SUZLON,54.32,5937,54.27,2138294,54.37,1472698
2026-08-13 21:09:33.439007,GMRINFRA,87.92,13451,87.87,1294230,87.97,1851994
2026-08-13 21:09:33.455738,SOUTHBANK,34.29,86552,34.24,1983032,34.34,2061157
2026-08-13 21:09:33.472771,IRB,64.75,14049,64.7,1428225,64.8,1377461
2026-08-13 21:09:33.489827,HFCL,122.71,8430,122.65,1472333,122.77,2112868
2026-08-13 21:09:33.508422,NMDC,235.16,7494,235.04,1873414,235.28,2320681
2026-08-13 21:09:33.522350,TATAPOWER,444.7,2444,444.48,2002930,444.92,1280034
2026-08-13 21:09:33.554661,BHEL,308.51,8921,308.36,1833365,308.66,1611772
2026-08-13 21:09:33.569298,HUDCO,201.95,11879,201.85,2270851,202.05,2242884
2026-08-13 21:09:33.572620,PNB,118.46,14801,118.4,2022425,118.52,1978169
2026-08-13 21:09:33.589136,NHPC,98.68,6729,98.63,2476790,98.73,2330863
2026-08-13 21:09:33.606099,SMALLCAP1,46.86,92,46.81,15082,46.91,11921
2026-08-13 21:09:33.622314,RELIANCE,3007.38,2008,3005.88,1556194,3008.88,2064020
2026-08-13 21:09:33.639793,TCS,3822.11,14267,3820.2,1910045,3824.02,2481762
2026-08-13 21:09:33.655976,INFY,1543.64,12134,1542.87,2326230,1544.41,2090656
2026-08-13 21:09:33.672239,PENNYSTOCK,14.49,3244,14.44,1723529,14.54,1640701
2026-08-13 21:09:48.407553,IDFCFIRSTB,72.9,8980,72.85,2383384,72.95,1090699
2026-08-13 21:09:48.437009,SUZLON,54.33,11532,54.28,2092459,54.38,1532976
2026-08-13 21:09:48.439007,GMRINFRA,87.93,8020,87.88,1679608,87.98,2495469
2026-08-13 21:09:48.455738,SOUTHBANK,34.34,3901,34.29,1723370,34.39,1811781
2026-08-13 21:09:48.472771,IRB,64.77,12174,64.72,1120731,64.82,1683482
2026-08-13 21:09:48.489827,HFCL,122.68,1750,122.62,2026214,122.74,1981821
2026-08-13 21:09:48.508422,NMDC,235.4,8619,235.28,2157056,235.52,1346701
2026-08-13 21:09:48.522350,TATAPOWER,445.76,4773,445.54,1305470,445.98,1996772
2026-08-13 21:09:48.554661,BHEL,309.16,11821,309.01,1998501,309.31,1796296
2026-08-13 21:09:48.569298,HUDCO,202.09,4985,201.99,1277302,202.19,1236169
2026-08-13 21:09:48.572620,PNB,118.42,9993,118.36,1887431,118.48,1355091
2026-08-13 21:09:48.589136,NHPC,98.67,11117,98.62,1065659,98.72,1773517
2026-08-13 21:09:48.606099,SMALLCAP1,46.87,294,46.82,11938,46.92,21113
2026-08-13 21:09:48.622314,RELIANCE,3014.27,14177,3012.76,1955825,3015.78,1459650
2026-08-13 21:09:48.639793,TCS,3825.36,5106,3823.45,1626448,3827.27,2376832
2026-08-13 21:09:48.655976,INFY,1548.37,12421,1547.6,2208417,1549.14,1450461
2026-08-13 21:09:48.672239,PENNYSTOCK,14.52,123299,14.47,2299877,14.57,1401809
2026-08-13 21:10:03.407553,IDFCFIRSTB,72.86,860,72.81,2259546,72.91,1580114
2026-08-13 21:10:03.437009,SUZLON,54.26,8206,54.21,1773517,54.31,2062549
2026-08-13 21:10:03.439007,GMRINFRA,88.07,1310,88.02,2428963,88.12,1879179
2026-08-13 21:10:03.455738,SOUTHBANK,34.38,6499,34.33,1102999,34.43,2087920
2026-08-13 21:10:03.472771,IRB,64.83,5145,64.78,1676273,64.88,2393772
2026-08-13 21:10:03.489827,HFCL,122.26,8201,122.2,2475607,122.32,1928753
2026-08-13 21:10:03.508422,NMDC,235.39,10292,235.27,1283928,235.51,1319723
2026-08-13 21:10:03.522350,TATAPOWER,446.61,54728,446.39,1864921,446.83,2025921
2026-08-13 21:10:03.554661,BHEL,309.68,11428,309.53,1684418,309.83,2059904
2026-08-13 21:10:03.569298,HUDCO,201.87,1381,201.77,2222827,201.97,1360726
2026-08-13 21:10:03.572620,PNB,118.21,6270,118.15,1812053,118.27,2217838
2026-08-13 21:10:03.589136,NHPC,98.55,6262,98.5,2228613,98.6,1126875
2026-08-13 21:10:03.606099,SMALLCAP1,46.84,576,46.79,23816,46.89,11352
2026-08-13 21:10:03.622314,RELIANCE,3018.44,13428,3016.93,1427401,3019.95,1286028
2026-08-13 21:10:03.639793,TCS,3826.28,6612,3824.37,1495897,3828.19,1916723
2026-08-13 21:10:03.655976,INFY,1549.26,13137,1548.49,1173407,1550.03,1628738
2026-08-13 21:10:03.672239,PENNYSTOCK,14.52,7472,14.47,2077224,14.57,1999096
2026-08-13 21:10:18.407553,IDFCFIRSTB,72.86,5604,72.81,1651261,72.91,1242466
2026-08-13 21:10:18.437009,SUZLON,54.32,1068,54.27,1519548,54.37,1600985
2026-08-13 21:10:18.439007,GMRINFRA,88.13,857,88.08,1790359,88.18,1640495
2026-08-13 21:10:18.455738,SOUTHBANK,34.47,4897,34.42,2291165,34.52,1291804
2026-08-13 21:10:18.472771,IRB,64.68,4408,64.63,2078459,64.73,1751963
2026-08-13 21:10:18.489827,HFCL,122.46,6991,122.4,1228126,122.52,1211865
2026-08-13 21:10:18.508422,NMDC,235.35,14606,235.23,2028980,235.47,2014807
2026-08-13 21:10:18.522350,TATAPOWER,445.72,613,445.5,1534239,445.94,1564092
2026-08-13 21:10:18.554661,BHEL,309.76,1775,309.61,1621767,309.91,2470476
2026-08-13 21:10:18.569298,HUDCO,202.14,3316,202.04,1219093,202.24,1697023
2026-08-13 21:10:18.572620,PNB,118.17,6720,118.11,1748821,118.23,1801106
2026-08-13 21:10:18.589136,NHPC,98.6,7267,98.55,1395098,98.65,1713792
2026-08-13 21:10:18.606099,SMALLCAP1,46.76,863,46.71,12804,46.81,23101
2026-08-13 21:10:18.622314,RELIANCE,3017.58,7346,3016.07,1053079,3019.09,2045403
2026-08-13 21:10:18.639793,TCS,3830.25,7530,3828.33,2303325,3832.17,2389741
2026-08-13 21:10:18.655976,INFY,1545.83,8754,1545.06,2414483,1546.6,1096929
2026-08-13 21:10:18.672239,PENNYSTOCK,14.51,8025,14.46,1353487,14.56,2008164
2026-08-13 21:10:33.407553,IDFCFIRSTB,73.07,5643,73.02,1731716,73.12,1319972
2026-08-13 21:10:33.437009,SUZLON,54.34,2260,54.29,2386787,54.39,2181610
2026-08-13 21:10:33.439007,GMRINFRA,88.22,2580,88.17,2453994,88.27,1901718
2026-08-13 21:10:33.455738,SOUTHBANK,34.48,5531,34.43,1623231,34.53,1461133
2026-08-13 21:10:33.472771,IRB,64.69,7685,64.64,2292950,64.74,2247480
2026-08-13 21:10:33.489827,HFCL,122.6,33504,122.54,2295186,122.66,2224281
2026-08-13 21:10:33.508422,NMDC,235.52,9731,235.4,1848554,235.64,2495218
2026-08-13 21:10:33.522350,TATAPOWER,445.82,14358,445.6,1975127,446.04,1761056
2026-08-13 21:10:33.554661,BHEL,310.13,6369,309.97,1704836,310.29,1589745
2026-08-13 21:10:33.569298,HUDCO,201.64,14667,201.54,1824053,201.74,1489771
2026-08-13 21:10:33.572620,PNB,118.46,12695,118.4,2491623,118.52,1430072
2026-08-13 21:10:33.589136,NHPC,98.43,6965,98.38,1918388,98.48,2020656
2026-08-13 21:10:33.606099,SMALLCAP1,46.76,960,46.71,14713,46.81,18011
2026-08-13 21:10:33.622314,RELIANCE,3024.38,1680,3022.87,2328993,3025.89,1252090
2026-08-13 21:10:33.639793,TCS,3828.63,1407,3826.72,2218732,3830.54,1196778
2026-08-13 21:10:33.655976,INFY,1540.72,13478,1539.95,2040230,1541.49,1784956
2026-08-13 21:10:33.672239,PENNYSTOCK,14.48,14807,14.43,1929291,14.53,2316408
2026-08-13 21:10:48.407553,IDFCFIRSTB,72.88,9273,72.83,2486432,72.93,2052822
2026-08-13 21:10:48.437009,SUZLON,54.1,1530,54.05,2451568,54.15,1342756
2026-08-13 21:10:48.439007,GMRINFRA,88.23,6442,88.18,1695627,88.28,2352837
2026-08-13 21:10:48.455738,SOUTHBANK,34.6,11732,34.55,1103023,34.65,1856828
2026-08-13 21:10:48.472771,IRB,64.67,12514,64.62,1594508,64.72,2184687
2026-08-13 21:10:48.489827,HFCL,122.5,14883,122.44,2464896,122.56,1660115
2026-08-13 21:10:48.508422,NMDC,234.72,9492,234.6,2118911,234.84,1301205
2026-08-13 21:10:48.522350,TATAPOWER,445.07,8356,444.85,2345857,445.29,1505826
2026-08-13 21:10:48.554661,BHEL,310.58,4159,310.42,1202653,310.74,2094357
2026-08-13 21:10:48.569298,HUDCO,201.6,2214,201.5,1908097,201.7,1165869
2026-08-13 21:10:48.572620,PNB,118.27,2424,118.21,1751104,118.33,1217809
2026-08-13 21:10:48.589136,NHPC,98.66,1623,98.61,1215699,98.71,2478966
2026-08-13 21:10:48.606099,SMALLCAP1,46.74,481,46.69,9008,46.79,24019
2026-08-13 21:10:48.622314,RELIANCE,3024.76,3287,3023.25,1066234,3026.27,1123190
2026-08-13 21:10:48.639793,TCS,3831.62,5975,3829.7,1263254,3833.54,2370123
2026-08-13 21:10:48.655976,INFY,1540.64,11101,1539.87,1251263,1541.41,1339064
2026-08-13 21:10:48.672239,PENNYSTOCK,14.46,20424,14.41,1232733,14.51,1546151
2026-08-13 21:11:03.407553,IDFCFIRSTB,72.9,4418,72.85,1860614,72.95,1657152
2026-08-13 21:11:03.437009,SUZLON,54.04,8386,53.99,2318488,54.09,2218953
2026-08-13 21:11:03.439007,GMRINFRA,88.07,4423,88.02,1863884,88.12,1501288
2026-08-13 21:11:03.455738,SOUTHBANK,34.6,8838,34.55,1864302,34.65,1256706
2026-08-13 21:11:03.472771,IRB,64.66,1960,64.61,1877672,64.71,2093520
2026-08-13 21:11:03.489827,HFCL,122.66,6703,122.6,1648587,122.72,1286954
2026-08-13 21:11:03.508422,NMDC,234.67,11704,234.55,2294028,234.79,1982551
2026-08-13 21:11:03.522350,TATAPOWER,444.83,5541,444.61,1951200,445.05,1205760
2026-08-13 21:11:03.554661,BHEL,310.22,10378,310.06,2063931,310.38,1697251
2026-08-13 21:11:03.569298,HUDCO,201.6,13514,201.5,2384504,201.7,1839848
2026-08-13 21:11:03.572620,PNB,118.1,4491,118.04,1780480,118.16,2422815
2026-08-13 21:11:03.589136,NHPC,98.76,12099,98.71,1875600,98.81,2018551
2026-08-13 21:11:03.606099,SMALLCAP1,46.62,653,46.57,11748,46.67,14761
2026-08-13 21:11:03.622314,RELIANCE,3028.26,2695,3026.75,1930844,3029.77,2212505
2026-08-13 21:11:03.639793,TCS,3833.33,9021,3831.41,2273768,3835.25,1207350
2026-08-13 21:11:03.655976,INFY,1539.06,11614,1538.29,1355233,1539.83,2155905
2026-08-13 21:11:03.672239,PENNYSTOCK,14.48,6430,14.43,1701785,14.53,2191581
2026-08-13 21:11:18.407553,IDFCFIRSTB,72.84,11940,72.79,2370879,72.89,1511482
2026-08-13 21:11:18.437009,SUZLON,54.01,5346,53.96,1959185,54.06,2000452
2026-08-13 21:11:18.439007,GMRINFRA,88.12,12116,88.07,1472202,88.17,2453923
2026-08-13 21:11:18.455738,SOUTHBANK,34.56,8383,34.51,1774535,34.61,2045793
2026-08-13 21:11:18.472771,IRB,64.69,8637,64.64,1398857,64.74,2127473
2026-08-13 21:11:18.489827,HFCL,122.56,3893,122.5,1451976,122.62,2081776
2026-08-13 21:11:18.508422,NMDC,234.37,9512,234.25,1466842,234.49,1059685
2026-08-13 21:11:18.522350,TATAPOWER,445.77,12860,445.55,2135384,445.99,1096442
2026-08-13 21:11:18.554661,BHEL,309.34,9982,309.19,1720029,309.49,1889583
2026-08-13 21:11:18.569298,HUDCO,201.41,3184,201.31,1515140,201.51,2469787
2026-08-13 21:11:18.572620,PNB,118.05,7309,117.99,2026670,118.11,1497021
2026-08-13 21:11:18.589136,NHPC,98.68,6052,98.63,2305440,98.73,2329381
2026-08-13 21:11:18.606099,SMALLCAP1,46.63,522,46.58,24055,46.68,18453
2026-08-13 21:11:18.622314,RELIANCE,3026.65,14745,3025.14,1417388,3028.16,1512529
2026-08-13 21:11:18.639793,TCS,3827.85,12824,3825.94,1250559,3829.76,1973361
2026-08-13 21:11:18.655976,INFY,1534.58,59619,1533.81,2058206,1535.35,2236837
2026-08-13 21:11:18.672239,PENNYSTOCK,14.46,4947,14.41,1940656,14.51,2479712
2026-08-13 21:11:33.407553,IDFCFIRSTB,72.71,125180,72.66,1313180,72.76,1785272
2026-08-13 21:11:33.437009,SUZLON,53.94,8116,53.89,1521760,53.99,1082362
2026-08-13 21:11:33.439007,GMRINFRA,88.35,4124,88.3,1824219,88.4,1274450
2026-08-13 21:11:33.455738,SOUTHBANK,34.6,14970,34.55,1323847,34.65,1502303
2026-08-13 21:11:33.472771,IRB,64.73,6994,64.68,1882922,64.78,2391669
2026-08-13 21:11:33.489827,HFCL,122.71,2275,122.65,2275147,122.77,2404332
2026-08-13 21:11:33.508422,NMDC,234.61,8475,234.49,2329036,234.73,1792638
2026-08-13 21:11:33.522350,TATAPOWER,445.52,5759,445.3,1529866,445.74,1824993
2026-08-13 21:11:33.554661,BHEL,309.08,9162,308.93,2114005,309.23,2298717
2026-08-13 21:11:33.569298,HUDCO,200.97,6650,200.87,1575762,201.07,2342690
2026-08-13 21:11:33.572620,PNB,118.25,12383,118.19,1647995,118.31,2457388
2026-08-13 21:11:33.589136,NHPC,98.48,1664,98.43,2366314,98.53,2026930
2026-08-13 21:11:33.606099,SMALLCAP1,46.55,262,46.5,17454,46.6,24176
2026-08-13 21:11:33.622314,RELIANCE,3021.22,3473,3019.71,2296334,3022.73,2317610
2026-08-13 21:11:33.639793,TCS,3826.21,39464,3824.3,2296352,3828.12,2076315
2026-08-13 21:11:33.655976,INFY,1535.99,7298,1535.22,1945777,1536.76,1058871
2026-08-13 21:11:33.672239,PENNYSTOCK,14.5,11949,14.45,1325733,14.55,1387127
2026-08-13 21:11:48.407553,IDFCFIRSTB,72.75,3460,72.7,2465536,72.8,1420928
2026-08-13 21:11:48.437009,SUZLON,53.91,32994,53.86,2340213,53.96,1346681
2026-08-13 21:11:48.439007,GMRINFRA,88.29,6485,88.24,1876616,88.34,1274601
2026-08-13 21:11:48.455738,SOUTHBANK,34.57,6674,34.52,1620286,34.62,1485211
2026-08-13 21:11:48.472771,IRB,64.81,13762,64.76,1841452,64.86,1713960
2026-08-13 21:11:48.489827,HFCL,123.01,6289,122.95,1164695,123.07,1970933
2026-08-13 21:11:48.508422,NMDC,234.36,3407,234.24,1699667,234.48,1066871
2026-08-13 21:11:48.522350,TATAPOWER,444.81,6110,444.59,2225491,445.03,1226727
2026-08-13 21:11:48.554661,BHEL,308.91,7629,308.76,2136346,309.06,1062482
2026-08-13 21:11:48.569298,HUDCO,201.06,11848,200.96,2039334,201.16,1947577
2026-08-13 21:11:48.572620,PNB,118.4,11744,118.34,2415086,118.46,1394121
2026-08-13 21:11:48.589136,NHPC,98.38,2130,98.33,2087599,98.43,1993079
2026-08-13 21:11:48.606099,SMALLCAP1,46.49,532,46.44,8149,46.54,6518
2026-08-13 21:11:48.622314,RELIANCE,3016.18,14654,3014.67,1379614,3017.69,1165853
2026-08-13 21:11:48.639793,TCS,3818.2,14480,3816.29,2090337,3820.11,1976745
2026-08-13 21:11:48.655976,INFY,1541.09,10332,1540.32,2323514,1541.86,1955057
2026-08-13 21:11:48.672239,PENNYSTOCK,14.5,1694,14.45,1120255,14.55,1131446
2026-08-13 21:12:03.407553,IDFCFIRSTB,72.79,3957,72.74,1339807,72.84,2067760
2026-08-13 21:12:03.437009,SUZLON,54.05,12877,54.0,1666135,54.1,2437089
2026-08-13 21:12:03.439007,GMRINFRA,88.21,2290,88.16,1770586,88.26,2194684
2026-08-13 21:12:03.455738,SOUTHBANK,34.65,11985,34.6,2187690,34.7,1903903
2026-08-13 21:12:03.472771,IRB,64.69,9160,64.64,1296731,64.74,2483193
2026-08-13 21:12:03.489827,HFCL,123.15,4224,123.09,1595976,123.21,2381314
2026-08-13 21:12:03.508422,NMDC,234.55,10979,234.43,1136251,234.67,2267727
2026-08-13 21:12:03.522350,TATAPOWER,445.91,13864,445.69,2177700,446.13,2122199
2026-08-13 21:12:03.554661,BHEL,309.26,54628,309.11,1669301,309.41,1327499
2026-08-13 21:12:03.569298,HUDCO,200.79,5708,200.69,1616520,200.89,1798637
2026-08-13 21:12:03.572620,PNB,118.18,11738,118.12,1608752,118.24,1446206
2026-08-13 21:12:03.589136,NHPC,98.15,12677,98.1,2359103,98.2,1824319
2026-08-13 21:12:03.606099,SMALLCAP1,46.49,502,46.44,13129,46.54,16922
2026-08-13 21:12:03.622314,RELIANCE,3015.8,1290,3014.29,2325162,3017.31,2165592
2026-08-13 21:12:03.639793,TCS,3828.39,10283,3826.48,1356933,3830.3,1622606
2026-08-13 21:12:03.655976,INFY,1545.44,10092,1544.67,1338687,1546.21,1306491
2026-08-13 21:12:03.672239,PENNYSTOCK,14.5,3542,14.45,2004612,14.55,1471199
2026-08-13 21:12:18.407553,IDFCFIRSTB,72.92,10368,72.87,2495765,72.97,1304896
2026-08-13 21:12:18.437009,SUZLON,54.13,12675,54.08,2305026,54.18,1201186
2026-08-13 21:12:18.439007,GMRINFRA,88.05,13720,88.0,2021149,88.1,1385295
2026-08-13 21:12:18.455738,SOUTHBANK,34.66,11924,34.61,2444892,34.71,1667712
2026-08-13 21:12:18.472771,IRB,64.65,14353,64.6,2357357,64.7,1414209
2026-08-13 21:12:18.489827,HFCL,123.12,45738,123.06,1149406,123.18,2485817
2026-08-13 21:12:18.508422,NMDC,234.93,14252,234.81,1671043,235.05,1417083
2026-08-13 21:12:18.522350,TATAPOWER,445.48,11996,445.26,2167789,445.7,2245305
2026-08-13 21:12:18.554661,BHEL,308.94,7189,308.79,2496161,309.09,1377284
2026-08-13 21:12:18.569298,HUDCO,200.66,1536,200.56,1744639,200.76,1261591
2026-08-13 21:12:18.572620,PNB,117.99,6854,117.93,2032472,118.05,2286018
2026-08-13 21:12:18.589136,NHPC,98.17,7615,98.12,2392636,98.22,2466798
2026-08-13 21:12:18.606099,SMALLCAP1,46.51,93,46.46,14919,46.56,10332
2026-08-13 21:12:18.622314,RELIANCE,3013.47,13863,3011.96,2456527,3014.98,1729460
2026-08-13 21:12:18.639793,TCS,3838.42,133056,3836.5,1784233,3840.34,2312033
2026-08-13 21:12:18.655976,INFY,1542.69,4778,1541.92,2223979,1543.46,1684404
2026-08-13 21:12:18.672239,PENNYSTOCK,14.54,2640,14.49,1175268,14.59,1607769
2026-08-13 21:12:33.407553,IDFCFIRSTB,72.9,13769,72.85,2444181,72.95,1438078
2026-08-13 21:12:33.437009,SUZLON,54.13,109604,54.08,1152984,54.18,2285122
2026-08-13 21:12:33.439007,GMRINFRA,88.09,9302,88.04,1865846,88.14,1937304
2026-08-13 21:12:33.455738,SOUTHBANK,34.64,7675,34.59,1935813,34.69,1701118
2026-08-13 21:12:33.472771,IRB,64.6,4610,64.55,1724180,64.65,2413372
2026-08-13 21:12:33.489827,HFCL,123.17,4589,123.11,1729496,123.23,2212331
2026-08-13 21:12:33.508422,NMDC,234.85,8477,234.73,1957483,234.97,1669613
2026-08-13 21:12:33.522350,TATAPOWER,446.24,88400,446.02,1257253,446.46,1294720
2026-08-13 21:12:33.554661,BHEL,309.69,2769,309.54,1447874,309.84,2008762
2026-08-13 21:12:33.569298,HUDCO,201.09,5248,200.99,1515605,201.19,1867472
2026-08-13 21:12:33.572620,PNB,117.99,1919,117.93,1612456,118.05,2192009
2026-08-13 21:12:33.589136,NHPC,97.85,7806,97.8,1613708,97.9,2154678
2026-08-13 21:12:33.606099,SMALLCAP1,46.55,795,46.5,22905,46.6,22995
2026-08-13 21:12:33.622314,RELIANCE,3014.8,9991,3013.29,1600178,3016.31,1087906
2026-08-13 21:12:33.639793,TCS,3829.53,8454,3827.62,2137849,3831.44,1370278
2026-08-13 21:12:33.655976,INFY,1537.85,1009,1537.08,1766544,1538.62,1655930
2026-08-13 21:12:33.672239,PENNYSTOCK,14.55,7851,14.5,1531008,14.6,1500726
2026-08-13 21:12:48.407553,IDFCFIRSTB,72.86,14280,72.81,1688867,72.91,1137580
2026-08-13 21:12:48.437009,SUZLON,54.19,3582,54.14,2098651,54.24,2285094
2026-08-13 21:12:48.439007,GMRINFRA,88.24,12985,88.19,1392153,88.29,1461700
2026-08-13 21:12:48.455738,SOUTHBANK,34.72,11165,34.67,1170359,34.77,1280783
2026-08-13 21:12:48.472771,IRB,64.58,1635,64.53,2356891,64.63,1642226
2026-08-13 21:12:48.489827,HFCL,123.01,12804,122.95,1188883,123.07,1944642
2026-08-13 21:12:48.508422,NMDC,235.38,10800,235.26,2100006,235.5,1561955
2026-08-13 21:12:48.522350,TATAPOWER,446.55,5811,446.33,2498972,446.77,1210304
2026-08-13 21:12:48.554661,BHEL,309.72,6820,309.57,1616553,309.87,2304062
2026-08-13 21:12:48.569298,HUDCO,200.66,13847,200.56,2452947,200.76,2150020
2026-08-13 21:12:48.572620,PNB,117.7,1937,117.64,1496864,117.76,2377913
2026-08-13 21:12:48.589136,NHPC,97.74,6099,97.69,1231821,97.79,1404474
2026-08-13 21:12:48.606099,SMALLCAP1,46.56,957,46.51,21596,46.61,14416
2026-08-13 21:12:48.622314,RELIANCE,3015.94,8483,3014.43,1207473,3017.45,2496497
2026-08-13 21:12:48.639793,TCS,3828.99,9938,3827.08,1251586,3830.9,1938491
2026-08-13 21:12:48.655976,INFY,1537.42,11806,1536.65,1492280,1538.19,1834280
2026-08-13 21:12:48.672239,PENNYSTOCK,14.58,12271,14.53,2197186,14.63,1517610
2026-08-13 21:13:03.407553,IDFCFIRSTB,72.97,1379,72.92,1920412,73.02,2217658
2026-08-13 21:13:03.437009,SUZLON,54.18,8484,54.13,2270670,54.23,2352722
2026-08-13 21:13:03.439007,GMRINFRA,88.26,1255,88.21,1341573,88.31,2125488
2026-08-13 21:13:03.455738,SOUTHBANK,34.72,2975,34.67,1211891,34.77,1784809
2026-08-13 21:13:03.472771,IRB,64.61,11374,64.56,2127493,64.66,2070285
2026-08-13 21:13:03.489827,HFCL,122.8,6594,122.74,1867667,122.86,1945550
2026-08-13 21:13:03.508422,NMDC,234.8,4339,234.68,2042579,234.92,2211455
2026-08-13 21:13:03.522350,TATAPOWER,446.85,14739,446.63,1727585,447.07,1313873
2026-08-13 21:13:03.554661,BHEL,309.48,10273,309.33,2292868,309.63,1624682
2026-08-13 21:13:03.569298,HUDCO,200.47,11580,200.37,1512342,200.57,1160440
2026-08-13 21:13:03.572620,PNB,117.76,8240,117.7,1811102,117.82,1476975
2026-08-13 21:13:03.589136,NHPC,97.68,12409,97.63,2108829,97.73,2303746
2026-08-13 21:13:03.606099,SMALLCAP1,46.59,64,46.54,7206,46.64,17351
2026-08-13 21:13:03.622314,RELIANCE,3016.32,11959,3014.81,2033011,3017.83,1767782
2026-08-13 21:13:03.639793,TCS,3824.99,1111,3823.08,2170669,3826.9,1481542
2026-08-13 21:13:03.655976,INFY,1537.69,11748,1536.92,2159279,1538.46,1712535
2026-08-13 21:13:03.672239,PENNYSTOCK,14.58,10088,14.53,1861266,14.63,1787797
2026-08-13 21:13:18.407553,IDFCFIRSTB,72.79,814,72.74,1201433,72.84,1805266
2026-08-13 21:13:18.437009,SUZLON,54.28,3203,54.23,2302591,54.33,2256270
2026-08-13 21:13:18.439007,GMRINFRA,88.36,3531,88.31,1187263,88.41,1342155
2026-08-13 21:13:18.455738,SOUTHBANK,34.76,14200,34.71,1868966,34.81,1623770
2026-08-13 21:13:18.472771,IRB,64.6,2591,64.55,1746937,64.65,1178572
2026-08-13 21:13:18.489827,HFCL,122.78,4973,122.72,1079168,122.84,1302008
2026-08-13 21:13:18.508422,NMDC,234.64,10838,234.52,1700916,234.76,2079934
2026-08-13 21:13:18.522350,TATAPOWER,447.13,8457,446.91,1840600,447.35,2498644
2026-08-13 21:13:18.554661,BHEL,309.84,13243,309.69,2049122,309.99,1330111
2026-08-13 21:13:18.569298,HUDCO,200.61,14262,200.51,1639650,200.71,1325973
2026-08-13 21:13:18.572620,PNB,117.71,13407,117.65,2275579,117.77,1559361
2026-08-13 21:13:18.589136,NHPC,97.55,14438,97.5,1997887,97.6,2119939
2026-08-13 21:13:18.606099,SMALLCAP1,46.67,983,46.62,5498,46.72,24403
2026-08-13 21:13:18.622314,RELIANCE,3009.88,3761,3008.38,1774242,3011.38,1941025
2026-08-13 21:13:18.639793,TCS,3825.66,5373,3823.75,1425520,3827.57,1064537
2026-08-13 21:13:18.655976,INFY,1538.61,9175,1537.84,1462844,1539.38,2377598
2026-08-13 21:13:18.672239,PENNYSTOCK,14.58,551,14.53,1526120,14.63,1454523
2026-08-13 21:13:33.407553,IDFCFIRSTB,72.78,10260,72.73,1137291,72.83,2296987
2026-08-13 21:13:33.437009,SUZLON,54.23,14718,54.18,1905855,54.28,1436840
2026-08-13 21:13:33.439007,GMRINFRA,88.34,5123,88.29,1770251,88.39,1853363
2026-08-13 21:13:33.455738,SOUTHBANK,34.78,9743,34.73,1403335,34.83,1901143
2026-08-13 21:13:33.472771,IRB,64.46,13949,64.41,1712518,64.51,1117187
2026-08-13 21:13:33.489827,HFCL,122.72,6190,122.66,1550681,122.78,2116631
2026-08-13 21:13:33.508422,NMDC,234.89,14247,234.77,1941384,235.01,1979358
2026-08-13 21:13:33.522350,TATAPOWER,446.22,13541,446.0,2145100,446.44,1471647
2026-08-13 21:13:33.554661,BHEL,310.36,620,310.2,2352433,310.52,1748545
2026-08-13 21:13:33.569298,HUDCO,200.95,6811,200.85,1827684,201.05,1187207
2026-08-13 21:13:33.572620,PNB,117.83,11352,117.77,1846325,117.89,2394672
2026-08-13 21:13:33.589136,NHPC,97.9,8900,97.85,2251755,97.95,1131050
2026-08-13 21:13:33.606099,SMALLCAP1,46.64,482,46.59,17005,46.69,13154
2026-08-13 21:13:33.622314,RELIANCE,3006.25,742,3004.75,1201702,3007.75,1789309
2026-08-13 21:13:33.639793,TCS,3831.74,14979,3829.82,1879782,3833.66,2222537
2026-08-13 21:13:33.655976,INFY,1545.15,2838,1544.38,1525103,1545.92,2225460
2026-08-13 21:13:33.672239,PENNYSTOCK,14.56,2741,14.51,1993953,14.61,1909855
2026-08-13 21:13:48.407553,IDFCFIRSTB,73.0,8296,72.95,1732346,73.05,2393388
2026-08-13 21:13:48.437009,SUZLON,54.27,6895,54.22,2355370,54.32,2045956
2026-08-13 21:13:48.439007,GMRINFRA,88.35,38934,88.3,2108307,88.4,1923438
2026-08-13 21:13:48.455738,SOUTHBANK,34.72,12576,34.67,2365825,34.77,1406214
2026-08-13 21:13:48.472771,IRB,64.35,6115,64.3,1715891,64.4,2411924
2026-08-13 21:13:48.489827,HFCL,122.88,8444,122.82,1680264,122.94,1180241
2026-08-13 21:13:48.508422,NMDC,234.88,4737,234.76,1474659,235.0,1090057
2026-08-13 21:13:48.522350,TATAPOWER,446.62,2428,446.4,1081437,446.84,1192842
2026-08-13 21:13:48.554661,BHEL,310.42,2828,310.26,2306936,310.58,1302143
2026-08-13 21:13:48.569298,HUDCO,201.29,7455,201.19,1153746,201.39,2006182
2026-08-13 21:13:48.572620,PNB,118.01,151368,117.95,2181554,118.07,1703476
2026-08-13 21:13:48.589136,NHPC,97.83,10744,97.78,1696574,97.88,1119634
2026-08-13 21:13:48.606099,SMALLCAP1,46.73,367,46.68,11206,46.78,16845
2026-08-13 21:13:48.622314,RELIANCE,3011.0,4061,3009.49,2267893,3012.51,1291188
2026-08-13 21:13:48.639793,TCS,3824.25,5117,3822.34,2093119,3826.16,2120981
2026-08-13 21:13:48.655976,INFY,1546.29,14846,1545.52,1874741,1547.06,1875454
2026-08-13 21:13:48.672239,PENNYSTOCK,14.58,4046,14.53,2239916,14.63,1108840
2026-08-13 21:14:03.407553,IDFCFIRSTB,72.84,8962,72.79,1259947,72.89,1131902
2026-08-13 21:14:03.437009,SUZLON,54.21,6209,54.16,1868283,54.26,1845255
2026-08-13 21:14:03.439007,GMRINFRA,88.45,2736,88.4,2426387,88.5,2083411
2026-08-13 21:14:03.455738,SOUTHBANK,34.65,13305,34.6,1633140,34.7,1838494
2026-08-13 21:14:03.472771,IRB,64.2,6141,64.15,2132722,64.25,1838847
2026-08-13 21:14:03.489827,HFCL,122.87,1501,122.81,1081712,122.93,2330118
2026-08-13 21:14:03.508422,NMDC,234.93,2888,234.81,1780626,235.05,1425270
2026-08-13 21:14:03.522350,TATAPOWER,446.07,3967,445.85,2031888,446.29,1526313
2026-08-13 21:14:03.554661,BHEL,310.9,14134,310.74,1873161,311.06,2157017
2026-08-13 21:14:03.569298,HUDCO,201.6,1144,201.5,1760245,201.7,2379027
2026-08-13 21:14:03.572620,PNB,118.01,85624,117.95,2446404,118.07,1881837
2026-08-13 21:14:03.589136,NHPC,97.78,9465,97.73,1759495,97.83,1602198
2026-08-13 21:14:03.606099,SMALLCAP1,46.69,562,46.64,13269,46.74,17443
2026-08-13 21:14:03.622314,RELIANCE,3004.02,12259,3002.52,2007178,3005.52,1855524
2026-08-13 21:14:03.639793,TCS,3831.76,8478,3829.84,1079029,3833.68,1240593
2026-08-13 21:14:03.655976,INFY,1543.58,3105,1542.81,1611263,1544.35,1778685
2026-08-13 21:14:03.672239,PENNYSTOCK,14.61,1201,14.56,1660277,14.66,2294659
2026-08-13 21:14:18.407553,IDFCFIRSTB,72.77,14986,72.72,1485851,72.82,1516258
2026-08-13 21:14:18.437009,SUZLON,54.18,11727,54.13,1084005,54.23,2214907
2026-08-13 21:14:18.439007,GMRINFRA,88.35,14913,88.3,2073974,88.4,2367066
2026-08-13 21:14:18.455738,SOUTHBANK,34.6,10259,34.55,2319860,34.65,1483919
2026-08-13 21:14:18.472771,IRB,64.12,13328,64.07,1287121,64.17,1191327
2026-08-13 21:14:18.489827,HFCL,123.18,12619,123.12,1952398,123.24,1650753
2026-08-13 21:14:18.508422,NMDC,235.25,7850,235.13,1241376,235.37,1535467
2026-08-13 21:14:18.522350,TATAPOWER,445.48,6921,445.26,1119855,445.7,2350421
2026-08-13 21:14:18.554661,BHEL,311.16,4920,311.0,2341960,311.32,1661236
2026-08-13 21:14:18.569298,HUDCO,201.84,4103,201.74,1623083,201.94,1929508
2026-08-13 21:14:18.572620,PNB,117.89,6229,117.83,1818481,117.95,1468075
2026-08-13 21:14:18.589136,NHPC,98.05,11455,98.0,1458730,98.1,1051182
2026-08-13 21:14:18.606099,SMALLCAP1,46.66,940,46.61,9968,46.71,18236
2026-08-13 21:14:18.622314,RELIANCE,3006.46,8675,3004.96,1448559,3007.96,1233466
2026-08-13 21:14:18.639793,TCS,3827.91,7173,3826.0,2289795,3829.82,1116596
2026-08-13 21:14:18.655976,INFY,1543.03,5288,1542.26,1129756,1543.8,1606893
2026-08-13 21:14:18.672239,PENNYSTOCK,14.63,1178,14.58,2290133,14.68,1106555
2026-08-13 21:14:33.407553,IDFCFIRSTB,72.51,8059,72.46,2419590,72.56,2345253
2026-08-13 21:14:33.437009,SUZLON,54.17,5779,54.12,2433592,54.22,2127914
2026-08-13 21:14:33.439007,GMRINFRA,88.46,6166,88.41,2294995,88.51,2139315
2026-08-13 21:14:33.455738,SOUTHBANK,34.6,11648,34.55,1151186,34.65,1729330
2026-08-13 21:14:33.472771,IRB,64.17,4045,64.12,2185530,64.22,1073593
2026-08-13 21:14:33.489827,HFCL,123.04,4108,122.98,1097576,123.1,1381381
2026-08-13 21:14:33.508422,NMDC,234.79,61090,234.67,1763421,234.91,1434164
2026-08-13 21:14:33.522350,TATAPOWER,446.09,4899,445.87,1623946,446.31,2223636
2026-08-13 21:14:33.554661,BHEL,311.34,9530,311.18,1834124,311.5,1304336
2026-08-13 21:14:33.569298,HUDCO,201.63,7307,201.53,2006276,201.73,1330613
2026-08-13 21:14:33.572620,PNB,118.19,10684,118.13,2079431,118.25,2438456
2026-08-13 21:14:33.589136,NHPC,97.98,11345,97.93,2163322,98.03,1704476
2026-08-13 21:14:33.606099,SMALLCAP1,46.56,757,46.51,17222,46.61,15645
2026-08-13 21:14:33.622314,RELIANCE,3002.57,6357,3001.07,1156915,3004.07,1834266
2026-08-13 21:14:33.639793,TCS,3820.03,12960,3818.12,1244530,3821.94,2170336
2026-08-13 21:14:33.655976,INFY,1540.76,14145,1539.99,1970198,1541.53,2214566
2026-08-13 21:14:33.672239,PENNYSTOCK,14.63,56190,14.58,2443037,14.68,2298203
2026-08-13 21:14:48.407553,IDFCFIRSTB,72.46,6188,72.41,1268268,72.51,2471085
2026-08-13 21:14:48.437009,SUZLON,54.16,10991,54.11,1941903,54.21,1806619
2026-08-13 21:14:48.439007,GMRINFRA,88.35,14839,88.3,1689405,88.4,1057070
2026-08-13 21:14:48.455738,SOUTHBANK,34.67,7900,34.62,2051691,34.72,1334279
2026-08-13 21:14:48.472771,IRB,64.23,968,64.18,1304161,64.28,2151910
2026-08-13 21:14:48.489827,HFCL,123.06,2860,123.0,1775378,123.12,1334922
2026-08-13 21:14:48.508422,NMDC,234.57,11681,234.45,1932953,234.69,1479851
2026-08-13 21:14:48.522350,TATAPOWER,446.52,5581,446.3,2372144,446.74,1324076
2026-08-13 21:14:48.554661,BHEL,310.31,2357,310.15,2147224,310.47,1492952
2026-08-13 21:14:48.569298,HUDCO,201.79,10132,201.69,2318880,201.89,1610477
2026-08-13 21:14:48.572620,PNB,117.85,1115,117.79,2273360,117.91,1683787
2026-08-13 21:14:48.589136,NHPC,97.93,2285,97.88,2240871,97.98,1321859
2026-08-13 21:14:48.606099,SMALLCAP1,46.54,500,46.49,10594,46.59,12719
2026-08-13 21:14:48.622314,RELIANCE,3000.16,10488,2998.66,1815900,3001.66,2214071
2026-08-13 21:14:48.639793,TCS,3818.72,2461,3816.81,1293480,3820.63,1980305
2026-08-13 21:14:48.655976,INFY,1543.88,4281,1543.11,1392165,1544.65,2310837
2026-08-13 21:14:48.672239,PENNYSTOCK,14.63,13734,14.58,1138775,14.68,1050594
2026-08-13 21:15:03.407553,IDFCFIRSTB,72.47,98976,72.42,1975247,72.52,2332115
2026-08-13 21:15:03.437009,SUZLON,54.03,2183,53.98,1855165,54.08,1391182
2026-08-13 21:15:03.439007,GMRINFRA,88.3,17735,88.25,2141341,88.35,1451791
2026-08-13 21:15:03.455738,SOUTHBANK,34.72,9843,34.67,2179569,34.77,1807544
2026-08-13 21:15:03.472771,IRB,64.2,13664,64.15,2471582,64.25,2433884
2026-08-13 21:15:03.489827,HFCL,123.18,10638,123.12,1862134,123.24,1664727
2026-08-13 21:15:03.508422,NMDC,234.73,11004,234.61,2284287,234.85,1921035
2026-08-13 21:15:03.522350,TATAPOWER,445.41,5211,445.19,2161015,445.63,2047011
2026-08-13 21:15:03.554661,BHEL,310.47,1213,310.31,1493466,310.63,2212072
2026-08-13 21:15:03.569298,HUDCO,201.69,12518,201.59,2351625,201.79,1228396
2026-08-13 21:15:03.572620,PNB,117.7,6877,117.64,1983231,117.76,1251472
2026-08-13 21:15:03.589136,NHPC,97.82,11738,97.77,1603709,97.87,2158265
2026-08-13 21:15:03.606099,SMALLCAP1,46.72,787,46.67,21371,46.77,12912
2026-08-13 21:15:03.622314,RELIANCE,3000.8,11154,2999.3,1607181,3002.3,1870645
2026-08-13 21:15:03.639793,TCS,3821.24,6618,3819.33,2354161,3823.15,1851283
2026-08-13 21:15:03.655976,INFY,1542.85,3867,1542.08,1094170,1543.62,2156626
2026-08-13 21:15:03.672239,PENNYSTOCK,14.6,4178,14.55,1273476,14.65,2476360
2026-08-13 21:15:18.407553,IDFCFIRSTB,72.54,10377,72.49,2163902,72.59,2271573
2026-08-13 21:15:18.437009,SUZLON,53.92,1737,53.87,1207074,53.97,1999906
2026-08-13 21:15:18.439007,GMRINFRA,88.12,10838,88.07,1171005,88.17,1052037
2026-08-13 21:15:18.455738,SOUTHBANK,34.75,142901,34.7,2350063,34.8,1938911
2026-08-13 21:15:18.472771,IRB,64.18,12588,64.13,2030057,64.23,1788070
2026-08-13 21:15:18.489827,HFCL,123.06,7125,123.0,1411808,123.12,2118266
2026-08-13 21:15:18.508422,NMDC,234.51,6497,234.39,1751795,234.63,2058584
2026-08-13 21:15:18.522350,TATAPOWER,445.8,610,445.58,2086629,446.02,1321361
2026-08-13 21:15:18.554661,BHEL,310.55,5146,310.39,2128486,310.71,2019360
2026-08-13 21:15:18.569298,HUDCO,201.31,5150,201.21,1386907,201.41,1268040
2026-08-13 21:15:18.572620,PNB,117.49,12167,117.43,2070957,117.55,2087500
2026-08-13 21:15:18.589136,NHPC,97.81,12390,97.76,1601204,97.86,1707758
2026-08-13 21:15:18.606099,SMALLCAP1,46.62,978,46.57,21371,46.67,8565
2026-08-13 21:15:18.622314,RELIANCE,2998.69,6541,2997.19,2305638,3000.19,2116127
2026-08-13 21:15:18.639793,TCS,3817.24,4180,3815.33,1761745,3819.15,1866413
2026-08-13 21:15:18.655976,INFY,1541.02,8616,1540.25,2394502,1541.79,1774430
2026-08-13 21:15:18.672239,PENNYSTOCK,14.58,7989,14.53,1539542,14.63,1680787
2026-08-13 21:15:33.407553,IDFCFIRSTB,72.47,9669,72.42,1065436,72.52,2281141
2026-08-13 21:15:33.437009,SUZLON,53.92,1773,53.87,1488351,53.97,1790786
2026-08-13 21:15:33.439007,GMRINFRA,87.89,8320,87.84,1112087,87.94,2130627
2026-08-13 21:15:33.455738,SOUTHBANK,34.8,3801,34.75,1143164,34.85,1229477
2026-08-13 21:15:33.472771,IRB,64.13,8054,64.08,2038795,64.18,1264156
2026-08-13 21:15:33.489827,HFCL,123.03,5717,122.97,1299369,123.09,2213915
2026-08-13 21:15:33.508422,NMDC,234.42,12182,234.3,1770931,234.54,1942944
2026-08-13 21:15:33.522350,TATAPOWER,446.29,594,446.07,1862456,446.51,1541874
2026-08-13 21:15:33.554661,BHEL,310.54,8799,310.38,1516188,310.7,2229507
2026-08-13 21:15:33.569298,HUDCO,201.29,30534,201.19,1580498,201.39,1785370
2026-08-13 21:15:33.572620,PNB,117.36,5726,117.3,1964911,117.42,1560026
2026-08-13 21:15:33.589136,NHPC,97.79,5767,97.74,1106950,97.84,1840947
2026-08-13 21:15:33.606099,SMALLCAP1,46.6,485,46.55,13038,46.65,5079
2026-08-13 21:15:33.622314,RELIANCE,2997.16,1443,2995.66,2266717,2998.66,1815301
2026-08-13 21:15:33.639793,TCS,3829.55,8936,3827.64,2203063,3831.46,1724161
2026-08-13 21:15:33.655976,INFY,1538.18,2320,1537.41,2400466,1538.95,1339218
2026-08-13 21:15:33.672239,PENNYSTOCK,14.57,11323,14.52,1156481,14.62,1264864
2026-08-13 21:15:48.407553,IDFCFIRSTB,72.66,6456,72.61,2208632,72.71,2432194
2026-08-13 21:15:48.437009,SUZLON,54.06,7826,54.01,2337146,54.11,2238327
2026-08-13 21:15:48.439007,GMRINFRA,87.96,72970,87.91,1351054,88.01,1716259
2026-08-13 21:15:48.455738,SOUTHBANK,34.84,13388,34.79,2066574,34.89,1401660
2026-08-13 21:15:48.472771,IRB,64.11,772,64.06,1939580,64.16,2345466
2026-08-13 21:15:48.489827,HFCL,123.01,65406,122.95,2272643,123.07,1738069
2026-08-13 21:15:48.508422,NMDC,234.74,11500,234.62,1690256,234.86,1783372
2026-08-13 21:15:48.522350,TATAPOWER,445.82,11810,445.6,1053356,446.04,2239017
2026-08-13 21:15:48.554661,BHEL,310.62,12047,310.46,2435079,310.78,2184607
2026-08-13 21:15:48.569298,HUDCO,201.73,6725,201.63,2215804,201.83,1688937
2026-08-13 21:15:48.572620,PNB,117.22,11168,117.16,1871750,117.28,1104925
2026-08-13 21:15:48.589136,NHPC,97.71,11818,97.66,2424246,97.76,1411473
2026-08-13 21:15:48.606099,SMALLCAP1,46.58,684,46.53,19910,46.63,7740
2026-08-13 21:15:48.622314,RELIANCE,3002.14,8886,3000.64,1412437,3003.64,1702410
2026-08-13 21:15:48.639793,TCS,3835.28,10108,3833.36,1956926,3837.2,1077165
2026-08-13 21:15:48.655976,INFY,1539.63,11394,1538.86,1603778,1540.4,1317586
2026-08-13 21:15:48.672239,PENNYSTOCK,14.55,77176,14.5,1596387,14.6,1829089
2026-08-13 21:16:03.407553,IDFCFIRSTB,72.72,620,72.67,1436115,72.77,1651522
2026-08-13 21:16:03.437009,SUZLON,54.21,12863,54.16,1253686,54.26,1379664
2026-08-13 21:16:03.439007,GMRINFRA,88.18,6070,88.13,1580348,88.23,2259735
2026-08-13 21:16:03.455738,SOUTHBANK,34.79,14207,34.74,1727202,34.84,1884532
2026-08-13 21:16:03.472771,IRB,64.2,1302,64.15,1780757,64.25,1989623
2026-08-13 21:16:03.489827,HFCL,123.01,558,122.95,1118540,123.07,2173110
2026-08-13 21:16:03.508422,NMDC,234.33,8787,234.21,1099124,234.45,1953534
2026-08-13 21:16:03.522350,TATAPOWER,445.31,6590,445.09,1352100,445.53,1135986
2026-08-13 21:16:03.554661,BHEL,310.27,6708,310.11,1648795,310.43,2428129
2026-08-13 21:16:03.569298,HUDCO,201.63,12380,201.53,1655097,201.73,1352373
2026-08-13 21:16:03.572620,PNB,116.64,43960,116.58,1264861,116.7,2201259
2026-08-13 21:16:03.589136,NHPC,97.76,13114,97.71,1464685,97.81,2114850
2026-08-13 21:16:03.606099,SMALLCAP1,46.71,668,46.66,5859,46.76,8530
2026-08-13 21:16:03.622314,RELIANCE,3006.94,6512,3005.44,2012521,3008.44,1906944
2026-08-13 21:16:03.639793,TCS,3837.13,12149,3835.21,1459444,3839.05,2437761
2026-08-13 21:16:03.655976,INFY,1539.37,6304,1538.6,1417067,1540.14,2162992
2026-08-13 21:16:03.672239,PENNYSTOCK,14.58,8500,14.53,1617891,14.63,2433765
2026-08-13 21:16:18.407553,IDFCFIRSTB,72.67,5910,72.62,2129389,72.72,1662767
2026-08-13 21:16:18.437009,SUZLON,54.26,5211,54.21,1075465,54.31,1599479
2026-08-13 21:16:18.439007,GMRINFRA,88.2,11543,88.15,1270855,88.25,1579385
2026-08-13 21:16:18.455738,SOUTHBANK,34.76,4499,34.71,1389103,34.81,2158837
2026-08-13 21:16:18.472771,IRB,64.23,5227,64.18,2013430,64.28,1436595
2026-08-13 21:16:18.489827,HFCL,123.07,13798,123.01,1185990,123.13,2085624
2026-08-13 21:16:18.508422,NMDC,233.95,792,233.83,2000881,234.07,1916777
2026-08-13 21:16:18.522350,TATAPOWER,445.77,12975,445.55,1611077,445.99,1521941
2026-08-13 21:16:18.554661,BHEL,310.51,10324,310.35,2498429,310.67,2196055
2026-08-13 21:16:18.569298,HUDCO,201.76,6160,201.66,1596836,201.86,1795306
2026-08-13 21:16:18.572620,PNB,116.85,14020,116.79,1635443,116.91,2089151
2026-08-13 21:16:18.589136,NHPC,97.67,2386,97.62,2143143,97.72,2370454
2026-08-13 21:16:18.606099,SMALLCAP1,46.82,491,46.77,21298,46.87,24991
2026-08-13 21:16:18.622314,RELIANCE,3010.76,1690,3009.25,1772304,3012.27,1456460
2026-08-13 21:16:18.639793,TCS,3831.41,4709,3829.49,1336973,3833.33,2077128
2026-08-13 21:16:18.655976,INFY,1539.18,7214,1538.41,1937147,1539.95,1152123
2026-08-13 21:16:18.672239,PENNYSTOCK,14.55,9444,14.5,1391655,14.6,2414925
2026-08-13 21:16:33.407553,IDFCFIRSTB,72.72,1258,72.67,1265604,72.77,2015356
2026-08-13 21:16:33.437009,SUZLON,54.28,14269,54.23,1114068,54.33,1660961
2026-08-13 21:16:33.439007,GMRINFRA,88.45,11484,88.4,2365672,88.5,2146301
2026-08-13 21:16:33.455738,SOUTHBANK,34.74,8801,34.69,1449869,34.79,2244742
2026-08-13 21:16:33.472771,IRB,64.29,11368,64.24,1507419,64.34,2346685
2026-08-13 21:16:33.489827,HFCL,122.77,6261,122.71,1164010,122.83,1866311
2026-08-13 21:16:33.508422,NMDC,234.04,5330,233.92,1614754,234.16,1907178
2026-08-13 21:16:33.522350,TATAPOWER,446.73,11462,446.51,1601320,446.95,1222725
2026-08-13 21:16:33.554661,BHEL,310.5,11226,310.34,1569520,310.66,1926362
2026-08-13 21:16:33.569298,HUDCO,201.96,9866,201.86,1971075,202.06,1846648
2026-08-13 21:16:33.572620,PNB,116.85,13896,116.79,1583701,116.91,2189241
2026-08-13 21:16:33.589136,NHPC,97.77,9987,97.72,1051632,97.82,1704837
2026-08-13 21:16:33.606099,SMALLCAP1,46.73,482,46.68,16928,46.78,7513
2026-08-13 21:16:33.622314,RELIANCE,3008.94,10510,3007.44,1928918,3010.44,2278473
2026-08-13 21:16:33.639793,TCS,3833.31,10816,3831.39,1956897,3835.23,1890385
2026-08-13 21:16:33.655976,INFY,1537.75,3819,1536.98,1277305,1538.52,2363287
2026-08-13 21:16:33.672239,PENNYSTOCK,14.55,23418,14.5,2174379,14.6,2062419
2026-08-13 21:16:48.407553,IDFCFIRSTB,72.64,11578,72.59,2075880,72.69,1373889
2026-08-13 21:16:48.437009,SUZLON,54.22,14835,54.17,1415184,54.27,2477287
2026-08-13 21:16:48.439007,GMRINFRA,88.65,14470,88.6,1462731,88.7,2414564
2026-08-13 21:16:48.455738,SOUTHBANK,34.81,14073,34.76,2122317,34.86,1222427
2026-08-13 21:16:48.472771,IRB,64.22,5644,64.17,2238701,64.27,2449141
2026-08-13 21:16:48.489827,HFCL,122.51,1815,122.45,2391116,122.57,1373494
2026-08-13 21:16:48.508422,NMDC,234.09,7882,233.97,1070321,234.21,1529229
2026-08-13 21:16:48.522350,TATAPOWER,446.25,14335,446.03,1979327,446.47,2493819
2026-08-13 21:16:48.554661,BHEL,311.04,12064,310.88,1240978,311.2,2217773
2026-08-13 21:16:48.569298,HUDCO,201.99,10016,201.89,2288462,202.09,1928547
2026-08-13 21:16:48.572620,PNB,117.04,1225,116.98,1203230,117.1,2355710
2026-08-13 21:16:48.589136,NHPC,97.69,6824,97.64,1304277,97.74,1192748
2026-08-13 21:16:48.606099,SMALLCAP1,46.79,904,46.74,23120,46.84,6452
2026-08-13 21:16:48.622314,RELIANCE,3013.62,7843,3012.11,2076964,3015.13,1568199
2026-08-13 21:16:48.639793,TCS,3827.26,14010,3825.35,2211076,3829.17,1897633
2026-08-13 21:16:48.655976,INFY,1538.25,7269,1537.48,1225857,1539.02,1793143
2026-08-13 21:16:48.672239,PENNYSTOCK,14.52,8624,14.47,2232411,14.57,1847931
2026-08-13 21:17:03.407553,IDFCFIRSTB,72.35,6674,72.3,1338279,72.4,1525850
2026-08-13 21:17:03.437009,SUZLON,54.23,1063,54.18,1630198,54.28,1928734
2026-08-13 21:17:03.439007,GMRINFRA,88.75,1180,88.7,1124883,88.8,1789534
2026-08-13 21:17:03.455738,SOUTHBANK,34.82,14621,34.77,1289058,34.87,2331834
2026-08-13 21:17:03.472771,IRB,64.32,9441,64.27,2032896,64.37,1391036
2026-08-13 21:17:03.489827,HFCL,122.34,7016,122.28,2332903,122.4,2182460
2026-08-13 21:17:03.508422,NMDC,233.51,7614,233.39,1325198,233.63,1310720
2026-08-13 21:17:03.522350,TATAPOWER,446.67,4452,446.45,1281199,446.89,1583121
2026-08-13 21:17:03.554661,BHEL,311.52,2933,311.36,1881383,311.68,2237952
2026-08-13 21:17:03.569298,HUDCO,201.91,10324,201.81,1865089,202.01,1921478
2026-08-13 21:17:03.572620,PNB,117.29,5698,117.23,1087280,117.35,1067058
2026-08-13 21:17:03.589136,NHPC,97.77,10700,97.72,2070301,97.82,1937482
2026-08-13 21:17:03.606099,SMALLCAP1,46.81,56,46.76,24948,46.86,11964
2026-08-13 21:17:03.622314,RELIANCE,3019.39,836,3017.88,1330869,3020.9,2084058
2026-08-13 21:17:03.639793,TCS,3828.35,2434,3826.44,2429915,3830.26,2097691
2026-08-13 21:17:03.655976,INFY,1537.81,13169,1537.04,1705457,1538.58,1832209
2026-08-13 21:17:03.672239,PENNYSTOCK,14.55,8476,14.5,1311662,14.6,1440893
2026-08-13 21:17:18.407553,IDFCFIRSTB,72.48,7884,72.43,1110079,72.53,2465769
2026-08-13 21:17:18.437009,SUZLON,54.32,1360,54.27,1694311,54.37,1389258
2026-08-13 21:17:18.439007,GMRINFRA,88.84,11052,88.79,1533024,88.89,1168795
2026-08-13 21:17:18.455738,SOUTHBANK,34.88,3366,34.83,1247513,34.93,1260003
2026-08-13 21:17:18.472771,IRB,64.18,10693,64.13,2346904,64.23,1682354
2026-08-13 21:17:18.489827,HFCL,122.49,152328,122.43,1392222,122.55,1624960
2026-08-13 21:17:18.508422,NMDC,233.49,11786,233.37,2041764,233.61,1464702
2026-08-13 21:17:18.522350,TATAPOWER,446.59,3879,446.37,1444973,446.81,2435997
2026-08-13 21:17:18.554661,BHEL,311.08,6480,310.92,1731540,311.24,1267436
2026-08-13 21:17:18.569298,HUDCO,202.0,5181,201.9,1670213,202.1,1364059
2026-08-13 21:17:18.572620,PNB,117.45,5626,117.39,2118096,117.51,2384400
2026-08-13 21:17:18.589136,NHPC,97.72,3460,97.67,1347730,97.77,1663910
2026-08-13 21:17:18.606099,SMALLCAP1,46.7,174,46.65,22980,46.75,8990
2026-08-13 21:17:18.622314,RELIANCE,3015.22,6929,3013.71,1330563,3016.73,1344837
2026-08-13 21:17:18.639793,TCS,3821.29,1971,3819.38,1115523,3823.2,1969369
2026-08-13 21:17:18.655976,INFY,1533.37,5505,1532.6,1462317,1534.14,2493981
2026-08-13 21:17:18.672239,PENNYSTOCK,14.54,13585,14.49,1299651,14.59,1188163
2026-08-13 21:17:33.407553,IDFCFIRSTB,72.5,9282,72.45,2197977,72.55,1702714
2026-08-13 21:17:33.437009,SUZLON,54.21,5990,54.16,1399241,54.26,2151485
2026-08-13 21:17:33.439007,GMRINFRA,88.8,2785,88.75,1373042,88.85,1282817
2026-08-13 21:17:33.455738,SOUTHBANK,34.87,14979,34.82,1995048,34.92,1516615
2026-08-13 21:17:33.472771,IRB,64.21,12777,64.16,2386281,64.26,2173393
2026-08-13 21:17:33.489827,HFCL,122.75,6227,122.69,1960745,122.81,2167662
2026-08-13 21:17:33.508422,NMDC,233.66,4058,233.54,1281283,233.78,2418791
2026-08-13 21:17:33.522350,TATAPOWER,445.48,117912,445.26,1892330,445.7,2484141
2026-08-13 21:17:33.554661,BHEL,311.4,13280,311.24,2048259,311.56,1692756
2026-08-13 21:17:33.569298,HUDCO,202.33,6605,202.23,1765534,202.43,1773228
2026-08-13 21:17:33.572620,PNB,117.23,108710,117.17,1900397,117.29,1958325
2026-08-13 21:17:33.589136,NHPC,97.61,9844,97.56,1319873,97.66,1744420
2026-08-13 21:17:33.606099,SMALLCAP1,46.63,76,46.58,19123,46.68,9413
2026-08-13 21:17:33.622314,RELIANCE,3015.77,10432,3014.26,1565866,3017.28,1865939
2026-08-13 21:17:33.639793,TCS,3821.01,12774,3819.1,1350172,3822.92,2499538
2026-08-13 21:17:33.655976,INFY,1534.82,14433,1534.05,1080250,1535.59,2176446
2026-08-13 21:17:33.672239,PENNYSTOCK,14.52,83580,14.47,1251364,14.57,2205858
2026-08-13 21:17:48.407553,IDFCFIRSTB,72.49,6283,72.44,1618554,72.54,1499082
2026-08-13 21:17:48.437009,SUZLON,54.22,3978,54.17,1685675,54.27,1104927
2026-08-13 21:17:48.439007,GMRINFRA,88.62,14620,88.57,1358229,88.67,1385851
2026-08-13 21:17:48.455738,SOUTHBANK,34.92,7911,34.87,2229793,34.97,1529228
2026-08-13 21:17:48.472771,IRB,64.1,13747,64.05,2037950,64.15,1915832
2026-08-13 21:17:48.489827,HFCL,122.93,6844,122.87,2030400,122.99,2096365
2026-08-13 21:17:48.508422,NMDC,234.18,6443,234.06,2250169,234.3,2006707
2026-08-13 21:17:48.522350,TATAPOWER,446.34,3055,446.12,1211086,446.56,2275531
2026-08-13 21:17:48.554661,BHEL,311.67,1943,311.51,1533042,311.83,2310160
2026-08-13 21:17:48.569298,HUDCO,202.28,10266,202.18,1469208,202.38,1548594
2026-08-13 21:17:48.572620,PNB,117.0,12534,116.94,1702628,117.06,1193882
2026-08-13 21:17:48.589136,NHPC,97.66,3280,97.61,2319481,97.71,1621950
2026-08-13 21:17:48.606099,SMALLCAP1,46.74,555,46.69,8070,46.79,19197
2026-08-13 21:17:48.622314,RELIANCE,3013.51,6265,3012.0,2343667,3015.02,1227084
2026-08-13 21:17:48.639793,TCS,3824.01,1358,3822.1,1172628,3825.92,1337187
2026-08-13 21:17:48.655976,INFY,1535.0,4466,1534.23,1712803,1535.77,1348387
2026-08-13 21:17:48.672239,PENNYSTOCK,14.55,7373,14.5,2498630,14.6,1215539
2026-08-13 21:18:03.407553,IDFCFIRSTB,72.44,12204,72.39,1636932,72.49,1072320
2026-08-13 21:18:03.437009,SUZLON,54.17,9432,54.12,2486033,54.22,1485997
2026-08-13 21:18:03.439007,GMRINFRA,88.71,8798,88.66,1766329,88.76,2208864
2026-08-13 21:18:03.455738,SOUTHBANK,35.0,2989,34.95,2408549,35.05,2174458
2026-08-13 21:18:03.472771,IRB,64.12,64673,64.07,1970390,64.17,2350718
2026-08-13 21:18:03.489827,HFCL,123.12,7351,123.06,2402022,123.18,2095877
2026-08-13 21:18:03.508422,NMDC,234.36,3814,234.24,1820637,234.48,2216174
2026-08-13 21:18:03.522350,TATAPOWER,446.97,5599,446.75,1189102,447.19,1153095
2026-08-13 21:18:03.554661,BHEL,311.63,6815,311.47,2366746,311.79,1887319
2026-08-13 21:18:03.569298,HUDCO,201.72,105840,201.62,2357955,201.82,1419149
2026-08-13 21:18:03.572620,PNB,116.95,13370,116.89,2034389,117.01,1212088
2026-08-13 21:18:03.589136,NHPC,97.83,8357,97.78,1755549,97.88,1818810
2026-08-13 21:18:03.606099,SMALLCAP1,46.82,320,46.77,17376,46.87,15567
2026-08-13 21:18:03.622314,RELIANCE,3017.74,13968,3016.23,1297511,3019.25,1738064
2026-08-13 21:18:03.639793,TCS,3832.32,6049,3830.4,1510935,3834.24,1142933
2026-08-13 21:18:03.655976,INFY,1533.05,6807,1532.28,1574692,1533.82,1273390
2026-08-13 21:18:03.672239,PENNYSTOCK,14.56,2474,14.51,1363468,14.61,1191169
2026-08-13 21:18:18.407553,IDFCFIRSTB,72.23,787,72.18,2121724,72.28,2098837
2026-08-13 21:18:18.437009,SUZLON,54.23,1446,54.18,1819266,54.28,2211923
2026-08-13 21:18:18.439007,GMRINFRA,88.82,8431,88.77,1358874,88.87,1192413
2026-08-13 21:18:18.455738,SOUTHBANK,34.93,4718,34.88,1442542,34.98,2224809
2026-08-13 21:18:18.472771,IRB,64.21,5862,64.16,1600001,64.26,1704947
2026-08-13 21:18:18.489827,HFCL,123.41,3145,123.35,1363899,123.47,1125089
2026-08-13 21:18:18.508422,NMDC,234.62,4531,234.5,1556179,234.74,1993112
2026-08-13 21:18:18.522350,TATAPOWER,447.34,7376,447.12,1320097,447.56,1579010
2026-08-13 21:18:18.554661,BHEL,312.05,12591,311.89,2486563,312.21,1069818
2026-08-13 21:18:18.569298,HUDCO,201.62,7245,201.52,1260281,201.72,1609215
2026-08-13 21:18:18.572620,PNB,116.76,2751,116.7,1642118,116.82,2183168
2026-08-13 21:18:18.589136,NHPC,97.88,9539,97.83,1346851,97.93,1184916
2026-08-13 21:18:18.606099,SMALLCAP1,46.85,592,46.8,19965,46.9,9814
2026-08-13 21:18:18.622314,RELIANCE,3019.5,14369,3017.99,2314022,3021.01,2433684
2026-08-13 21:18:18.639793,TCS,3834.77,2471,3832.85,1625056,3836.69,1778943
2026-08-13 21:18:18.655976,INFY,1537.6,9985,1536.83,1585927,1538.37,1667471
2026-08-13 21:18:18.672239,PENNYSTOCK,14.56,2910,14.51,1387254,14.61,1642942
2026-08-13 21:18:33.407553,IDFCFIRSTB,72.33,6258,72.28,1333150,72.38,1934366
2026-08-13 21:18:33.437009,SUZLON,54.18,14750,54.13,2314117,54.23,1072644
2026-08-13 21:18:33.439007,GMRINFRA,88.83,5238,88.78,1527074,88.88,2455955
2026-08-13 21:18:33.455738,SOUTHBANK,34.95,2469,34.9,2468446,35.0,1985279
2026-08-13 21:18:33.472771,IRB,64.33,520,64.28,1942343,64.38,2360152
2026-08-13 21:18:33.489827,HFCL,123.4,6060,123.34,2412467,123.46,1929579
2026-08-13 21:18:33.508422,NMDC,234.69,99144,234.57,1607586,234.81,1970378
2026-08-13 21:18:33.522350,TATAPOWER,446.73,784,446.51,2117259,446.95,2270518
2026-08-13 21:18:33.554661,BHEL,313.17,13123,313.01,2318713,313.33,1698936
2026-08-13 21:18:33.569298,HUDCO,201.89,1207,201.79,1121352,201.99,1054511
2026-08-13 21:18:33.572620,PNB,117.14,3995,117.08,2077568,117.2,2494795
2026-08-13 21:18:33.589136,NHPC,97.67,4788,97.62,1981505,97.72,1788741
2026-08-13 21:18:33.606099,SMALLCAP1,46.84,334,46.79,24984,46.89,18617
2026-08-13 21:18:33.622314,RELIANCE,3021.13,6930,3019.62,1062482,3022.64,1863183
2026-08-13 21:18:33.639793,TCS,3836.8,11079,3834.88,1305395,3838.72,1601800
2026-08-13 21:18:33.655976,INFY,1539.02,10630,1538.25,1232476,1539.79,1256747
2026-08-13 21:18:33.672239,PENNYSTOCK,14.57,11317,14.52,1350224,14.62,1113566
2026-08-13 21:18:48.407553,IDFCFIRSTB,72.38,13983,72.33,2151500,72.43,2155456
2026-08-13 21:18:48.437009,SUZLON,54.17,8120,54.12,2348981,54.22,1128129
2026-08-13 21:18:48.439007,GMRINFRA,88.7,7504,88.65,2064695,88.75,1344430
2026-08-13 21:18:48.455738,SOUTHBANK,34.96,3922,34.91,1592794,35.01,1344486
2026-08-13 21:18:48.472771,IRB,64.15,8369,64.1,2188323,64.2,2195381
2026-08-13 21:18:48.489827,HFCL,123.28,2922,123.22,2117965,123.34,2487953
2026-08-13 21:18:48.508422,NMDC,234.5,3536,234.38,2095554,234.62,1992361
2026-08-13 21:18:48.522350,TATAPOWER,447.57,13956,447.35,1386139,447.79,1966620
2026-08-13 21:18:48.554661,BHEL,313.46,9515,313.3,1405757,313.62,1531585
2026-08-13 21:18:48.569298,HUDCO,201.76,4510,201.66,1454629,201.86,1313409
2026-08-13 21:18:48.572620,PNB,117.26,5646,117.2,2115932,117.32,1322656
2026-08-13 21:18:48.589136,NHPC,97.86,14677,97.81,1566412,97.91,1733641
2026-08-13 21:18:48.606099,SMALLCAP1,46.92,627,46.87,8323,46.97,15872
2026-08-13 21:18:48.622314,RELIANCE,3021.88,9024,3020.37,2097474,3023.39,1327736
2026-08-13 21:18:48.639793,TCS,3846.14,11445,3844.22,1584786,3848.06,1798985
2026-08-13 21:18:48.655976,INFY,1539.58,8818,1538.81,1367799,1540.35,1419182
2026-08-13 21:18:48.672239,PENNYSTOCK,14.57,129041,14.52,1180343,14.62,1455789
2026-08-13 21:19:03.407553,IDFCFIRSTB,72.27,14169,72.22,1266886,72.32,2363815
2026-08-13 21:19:03.437009,SUZLON,54.11,13762,54.06,2173101,54.16,1225517
2026-08-13 21:19:03.439007,GMRINFRA,88.66,12052,88.61,1764700,88.71,2421173
2026-08-13 21:19:03.455738,SOUTHBANK,34.97,4105,34.92,1716657,35.02,2059051
2026-08-13 21:19:03.472771,IRB,64.15,1477,64.1,1402207,64.2,2169065
2026-08-13 21:19:03.489827,HFCL,123.08,4284,123.02,1896534,123.14,2150358
2026-08-13 21:19:03.508422,NMDC,234.11,13828,233.99,2180780,234.23,2495353
2026-08-13 21:19:03.522350,TATAPOWER,447.32,10579,447.1,1922838,447.54,2429955
2026-08-13 21:19:03.554661,BHEL,314.15,14829,313.99,1482644,314.31,2470907
2026-08-13 21:19:03.569298,HUDCO,201.96,11809,201.86,2099564,202.06,2079416
2026-08-13 21:19:03.572620,PNB,117.33,8278,117.27,2110650,117.39,1345639
2026-08-13 21:19:03.589136,NHPC,97.93,11893,97.88,1867988,97.98,1365831
2026-08-13 21:19:03.606099,SMALLCAP1,46.97,727,46.92,12324,47.02,5941
2026-08-13 21:19:03.622314,RELIANCE,3025.55,1226,3024.04,1467993,3027.06,1407212
2026-08-13 21:19:03.639793,TCS,3846.72,13099,3844.8,2452723,3848.64,1773986
2026-08-13 21:19:03.655976,INFY,1540.62,13633,1539.85,1458304,1541.39,2436522
2026-08-13 21:19:03.672239,PENNYSTOCK,14.57,13741,14.52,1723257,14.62,1162146
2026-08-13 21:19:18.407553,IDFCFIRSTB,72.17,12670,72.12,1710692,72.22,1862602
2026-08-13 21:19:18.437009,SUZLON,54.24,5472,54.19,1304736,54.29,1131402
2026-08-13 21:19:18.439007,GMRINFRA,88.75,7161,88.7,2220258,88.8,2354362
2026-08-13 21:19:18.455738,SOUTHBANK,34.97,2491,34.92,2152969,35.02,2326431
2026-08-13 21:19:18.472771,IRB,64.09,1124,64.04,1842699,64.14,1949615
2026-08-13 21:19:18.489827,HFCL,122.99,10624,122.93,2197527,123.05,2208937
2026-08-13 21:19:18.508422,NMDC,234.17,7376,234.05,1680241,234.29,1689288
2026-08-13 21:19:18.522350,TATAPOWER,447.32,4301,447.1,1999303,447.54,1838254
2026-08-13 21:19:18.554661,BHEL,314.04,1172,313.88,2208610,314.2,1950942
2026-08-13 21:19:18.569298,HUDCO,202.16,9437,202.06,1537123,202.26,2256634
2026-08-13 21:19:18.572620,PNB,117.15,7505,117.09,1162076,117.21,1141967
2026-08-13 21:19:18.589136,NHPC,97.73,2723,97.68,2099557,97.78,1682581
2026-08-13 21:19:18.606099,SMALLCAP1,46.91,761,46.86,6660,46.96,23476
2026-08-13 21:19:18.622314,RELIANCE,3029.41,7551,3027.9,1473207,3030.92,1709954
2026-08-13 21:19:18.639793,TCS,3847.73,12749,3845.81,1678094,3849.65,1115632
2026-08-13 21:19:18.655976,INFY,1538.27,11068,1537.5,2120824,1539.04,1919087
2026-08-13 21:19:18.672239,PENNYSTOCK,14.59,2867,14.54,2473930,14.64,2132314
2026-08-13 21:19:33.407553,IDFCFIRSTB,72.15,620,72.1,1315597,72.2,1939862
2026-08-13 21:19:33.437009,SUZLON,54.18,11146,54.13,1497544,54.23,1103299
2026-08-13 21:19:33.439007,GMRINFRA,88.76,813,88.71,1100003,88.81,2305149
2026-08-13 21:19:33.455738,SOUTHBANK,34.93,11712,34.88,2389976,34.98,1130565
2026-08-13 21:19:33.472771,IRB,64.07,3755,64.02,1847861,64.12,1591877
2026-08-13 21:19:33.489827,HFCL,123.13,9809,123.07,1615550,123.19,2400741
2026-08-13 21:19:33.508422,NMDC,233.91,7053,233.79,1659280,234.03,2121479
2026-08-13 21:19:33.522350,TATAPOWER,447.22,14852,447.0,1483058,447.44,2455304
2026-08-13 21:19:33.554661,BHEL,313.52,13953,313.36,2478003,313.68,1589230
2026-08-13 21:19:33.569298,HUDCO,202.02,850,201.92,2475760,202.12,1101356
2026-08-13 21:19:33.572620,PNB,117.4,12948,117.34,2085332,117.46,1788616
2026-08-13 21:19:33.589136,NHPC,97.97,1515,97.92,1639481,98.02,2157829
2026-08-13 21:19:33.606099,SMALLCAP1,46.88,429,46.83,8926,46.93,8905
2026-08-13 21:19:33.622314,RELIANCE,3030.2,13379,3028.68,1294904,3031.72,1322102
2026-08-13 21:19:33.639793,TCS,3855.06,752,3853.13,2420329,3856.99,1959717
2026-08-13 21:19:33.655976,INFY,1540.76,9301,1539.99,1330961,1541.53,1876844
2026-08-13 21:19:33.672239,PENNYSTOCK,14.61,4668,14.56,2057818,14.66,2374744
2026-08-13 21:19:48.407553,IDFCFIRSTB,72.18,10108,72.13,1275859,72.23,2216399
2026-08-13 21:19:48.437009,SUZLON,54.15,8065,54.1,1478237,54.2,1191823
2026-08-13 21:19:48.439007,GMRINFRA,88.89,11550,88.84,1103636,88.94,2187060
2026-08-13 21:19:48.455738,SOUTHBANK,34.93,123192,34.88,2224360,34.98,1079549
2026-08-13 21:19:48.472771,IRB,63.99,1642,63.94,2183630,64.04,1125092
2026-08-13 21:19:48.489827,HFCL,123.22,12628,123.16,1884304,123.28,1839692
2026-08-13 21:19:48.508422,NMDC,233.45,8764,233.33,1408072,233.57,1689463
2026-08-13 21:19:48.522350,TATAPOWER,447.81,12541,447.59,2493191,448.03,2261263
2026-08-13 21:19:48.554661,BHEL,314.25,3774,314.09,1849373,314.41,1414059
2026-08-13 21:19:48.569298,HUDCO,202.19,11924,202.09,2443538,202.29,1125706
2026-08-13 21:19:48.572620,PNB,117.3,31152,117.24,2126790,117.36,1213242
2026-08-13 21:19:48.589136,NHPC,97.93,4245,97.88,2011230,97.98,1977259
2026-08-13 21:19:48.606099,SMALLCAP1,46.87,4656,46.82,19256,46.92,21392
2026-08-13 21:19:48.622314,RELIANCE,3031.78,14567,3030.26,2023820,3033.3,1092826
2026-08-13 21:19:48.639793,TCS,3849.98,3059,3848.06,1568165,3851.9,1309233
2026-08-13 21:19:48.655976,INFY,1539.4,2760,1538.63,2185332,1540.17,1572982
2026-08-13 21:19:48.672239,PENNYSTOCK,14.6,8127,14.55,1159933,14.65,1532317
2026-08-13 21:20:03.407553,IDFCFIRSTB,72.26,1748,72.21,1615973,72.31,1380023
2026-08-13 21:20:03.437009,SUZLON,54.13,4895,54.08,2346349,54.18,1173672
2026-08-13 21:20:03.439007,GMRINFRA,88.87,14834,88.82,2257752,88.92,2427601
2026-08-13 21:20:03.455738,SOUTHBANK,34.91,9848,34.86,1311608,34.96,2432270
2026-08-13 21:20:03.472771,IRB,64.04,3897,63.99,1734369,64.09,1816693
2026-08-13 21:20:03.489827,HFCL,123.08,4010,123.02,1135760,123.14,1348550
2026-08-13 21:20:03.508422,NMDC,233.31,9406,233.19,1114912,233.43,1661362
2026-08-13 21:20:03.522350,TATAPOWER,448.44,2143,448.22,2055412,448.66,1840071
2026-08-13 21:20:03.554661,BHEL,314.31,14602,314.15,2243637,314.47,2151015
2026-08-13 21:20:03.569298,HUDCO,202.2,33090,202.1,1756509,202.3,1847239
2026-08-13 21:20:03.572620,PNB,117.53,37890,117.47,1328840,117.59,2358833
2026-08-13 21:20:03.589136,NHPC,97.81,13362,97.76,1830679,97.86,1180892
2026-08-13 21:20:03.606099,SMALLCAP1,47.02,652,46.97,7351,47.07,11680
2026-08-13 21:20:03.622314,RELIANCE,3036.31,4140,3034.79,1826272,3037.83,1500314
2026-08-13 21:20:03.639793,TCS,3843.52,3639,3841.6,2263384,3845.44,1684907
2026-08-13 21:20:03.655976,INFY,1541.65,3909,1540.88,1446556,1542.42,1777147
2026-08-13 21:20:03.672239,PENNYSTOCK,14.58,1262,14.53,2068942,14.63,1326211
2026-08-13 21:20:18.407553,IDFCFIRSTB,72.31,10066,72.26,1846586,72.36,2073588
2026-08-13 21:20:18.437009,SUZLON,54.17,12689,54.12,1879494,54.22,2425599
2026-08-13 21:20:18.439007,GMRINFRA,89.29,2134,89.24,1215629,89.34,1280815
2026-08-13 21:20:18.455738,SOUTHBANK,34.92,12534,34.87,1740974,34.97,1065651
2026-08-13 21:20:18.472771,IRB,64.07,14566,64.02,1489350,64.12,1602327
2026-08-13 21:20:18.489827,HFCL,123.05,3313,122.99,2396629,123.11,1964031
2026-08-13 21:20:18.508422,NMDC,233.31,10287,233.19,2271163,233.43,1657326
2026-08-13 21:20:18.522350,TATAPOWER,448.81,7872,448.59,1575202,449.03,2094075
2026-08-13 21:20:18.554661,BHEL,313.58,1913,313.42,1646934,313.74,2306867
2026-08-13 21:20:18.569298,HUDCO,202.31,2213,202.21,2397403,202.41,1061639
2026-08-13 21:20:18.572620,PNB,117.51,1188,117.45,2298055,117.57,2298354
2026-08-13 21:20:18.589136,NHPC,97.81,87522,97.76,1900451,97.86,1736692
2026-08-13 21:20:18.606099,SMALLCAP1,47.01,955,46.96,21690,47.06,12801
2026-08-13 21:20:18.622314,RELIANCE,3032.4,12234,3030.88,2101619,3033.92,1707377
2026-08-13 21:20:18.639793,TCS,3844.62,14674,3842.7,2458988,3846.54,2227845
2026-08-13 21:20:18.655976,INFY,1541.31,2741,1540.54,2488546,1542.08,2038282
2026-08-13 21:20:18.672239,PENNYSTOCK,14.61,6189,14.56,2241548,14.66,2359488
2026-08-13 21:20:33.407553,IDFCFIRSTB,72.41,11207,72.36,1694720,72.46,1470213
2026-08-13 21:20:33.437009,SUZLON,54.31,3175,54.26,2410583,54.36,1109407
2026-08-13 21:20:33.439007,GMRINFRA,89.25,6181,89.2,2373275,89.3,1531788
2026-08-13 21:20:33.455738,SOUTHBANK,34.88,4015,34.83,2394178,34.93,1499310
2026-08-13 21:20:33.472771,IRB,64.24,13851,64.19,2170243,64.29,2340179
2026-08-13 21:20:33.489827,HFCL,122.93,527,122.87,1952949,122.99,1693377
2026-08-13 21:20:33.508422,NMDC,233.41,1152,233.29,2451012,233.53,1733230
2026-08-13 21:20:33.522350,TATAPOWER,448.05,1351,447.83,2243647,448.27,1577088
2026-08-13 21:20:33.554661,BHEL,313.67,5828,313.51,1092143,313.83,1134887
2026-08-13 21:20:33.569298,HUDCO,202.06,14479,201.96,2294769,202.16,1241211
2026-08-13 21:20:33.572620,PNB,117.33,8118,117.27,1989023,117.39,1905735
2026-08-13 21:20:33.589136,NHPC,97.77,6528,97.72,1320973,97.82,2048407
2026-08-13 21:20:33.606099,SMALLCAP1,46.91,530,46.86,16423,46.96,21726
2026-08-13 21:20:33.622314,RELIANCE,3026.88,1707,3025.37,1258319,3028.39,2349972
2026-08-13 21:20:33.639793,TCS,3842.75,14852,3840.83,2340887,3844.67,1314634
2026-08-13 21:20:33.655976,INFY,1541.06,1001,1540.29,1750127,1541.83,2370540
2026-08-13 21:20:33.672239,PENNYSTOCK,14.63,6722,14.58,1532871,14.68,2348476
2026-08-13 21:20:48.407553,IDFCFIRSTB,72.42,6220,72.37,1322213,72.47,2111458
2026-08-13 21:20:48.437009,SUZLON,54.34,12670,54.29,1524595,54.39,2414342
2026-08-13 21:20:48.439007,GMRINFRA,89.46,9726,89.41,1907541,89.51,1519917
2026-08-13 21:20:48.455738,SOUTHBANK,34.9,6877,34.85,1877700,34.95,1387533
2026-08-13 21:20:48.472771,IRB,64.13,10509,64.08,1696039,64.18,1055217
2026-08-13 21:20:48.489827,HFCL,122.89,5160,122.83,1683368,122.95,2162160
2026-08-13 21:20:48.508422,NMDC,233.99,3285,233.87,1847490,234.11,1078970
2026-08-13 21:20:48.522350,TATAPOWER,447.55,12871,447.33,1222069,447.77,1720474
2026-08-13 21:20:48.554661,BHEL,313.72,3600,313.56,1283602,313.88,2293828
2026-08-13 21:20:48.569298,HUDCO,202.27,8481,202.17,1194208,202.37,1505439
2026-08-13 21:20:48.572620,PNB,117.3,9886,117.24,2423263,117.36,2391594
2026-08-13 21:20:48.589136,NHPC,97.65,2192,97.6,2211997,97.7,1280383
2026-08-13 21:20:48.606099,SMALLCAP1,47.0,120,46.95,23098,47.05,9876
2026-08-13 21:20:48.622314,RELIANCE,3019.73,3810,3018.22,1760040,3021.24,1282027
2026-08-13 21:20:48.639793,TCS,3841.29,14322,3839.37,1173137,3843.21,1460377
2026-08-13 21:20:48.655976,INFY,1539.4,543,1538.63,2078674,1540.17,1163187
2026-08-13 21:20:48.672239,PENNYSTOCK,14.64,4649,14.59,2223668,14.69,2075488
2026-08-13 21:21:03.407553,IDFCFIRSTB,72.48,13806,72.43,2258861,72.53,2203612
2026-08-13 21:21:03.437009,SUZLON,54.32,8471,54.27,1155290,54.37,2083038
2026-08-13 21:21:03.439007,GMRINFRA,89.63,3379,89.58,2432243,89.68,2492314
2026-08-13 21:21:03.455738,SOUTHBANK,34.86,58548,34.81,1702250,34.91,2475820
2026-08-13 21:21:03.472771,IRB,63.99,10860,63.94,2125632,64.04,2358692
2026-08-13 21:21:03.489827,HFCL,122.87,1774,122.81,1393620,122.93,1483994
2026-08-13 21:21:03.508422,NMDC,234.35,13005,234.23,1571337,234.47,2075052
2026-08-13 21:21:03.522350,TATAPOWER,446.73,13312,446.51,1296500,446.95,2372038
2026-08-13 21:21:03.554661,BHEL,314.16,7195,314.0,1342852,314.32,1960714
2026-08-13 21:21:03.569298,HUDCO,202.52,1454,202.42,2099392,202.62,1850486
2026-08-13 21:21:03.572620,PNB,117.38,12330,117.32,2437222,117.44,2316134
2026-08-13 21:21:03.589136,NHPC,97.61,2672,97.56,2142600,97.66,1288570
2026-08-13 21:21:03.606099,SMALLCAP1,47.06,169,47.01,10429,47.11,14724
2026-08-13 21:21:03.622314,RELIANCE,3019.23,9457,3017.72,2356175,3020.74,1374412
2026-08-13 21:21:03.639793,TCS,3841.26,3130,3839.34,2371813,3843.18,1199150
2026-08-13 21:21:03.655976,INFY,1540.39,8676,1539.62,2096005,1541.16,1310838
2026-08-13 21:21:03.672239,PENNYSTOCK,14.66,6556,14.61,1482226,14.71,1448884
2026-08-13 21:21:18.407553,IDFCFIRSTB,72.38,8966,72.33,2155667,72.43,2138270
2026-08-13 21:21:18.437009,SUZLON,54.46,1099,54.41,1802405,54.51,1083260
2026-08-13 21:21:18.439007,GMRINFRA,89.71,593,89.66,2195686,89.76,2201038
2026-08-13 21:21:18.455738,SOUTHBANK,34.89,14405,34.84,1822634,34.94,1091932
2026-08-13 21:21:18.472771,IRB,63.97,13975,63.92,2483800,64.02,1804879
2026-08-13 21:21:18.489827,HFCL,122.87,9710,122.81,2352651,122.93,1704909
2026-08-13 21:21:18.508422,NMDC,234.7,3994,234.58,2465572,234.82,2272982
2026-08-13 21:21:18.522350,TATAPOWER,447.05,12975,446.83,2203967,447.27,1814068
2026-08-13 21:21:18.554661,BHEL,314.25,3710,314.09,1520390,314.41,1299507
2026-08-13 21:21:18.569298,HUDCO,202.72,14754,202.62,1632974,202.82,2032260
2026-08-13 21:21:18.572620,PNB,117.67,6656,117.61,2136911,117.73,1785968
2026-08-13 21:21:18.589136,NHPC,97.64,12434,97.59,2113792,97.69,1243606
2026-08-13 21:21:18.606099,SMALLCAP1,46.97,810,46.92,19057,47.02,15835
2026-08-13 21:21:18.622314,RELIANCE,3018.82,10062,3017.31,2322426,3020.33,2158685
2026-08-13 21:21:18.639793,TCS,3845.5,7207,3843.58,1550860,3847.42,1594727
2026-08-13 21:21:18.655976,INFY,1537.42,4671,1536.65,2249330,1538.19,1829863
2026-08-13 21:21:18.672239,PENNYSTOCK,14.62,3204,14.57,2412909,14.67,2477202
2026-08-13 21:21:33.407553,IDFCFIRSTB,72.51,1106,72.46,1444675,72.56,2145897
2026-08-13 21:21:33.437009,SUZLON,54.46,8304,54.41,1488115,54.51,1982898
2026-08-13 21:21:33.439007,GMRINFRA,89.49,7728,89.44,1580215,89.54,1536289
2026-08-13 21:21:33.455738,SOUTHBANK,34.9,11512,34.85,1818853,34.95,1072002
2026-08-13 21:21:33.472771,IRB,64.01,11466,63.96,1331275,64.06,1214090
2026-08-13 21:21:33.489827,HFCL,122.95,2263,122.89,1647676,123.01,1763047
2026-08-13 21:21:33.508422,NMDC,234.94,11194,234.82,1695834,235.06,2442220
2026-08-13 21:21:33.522350,TATAPOWER,445.92,7118,445.7,2028533,446.14,1113948
2026-08-13 21:21:33.554661,BHEL,314.83,677,314.67,1723586,314.99,1488094
2026-08-13 21:21:33.569298,HUDCO,202.69,5039,202.59,2143247,202.79,1128147
2026-08-13 21:21:33.572620,PNB,117.86,1582,117.8,1674761,117.92,2242926
2026-08-13 21:21:33.589136,NHPC,97.63,10204,97.58,1423127,97.68,1346628
2026-08-13 21:21:33.606099,SMALLCAP1,46.98,382,46.93,8864,47.03,12733
2026-08-13 21:21:33.622314,RELIANCE,3017.85,8270,3016.34,2395971,3019.36,1418729
2026-08-13 21:21:33.639793,TCS,3844.03,31164,3842.11,1693527,3845.95,1236382
2026-08-13 21:21:33.655976,INFY,1538.91,13319,1538.14,2008653,1539.68,1952397
2026-08-13 21:21:33.672239,PENNYSTOCK,14.57,1070,14.52,1156473,14.62,1586075
2026-08-13 21:21:48.407553,IDFCFIRSTB,72.36,6559,72.31,1740673,72.41,2234626
2026-08-13 21:21:48.437009,SUZLON,54.47,14981,54.42,2361442,54.52,1768653
2026-08-13 21:21:48.439007,GMRINFRA,89.46,12904,89.41,1144792,89.51,1676549
2026-08-13 21:21:48.455738,SOUTHBANK,34.95,9271,34.9,2198452,35.0,1139524
2026-08-13 21:21:48.472771,IRB,64.07,8190,64.02,1673869,64.12,1584197
2026-08-13 21:21:48.489827,HFCL,123.13,12647,123.07,2431410,123.19,1974601
2026-08-13 21:21:48.508422,NMDC,235.15,5272,235.03,1632662,235.27,2108345
2026-08-13 21:21:48.522350,TATAPOWER,445.75,13457,445.53,1695998,445.97,1946130
2026-08-13 21:21:48.554661,BHEL,314.45,13516,314.29,1107364,314.61,2011393
2026-08-13 21:21:48.569298,HUDCO,202.67,13648,202.57,1937166,202.77,2095891
2026-08-13 21:21:48.572620,PNB,117.98,13269,117.92,2029132,118.04,1779046
2026-08-13 21:21:48.589136,NHPC,97.5,14232,97.45,1617257,97.55,1797447
2026-08-13 21:21:48.606099,SMALLCAP1,46.96,371,46.91,17601,47.01,24334
2026-08-13 21:21:48.622314,RELIANCE,3013.39,12165,3011.88,2340131,3014.9,2290443
2026-08-13 21:21:48.639793,TCS,3840.91,4051,3838.99,1393620,3842.83,1060457
2026-08-13 21:21:48.655976,INFY,1539.91,7080,1539.14,1894795,1540.68,2144502
2026-08-13 21:21:48.672239,PENNYSTOCK,14.58,3487,14.53,1369073,14.63,1469765
2026-08-13 21:22:03.407553,IDFCFIRSTB,72.3,14086,72.25,2188956,72.35,1472451
2026-08-13 21:22:03.437009,SUZLON,54.46,11228,54.41,1150455,54.51,2062927
2026-08-13 21:22:03.439007,GMRINFRA,89.48,1927,89.43,1973181,89.53,1390134
2026-08-13 21:22:03.455738,SOUTHBANK,34.99,8826,34.94,2441920,35.04,2240866
2026-08-13 21:22:03.472771,IRB,64.05,12618,64.0,2057567,64.1,1136352
2026-08-13 21:22:03.489827,HFCL,123.17,11641,123.11,2200134,123.23,2239058
2026-08-13 21:22:03.508422,NMDC,235.07,616,234.95,2454036,235.19,1312389
2026-08-13 21:22:03.522350,TATAPOWER,446.8,10203,446.58,2237084,447.02,2457785
2026-08-13 21:22:03.554661,BHEL,314.86,9549,314.7,2124301,315.02,2374823
2026-08-13 21:22:03.569298,HUDCO,201.85,3409,201.75,1772323,201.95,2027498
2026-08-13 21:22:03.572620,PNB,117.37,2086,117.31,1123248,117.43,2341908
2026-08-13 21:22:03.589136,NHPC,97.43,13342,97.38,1066880,97.48,2223070
2026-08-13 21:22:03.606099,SMALLCAP1,47.04,133,46.99,12441,47.09,16379
2026-08-13 21:22:03.622314,RELIANCE,3013.51,13334,3012.0,1825418,3015.02,1505411
2026-08-13 21:22:03.639793,TCS,3837.29,73515,3835.37,1254307,3839.21,1913408
2026-08-13 21:22:03.655976,INFY,1539.15,2135,1538.38,1617349,1539.92,1459960
2026-08-13 21:22:03.672239,PENNYSTOCK,14.58,2873,14.53,2204118,14.63,1969465
2026-08-13 21:22:18.407553,IDFCFIRSTB,72.42,9502,72.37,1601115,72.47,1174946
2026-08-13 21:22:18.437009,SUZLON,54.51,3309,54.46,2305944,54.56,1585733
2026-08-13 21:22:18.439007,GMRINFRA,89.54,11938,89.49,1210511,89.59,1553466
2026-08-13 21:22:18.455738,SOUTHBANK,34.95,10173,34.9,1678050,35.0,1511437
2026-08-13 21:22:18.472771,IRB,64.0,1056,63.95,1756582,64.05,1116155
2026-08-13 21:22:18.489827,HFCL,122.89,985,122.83,1984153,122.95,1933603
2026-08-13 21:22:18.508422,NMDC,235.76,4253,235.64,1313474,235.88,1805234
2026-08-13 21:22:18.522350,TATAPOWER,447.46,11697,447.24,1128598,447.68,1220472
2026-08-13 21:22:18.554661,BHEL,314.46,8489,314.3,1077864,314.62,2121923
2026-08-13 21:22:18.569298,HUDCO,202.3,7792,202.2,2058609,202.4,1395863
2026-08-13 21:22:18.572620,PNB,117.17,11972,117.11,1920535,117.23,1136275
2026-08-13 21:22:18.589136,NHPC,97.5,4921,97.45,1838583,97.55,1923412
2026-08-13 21:22:18.606099,SMALLCAP1,47.13,3003,47.08,16057,47.18,16591
2026-08-13 21:22:18.622314,RELIANCE,3016.8,14141,3015.29,1582297,3018.31,2439197
2026-08-13 21:22:18.639793,TCS,3842.46,5153,3840.54,1994031,3844.38,2342187
2026-08-13 21:22:18.655976,INFY,1541.1,9140,1540.33,2436491,1541.87,1741633
2026-08-13 21:22:18.672239,PENNYSTOCK,14.61,87048,14.56,1352807,14.66,2259213
2026-08-13 21:22:33.407553,IDFCFIRSTB,72.21,7004,72.16,2486899,72.26,1462411
2026-08-13 21:22:33.437009,SUZLON,54.55,14124,54.5,1495631,54.6,2120922
2026-08-13 21:22:33.439007,GMRINFRA,89.61,3616,89.56,1260008,89.66,1213081
2026-08-13 21:22:33.455738,SOUTHBANK,34.92,4636,34.87,2445139,34.97,1999137
2026-08-13 21:22:33.472771,IRB,64.17,6210,64.12,1595870,64.22,1208917
2026-08-13 21:22:33.489827,HFCL,122.92,13624,122.86,1312865,122.98,1749116
2026-08-13 21:22:33.508422,NMDC,235.65,5538,235.53,1065571,235.77,2216933
2026-08-13 21:22:33.522350,TATAPOWER,446.93,2243,446.71,1361681,447.15,1697931
2026-08-13 21:22:33.554661,BHEL,314.02,10001,313.86,1693198,314.18,1579888
2026-08-13 21:22:33.569298,HUDCO,202.51,3004,202.41,2410114,202.61,1200696
2026-08-13 21:22:33.572620,PNB,117.18,12537,117.12,1176817,117.24,1441863
2026-08-13 21:22:33.589136,NHPC,97.66,7104,97.61,2212158,97.71,1642783
2026-08-13 21:22:33.606099,SMALLCAP1,47.21,365,47.16,19662,47.26,15095
2026-08-13 21:22:33.622314,RELIANCE,3021.35,11897,3019.84,1084580,3022.86,1635604
2026-08-13 21:22:33.639793,TCS,3848.35,2318,3846.43,2488318,3850.27,1983279
2026-08-13 21:22:33.655976,INFY,1542.7,9571,1541.93,1270825,1543.47,1763196
2026-08-13 21:22:33.672239,PENNYSTOCK,14.61,8710,14.56,1717832,14.66,1305018
2026-08-13 21:22:48.407553,IDFCFIRSTB,72.13,5611,72.08,2196710,72.18,1767892
2026-08-13 21:22:48.437009,SUZLON,54.6,3241,54.55,1261786,54.65,1490107
2026-08-13 21:22:48.439007,GMRINFRA,89.42,10195,89.37,1212938,89.47,1137316
2026-08-13 21:22:48.455738,SOUTHBANK,34.94,4331,34.89,1318571,34.99,1632878
2026-08-13 21:22:48.472771,IRB,64.07,8188,64.02,1864938,64.12,2482754
2026-08-13 21:22:48.489827,HFCL,122.59,9986,122.53,1347429,122.65,1203278
2026-08-13 21:22:48.508422,NMDC,235.53,8182,235.41,1733999,235.65,2091073
2026-08-13 21:22:48.522350,TATAPOWER,447.5,4529,447.28,1434122,447.72,1073304
2026-08-13 21:22:48.554661,BHEL,314.77,1495,314.61,1897723,314.93,1123830
2026-08-13 21:22:48.569298,HUDCO,202.54,716,202.44,2100468,202.64,1326671
2026-08-13 21:22:48.572620,PNB,117.09,9909,117.03,1631207,117.15,1310250
2026-08-13 21:22:48.589136,NHPC,97.81,9728,97.76,2261370,97.86,1977843
2026-08-13 21:22:48.606099,SMALLCAP1,47.17,137,47.12,13962,47.22,6440
2026-08-13 21:22:48.622314,RELIANCE,3017.36,7948,3015.85,1924521,3018.87,1556315
2026-08-13 21:22:48.639793,TCS,3859.36,6032,3857.43,1860044,3861.29,2425202
2026-08-13 21:22:48.655976,INFY,1543.08,10160,1542.31,1905542,1543.85,1836918
2026-08-13 21:22:48.672239,PENNYSTOCK,14.62,14982,14.57,2338769,14.67,1502623
2026-08-13 21:23:03.407553,IDFCFIRSTB,72.13,12184,72.08,1908266,72.18,2241916
2026-08-13 21:23:03.437009,SUZLON,54.58,9661,54.53,1193843,54.63,1929474
2026-08-13 21:23:03.439007,GMRINFRA,89.32,782,89.27,2203496,89.37,2044213
2026-08-13 21:23:03.455738,SOUTHBANK,34.86,9485,34.81,1725596,34.91,1341971
2026-08-13 21:23:03.472771,IRB,64.05,13520,64.0,1657303,64.1,1226659
2026-08-13 21:23:03.489827,HFCL,122.65,15000,122.59,1604316,122.71,2382179
2026-08-13 21:23:03.508422,NMDC,235.36,4620,235.24,1384559,235.48,2120101
2026-08-13 21:23:03.522350,TATAPOWER,446.87,7922,446.65,1948248,447.09,1796351
2026-08-13 21:23:03.554661,BHEL,315.14,9986,314.98,1861653,315.3,1497900
2026-08-13 21:23:03.569298,HUDCO,202.73,1062,202.63,1422684,202.83,2080303
2026-08-13 21:23:03.572620,PNB,117.66,1967,117.6,1915973,117.72,1368371
2026-08-13 21:23:03.589136,NHPC,97.85,1984,97.8,1345551,97.9,2473331
2026-08-13 21:23:03.606099,SMALLCAP1,47.12,559,47.07,18329,47.17,15739
2026-08-13 21:23:03.622314,RELIANCE,3016.2,10536,3014.69,1608704,3017.71,1715329
2026-08-13 21:23:03.639793,TCS,3850.5,3934,3848.57,1974323,3852.43,1747776
2026-08-13 21:23:03.655976,INFY,1546.85,13993,1546.08,1997895,1547.62,1651385
2026-08-13 21:23:03.672239,PENNYSTOCK,14.65,6414,14.6,1181513,14.7,2441114
2026-08-13 21:23:18.407553,IDFCFIRSTB,72.2,5624,72.15,1965012,72.25,1927748
2026-08-13 21:23:18.437009,SUZLON,54.66,13786,54.61,1249134,54.71,2444545
2026-08-13 21:23:18.439007,GMRINFRA,89.29,12911,89.24,1985056,89.34,1504770
2026-08-13 21:23:18.455738,SOUTHBANK,34.84,13696,34.79,1375651,34.89,1400856
2026-08-13 21:23:18.472771,IRB,64.04,63234,63.99,1922481,64.09,1736309
2026-08-13 21:23:18.489827,HFCL,122.63,1313,122.57,1094776,122.69,1202241
2026-08-13 21:23:18.508422,NMDC,234.95,11252,234.83,2272219,235.07,1436859
2026-08-13 21:23:18.522350,TATAPOWER,446.05,31020,445.83,2229551,446.27,1171229
2026-08-13 21:23:18.554661,BHEL,315.58,41958,315.42,1872445,315.74,2237414
2026-08-13 21:23:18.569298,HUDCO,203.15,6617,203.05,1397465,203.25,1526284
2026-08-13 21:23:18.572620,PNB,117.66,14528,117.6,1964737,117.72,1154696
2026-08-13 21:23:18.589136,NHPC,97.95,2977,97.9,1920818,98.0,1399013
2026-08-13 21:23:18.606099,SMALLCAP1,47.2,794,47.15,7127,47.25,10523
2026-08-13 21:23:18.622314,RELIANCE,3021.25,4971,3019.74,2357875,3022.76,1784819
2026-08-13 21:23:18.639793,TCS,3842.23,8799,3840.31,1363676,3844.15,1675646
2026-08-13 21:23:18.655976,INFY,1547.07,10590,1546.3,1299733,1547.84,2055292
2026-08-13 21:23:18.672239,PENNYSTOCK,14.64,12426,14.59,2347097,14.69,2007992
2026-08-13 21:23:33.407553,IDFCFIRSTB,72.23,13142,72.18,1744838,72.28,1654433
2026-08-13 21:23:33.437009,SUZLON,54.55,1730,54.5,1508841,54.6,1265626
2026-08-13 21:23:33.439007,GMRINFRA,89.24,4372,89.19,2357838,89.29,2323481
2026-08-13 21:23:33.455738,SOUTHBANK,34.87,10180,34.82,2264510,34.92,2325091
2026-08-13 21:23:33.472771,IRB,64.02,4841,63.97,1557682,64.07,1825316
2026-08-13 21:23:33.489827,HFCL,122.73,6032,122.67,2109070,122.79,1672208
2026-08-13 21:23:33.508422,NMDC,235.12,10717,235.0,1726356,235.24,2251985
2026-08-13 21:23:33.522350,TATAPOWER,445.82,11683,445.6,1068665,446.04,1516278
2026-08-13 21:23:33.554661,BHEL,315.88,2951,315.72,1265142,316.04,1849967
2026-08-13 21:23:33.569298,HUDCO,203.0,10996,202.9,1666684,203.1,2173915
2026-08-13 21:23:33.572620,PNB,117.63,8540,117.57,1790140,117.69,1982847
2026-08-13 21:23:33.589136,NHPC,98.1,8088,98.05,2305198,98.15,1231503
2026-08-13 21:23:33.606099,SMALLCAP1,47.12,4536,47.07,15359,47.17,19151
2026-08-13 21:23:33.622314,RELIANCE,3021.23,12999,3019.72,1156512,3022.74,1822292
2026-08-13 21:23:33.639793,TCS,3844.18,8837,3842.26,1223657,3846.1,1599421
2026-08-13 21:23:33.655976,INFY,1544.63,14349,1543.86,2267615,1545.4,1895357
2026-08-13 21:23:33.672239,PENNYSTOCK,14.64,7199,14.59,1608382,14.69,2329153
2026-08-13 21:23:48.407553,IDFCFIRSTB,72.39,4089,72.34,2242614,72.44,1248966
2026-08-13 21:23:48.437009,SUZLON,54.5,13974,54.45,1507749,54.55,1346458
2026-08-13 21:23:48.439007,GMRINFRA,88.97,13487,88.92,2485252,89.02,1330732
2026-08-13 21:23:48.455738,SOUTHBANK,34.81,11274,34.76,1881257,34.86,1280972
2026-08-13 21:23:48.472771,IRB,64.23,3518,64.18,2119566,64.28,1453850
2026-08-13 21:23:48.489827,HFCL,122.83,13873,122.77,1585396,122.89,2114913
2026-08-13 21:23:48.508422,NMDC,235.59,9868,235.47,1813847,235.71,1781859
2026-08-13 21:23:48.522350,TATAPOWER,445.46,6554,445.24,1780169,445.68,2032414
2026-08-13 21:23:48.554661,BHEL,316.44,2684,316.28,1503312,316.6,1205549
2026-08-13 21:23:48.569298,HUDCO,202.96,9293,202.86,1283059,203.06,1453457
2026-08-13 21:23:48.572620,PNB,117.47,12465,117.41,1128088,117.53,1659654
2026-08-13 21:23:48.589136,NHPC,98.16,2114,98.11,1753774,98.21,1206896
2026-08-13 21:23:48.606099,SMALLCAP1,47.19,642,47.14,16548,47.24,24677
2026-08-13 21:23:48.622314,RELIANCE,3019.21,14396,3017.7,1106149,3020.72,1072443
2026-08-13 21:23:48.639793,TCS,3839.02,4566,3837.1,1626474,3840.94,1894150
2026-08-13 21:23:48.655976,INFY,1542.94,11244,1542.17,1674881,1543.71,2117829
2026-08-13 21:23:48.672239,PENNYSTOCK,14.66,46235,14.61,1271058,14.71,1274134
2026-08-13 21:24:03.407553,IDFCFIRSTB,72.66,14733,72.61,1759294,72.71,2431434
2026-08-13 21:24:03.437009,SUZLON,54.54,5504,54.49,2016206,54.59,1973330
2026-08-13 21:24:03.439007,GMRINFRA,88.96,11997,88.91,1947699,89.01,1744341
2026-08-13 21:24:03.455738,SOUTHBANK,34.84,10394,34.79,1925261,34.89,1275381
2026-08-13 21:24:03.472771,IRB,64.16,106330,64.11,1161941,64.21,2054900
2026-08-13 21:24:03.489827,HFCL,122.75,12430,122.69,2301124,122.81,1793990
2026-08-13 21:24:03.508422,NMDC,235.47,14139,235.35,1232087,235.59,1367546
2026-08-13 21:24:03.522350,TATAPOWER,444.63,9614,444.41,1587415,444.85,1542718
2026-08-13 21:24:03.554661,BHEL,316.93,6307,316.77,2110940,317.09,1299681
2026-08-13 21:24:03.569298,HUDCO,202.48,11545,202.38,1085856,202.58,1164669
2026-08-13 21:24:03.572620,PNB,117.48,4132,117.42,1622146,117.54,2145712
2026-08-13 21:24:03.589136,NHPC,97.97,9623,97.92,2162697,98.02,1242580
2026-08-13 21:24:03.606099,SMALLCAP1,47.15,224,47.1,18071,47.2,10787
2026-08-13 21:24:03.622314,RELIANCE,3029.8,4925,3028.29,1949369,3031.31,2346271
2026-08-13 21:24:03.639793,TCS,3841.52,13405,3839.6,1844364,3843.44,1580091
2026-08-13 21:24:03.655976,INFY,1542.06,4817,1541.29,1861582,1542.83,2197780
2026-08-13 21:24:03.672239,PENNYSTOCK,14.69,1171,14.64,1933980,14.74,1253088
2026-08-13 21:24:18.407553,IDFCFIRSTB,72.64,10321,72.59,2151718,72.69,1673203
2026-08-13 21:24:18.437009,SUZLON,54.63,5641,54.58,2179395,54.68,1995653
2026-08-13 21:24:18.439007,GMRINFRA,88.87,11381,88.82,1295078,88.92,2103995
2026-08-13 21:24:18.455738,SOUTHBANK,34.8,7839,34.75,2414631,34.85,1299744
2026-08-13 21:24:18.472771,IRB,64.22,674,64.17,1404191,64.27,1661611
2026-08-13 21:24:18.489827,HFCL,122.88,3032,122.82,1563388,122.94,1391729
2026-08-13 21:24:18.508422,NMDC,235.21,597,235.09,2112238,235.33,2079518
2026-08-13 21:24:18.522350,TATAPOWER,445.32,8046,445.1,1587306,445.54,2090914
2026-08-13 21:24:18.554661,BHEL,317.1,6676,316.94,1375696,317.26,1652651
2026-08-13 21:24:18.569298,HUDCO,202.25,7285,202.15,2347449,202.35,1565108
2026-08-13 21:24:18.572620,PNB,117.34,118096,117.28,2494985,117.4,1343740
2026-08-13 21:24:18.589136,NHPC,97.92,8163,97.87,1650230,97.97,1414955
2026-08-13 21:24:18.606099,SMALLCAP1,47.1,582,47.05,17181,47.15,19742
2026-08-13 21:24:18.622314,RELIANCE,3029.48,7518,3027.97,1276994,3030.99,2184659
2026-08-13 21:24:18.639793,TCS,3848.35,7298,3846.43,1171310,3850.27,1814963
2026-08-13 21:24:18.655976,INFY,1543.59,580,1542.82,1742527,1544.36,1611799
2026-08-13 21:24:18.672239,PENNYSTOCK,14.69,11733,14.64,2022910,14.74,1955493
2026-08-13 21:24:33.407553,IDFCFIRSTB,72.52,12757,72.47,1795865,72.57,2054739
2026-08-13 21:24:33.437009,SUZLON,54.69,13495,54.64,2324021,54.74,1303787
2026-08-13 21:24:33.439007,GMRINFRA,88.73,1266,88.68,2496294,88.78,2402555
2026-08-13 21:24:33.455738,SOUTHBANK,34.8,9411,34.75,1899423,34.85,1922524
2026-08-13 21:24:33.472771,IRB,64.06,2376,64.01,1681727,64.11,1300963
2026-08-13 21:24:33.489827,HFCL,122.74,4978,122.68,1737678,122.8,2496902
2026-08-13 21:24:33.508422,NMDC,235.09,4437,234.97,1511210,235.21,1405118
2026-08-13 21:24:33.522350,TATAPOWER,445.87,13801,445.65,2073557,446.09,1565388
2026-08-13 21:24:33.554661,BHEL,317.27,19110,317.11,2373140,317.43,2158677
2026-08-13 21:24:33.569298,HUDCO,202.12,12445,202.02,1160835,202.22,1393237
2026-08-13 21:24:33.572620,PNB,117.47,5217,117.41,1884466,117.53,1837093
2026-08-13 21:24:33.589136,NHPC,98.1,9710,98.05,1766571,98.15,1350135
2026-08-13 21:24:33.606099,SMALLCAP1,47.18,528,47.13,8001,47.23,13911
2026-08-13 21:24:33.622314,RELIANCE,3034.35,856,3032.83,1237450,3035.87,2442762
2026-08-13 21:24:33.639793,TCS,3853.76,10807,3851.83,1905782,3855.69,1197362
2026-08-13 21:24:33.655976,INFY,1541.71,13276,1540.94,1754489,1542.48,1095928
2026-08-13 21:24:33.672239,PENNYSTOCK,14.71,10679,14.66,2141031,14.76,2374095
2026-08-13 21:24:48.407553,IDFCFIRSTB,72.47,2414,72.42,2264661,72.52,1324668
2026-08-13 21:24:48.437009,SUZLON,54.74,2685,54.69,1640001,54.79,2480682
2026-08-13 21:24:48.439007,GMRINFRA,88.63,6127,88.58,1865712,88.68,2484092
2026-08-13 21:24:48.455738,SOUTHBANK,34.79,1159,34.74,2401089,34.84,2394901
2026-08-13 21:24:48.472771,IRB,64.09,4105,64.04,1114822,64.14,1541843
2026-08-13 21:24:48.489827,HFCL,122.98,14829,122.92,1841431,123.04,2185052
2026-08-13 21:24:48.508422,NMDC,235.17,10216,235.05,2019235,235.29,1130994
2026-08-13 21:24:48.522350,TATAPOWER,445.63,3559,445.41,1215544,445.85,1053799
2026-08-13 21:24:48.554661,BHEL,317.52,6165,317.36,1228979,317.68,1179608
2026-08-13 21:24:48.569298,HUDCO,202.6,1879,202.5,2428544,202.7,2157127
2026-08-13 21:24:48.572620,PNB,117.57,10966,117.51,1202717,117.63,1433115
2026-08-13 21:24:48.589136,NHPC,97.97,8342,97.92,1846202,98.02,2130750
2026-08-13 21:24:48.606099,SMALLCAP1,47.09,472,47.04,21479,47.14,15566
2026-08-13 21:24:48.622314,RELIANCE,3036.42,11842,3034.9,1624567,3037.94,2033966
2026-08-13 21:24:48.639793,TCS,3859.15,628,3857.22,1891171,3861.08,1427640
2026-08-13 21:24:48.655976,INFY,1542.29,5851,1541.52,1680357,1543.06,1419158
2026-08-13 21:24:48.672239,PENNYSTOCK,14.72,11688,14.67,2158368,14.77,1997410
2026-08-13 21:25:03.407553,IDFCFIRSTB,72.59,2797,72.54,1097393,72.64,1763993
2026-08-13 21:25:03.437009,SUZLON,54.9,4687,54.85,1944887,54.95,1540998
2026-08-13 21:25:03.439007,GMRINFRA,88.87,14237,88.82,1610041,88.92,2169912
2026-08-13 21:25:03.455738,SOUTHBANK,34.87,7687,34.82,1915359,34.92,1100221
2026-08-13 21:25:03.472771,IRB,64.39,6576,64.34,1983831,64.44,1728237
2026-08-13 21:25:03.489827,HFCL,123.41,9216,123.35,1706758,123.47,1065576
2026-08-13 21:25:03.508422,NMDC,235.59,4710,235.47,2334124,235.71,1634093
2026-08-13 21:25:03.522350,TATAPOWER,446.17,3742,445.95,1695639,446.39,2032123
2026-08-13 21:25:03.554661,BHEL,317.3,2207,317.14,2299000,317.46,1732325
2026-08-13 21:25:03.569298,HUDCO,202.31,7288,202.21,1867035,202.41,2364653
2026-08-13 21:25:03.572620,PNB,117.68,3480,117.62,1116273,117.74,1399656
2026-08-13 21:25:03.589136,NHPC,98.14,7782,98.09,1372021,98.19,2100635
2026-08-13 21:25:03.606099,SMALLCAP1,47.14,62,47.09,10947,47.19,14715
2026-08-13 21:25:03.622314,RELIANCE,3036.18,11890,3034.66,1271923,3037.7,1059343
2026-08-13 21:25:03.639793,TCS,3856.02,3972,3854.09,1953406,3857.95,1692597
2026-08-13 21:25:03.655976,INFY,1543.81,12140,1543.04,2393255,1544.58,1471145
2026-08-13 21:25:03.672239,PENNYSTOCK,14.73,9709,14.68,1381600,14.78,2457158
2026-08-13 21:25:18.407553,IDFCFIRSTB,72.7,1271,72.65,2414467,72.75,2127458
2026-08-13 21:25:18.437009,SUZLON,55.0,3333,54.95,1484661,55.05,1969036
2026-08-13 21:25:18.439007,GMRINFRA,88.92,3928,88.87,1910950,88.97,1757017
2026-08-13 21:25:18.455738,SOUTHBANK,34.91,13070,34.86,1926903,34.96,1294250
2026-08-13 21:25:18.472771,IRB,64.35,4971,64.3,2484970,64.4,2348718
2026-08-13 21:25:18.489827,HFCL,123.26,13444,123.2,1623283,123.32,2386853
2026-08-13 21:25:18.508422,NMDC,235.46,8462,235.34,1936720,235.58,1626784
2026-08-13 21:25:18.522350,TATAPOWER,446.95,7338,446.73,1346741,447.17,2323198
2026-08-13 21:25:18.554661,BHEL,317.8,133614,317.64,1062864,317.96,1431941
2026-08-13 21:25:18.569298,HUDCO,202.19,14500,202.09,1419059,202.29,2400228
2026-08-13 21:25:18.572620,PNB,118.09,2814,118.03,2353743,118.15,1718589
2026-08-13 21:25:18.589136,NHPC,98.19,12462,98.14,1788417,98.24,1877831
2026-08-13 21:25:18.606099,SMALLCAP1,47.14,213,47.09,7717,47.19,11778
2026-08-13 21:25:18.622314,RELIANCE,3043.27,3570,3041.75,1779651,3044.79,2024975
2026-08-13 21:25:18.639793,TCS,3856.55,10186,3854.62,2368925,3858.48,2156971
2026-08-13 21:25:18.655976,INFY,1541.86,9470,1541.09,1828016,1542.63,1819839
2026-08-13 21:25:18.672239,PENNYSTOCK,14.73,1399,14.68,1423288,14.78,2109696
2026-08-13 21:25:33.407553,IDFCFIRSTB,72.82,2482,72.77,2300503,72.87,2470192
2026-08-13 21:25:33.437009,SUZLON,54.98,3584,54.93,1649265,55.03,2378565
2026-08-13 21:25:33.439007,GMRINFRA,88.89,4033,88.84,1491399,88.94,2260228
2026-08-13 21:25:33.455738,SOUTHBANK,34.89,9352,34.84,1383154,34.94,1528746
2026-08-13 21:25:33.472771,IRB,64.39,1484,64.34,1901053,64.44,1848467
2026-08-13 21:25:33.489827,HFCL,123.42,7124,123.36,2233376,123.48,2160226
2026-08-13 21:25:33.508422,NMDC,235.03,6505,234.91,1501422,235.15,1861090
2026-08-13 21:25:33.522350,TATAPOWER,448.44,1225,448.22,1922276,448.66,1290174
2026-08-13 21:25:33.554661,BHEL,317.52,13717,317.36,1542158,317.68,1103514
2026-08-13 21:25:33.569298,HUDCO,201.98,65864,201.88,1633101,202.08,2114911
2026-08-13 21:25:33.572620,PNB,118.16,6996,118.1,1553432,118.22,1291138
2026-08-13 21:25:33.589136,NHPC,98.12,3541,98.07,1998463,98.17,1139953
2026-08-13 21:25:33.606099,SMALLCAP1,47.16,935,47.11,11001,47.21,7758
2026-08-13 21:25:33.622314,RELIANCE,3035.01,5969,3033.49,2341859,3036.53,1059197
2026-08-13 21:25:33.639793,TCS,3846.5,1451,3844.58,1069987,3848.42,1199228
2026-08-13 21:25:33.655976,INFY,1539.97,3665,1539.2,2117468,1540.74,1737280
2026-08-13 21:25:33.672239,PENNYSTOCK,14.75,8438,14.7,1198362,14.8,1395003
2026-08-13 21:25:48.407553,IDFCFIRSTB,72.91,9088,72.86,2202461,72.96,1092859
2026-08-13 21:25:48.437009,SUZLON,54.88,12824,54.83,2237859,54.93,1945100
2026-08-13 21:25:48.439007,GMRINFRA,88.84,3861,88.79,1081913,88.89,2021530
2026-08-13 21:25:48.455738,SOUTHBANK,34.88,9552,34.83,2140768,34.93,2065549
2026-08-13 21:25:48.472771,IRB,64.19,9083,64.14,2245306,64.24,1591107
2026-08-13 21:25:48.489827,HFCL,123.67,8770,123.61,1990699,123.73,1535000
2026-08-13 21:25:48.508422,NMDC,235.16,13613,235.04,1093689,235.28,1790616
2026-08-13 21:25:48.522350,TATAPOWER,448.78,1626,448.56,1692892,449.0,1635114
2026-08-13 21:25:48.554661,BHEL,317.31,114640,317.15,1616835,317.47,1785612
2026-08-13 21:25:48.569298,HUDCO,201.9,14070,201.8,2038214,202.0,1615713
2026-08-13 21:25:48.572620,PNB,118.2,2808,118.14,1781054,118.26,1493628
2026-08-13 21:25:48.589136,NHPC,98.35,3449,98.3,1472337,98.4,1062771
2026-08-13 21:25:48.606099,SMALLCAP1,47.34,875,47.29,19210,47.39,21090
2026-08-13 21:25:48.622314,RELIANCE,3038.5,3031,3036.98,1124531,3040.02,1075013
2026-08-13 21:25:48.639793,TCS,3844.55,14605,3842.63,1528084,3846.47,1739331
2026-08-13 21:25:48.655976,INFY,1538.66,13257,1537.89,2383239,1539.43,1476655
2026-08-13 21:25:48.672239,PENNYSTOCK,14.76,10976,14.71,1637497,14.81,1974785
2026-08-13 21:26:03.407553,IDFCFIRSTB,72.84,12204,72.79,2157204,72.89,2252172
2026-08-13 21:26:03.437009,SUZLON,54.79,3613,54.74,2066789,54.84,1240062
2026-08-13 21:26:03.439007,GMRINFRA,88.91,9614,88.86,1765124,88.96,1787153
2026-08-13 21:26:03.455738,SOUTHBANK,34.93,9882,34.88,1716003,34.98,1991842
2026-08-13 21:26:03.472771,IRB,64.21,878,64.16,2488388,64.26,1999279
2026-08-13 21:26:03.489827,HFCL,123.53,8466,123.47,2495984,123.59,1299748
2026-08-13 21:26:03.508422,NMDC,235.59,14028,235.47,1981201,235.71,1519354
2026-08-13 21:26:03.522350,TATAPOWER,449.53,9257,449.31,1111452,449.75,1674848
2026-08-13 21:26:03.554661,BHEL,317.64,1043,317.48,2198306,317.8,2493835
2026-08-13 21:26:03.569298,HUDCO,201.97,5413,201.87,1761923,202.07,2137220
2026-08-13 21:26:03.572620,PNB,118.49,4588,118.43,1331920,118.55,2288625
2026-08-13 21:26:03.589136,NHPC,98.35,2203,98.3,1913232,98.4,1201376
2026-08-13 21:26:03.606099,SMALLCAP1,47.44,696,47.39,15457,47.49,6179
2026-08-13 21:26:03.622314,RELIANCE,3035.15,14859,3033.63,1392885,3036.67,1465341
2026-08-13 21:26:03.639793,TCS,3847.99,13278,3846.07,1941072,3849.91,1896432
2026-08-13 21:26:03.655976,INFY,1538.64,14067,1537.87,2180330,1539.41,1439063
2026-08-13 21:26:03.672239,PENNYSTOCK,14.77,6743,14.72,2447933,14.82,1351283
2026-08-13 21:26:18.407553,IDFCFIRSTB,72.79,6618,72.74,1654103,72.84,2143679
2026-08-13 21:26:18.437009,SUZLON,54.8,10960,54.75,1161480,54.85,1090408
2026-08-13 21:26:18.439007,GMRINFRA,89.15,1845,89.1,1416785,89.2,1437358
2026-08-13 21:26:18.455738,SOUTHBANK,34.94,10569,34.89,1647858,34.99,2179058
2026-08-13 21:26:18.472771,IRB,64.27,11114,64.22,1767539,64.32,1079915
2026-08-13 21:26:18.489827,HFCL,123.32,9673,123.26,1707204,123.38,1951841
2026-08-13 21:26:18.508422,NMDC,235.28,8685,235.16,1892365,235.4,2317220
2026-08-13 21:26:18.522350,TATAPOWER,449.13,9075,448.91,1171157,449.35,1496149
2026-08-13 21:26:18.554661,BHEL,318.37,5625,318.21,1708881,318.53,2419501
2026-08-13 21:26:18.569298,HUDCO,201.8,1208,201.7,1687657,201.9,1973507
2026-08-13 21:26:18.572620,PNB,118.77,4200,118.71,2129784,118.83,1051696
2026-08-13 21:26:18.589136,NHPC,98.37,14391,98.32,1274980,98.42,1783390
2026-08-13 21:26:18.606099,SMALLCAP1,47.46,572,47.41,7688,47.51,8569
2026-08-13 21:26:18.622314,RELIANCE,3028.59,664,3027.08,1568591,3030.1,2060378
2026-08-13 21:26:18.639793,TCS,3844.41,5733,3842.49,1107560,3846.33,1488389
2026-08-13 21:26:18.655976,INFY,1537.11,11871,1536.34,2438580,1537.88,2259865
2026-08-13 21:26:18.672239,PENNYSTOCK,14.78,8250,14.73,2292380,14.83,1509007
2026-08-13 21:26:33.407553,IDFCFIRSTB,72.93,3661,72.88,2011475,72.98,2134776
2026-08-13 21:26:33.437009,SUZLON,54.7,10367,54.65,1386295,54.75,1891630
2026-08-13 21:26:33.439007,GMRINFRA,89.21,14465,89.16,1316127,89.26,1176172
2026-08-13 21:26:33.455738,SOUTHBANK,34.95,3944,34.9,1097708,35.0,2487816
2026-08-13 21:26:33.472771,IRB,64.33,13326,64.28,1684487,64.38,2315437
2026-08-13 21:26:33.489827,HFCL,123.26,9132,123.2,1605645,123.32,1268997
2026-08-13 21:26:33.508422,NMDC,235.12,12431,235.0,1210914,235.24,2368586
2026-08-13 21:26:33.522350,TATAPOWER,449.04,14476,448.82,1175059,449.26,1213374
2026-08-13 21:26:33.554661,BHEL,318.85,7033,318.69,1313942,319.01,2229173
2026-08-13 21:26:33.569298,HUDCO,202.44,14523,202.34,2353589,202.54,1216032
2026-08-13 21:26:33.572620,PNB,118.87,621,118.81,1085475,118.93,1717266
2026-08-13 21:26:33.589136,NHPC,98.51,9012,98.46,2164611,98.56,1432623
2026-08-13 21:26:33.606099,SMALLCAP1,47.42,300,47.37,13005,47.47,23369
2026-08-13 21:26:33.622314,RELIANCE,3024.28,12236,3022.77,1470576,3025.79,1665513
2026-08-13 21:26:33.639793,TCS,3834.75,2755,3832.83,1585938,3836.67,1222221
2026-08-13 21:26:33.655976,INFY,1537.12,11687,1536.35,2036304,1537.89,1497816
2026-08-13 21:26:33.672239,PENNYSTOCK,14.81,3238,14.76,2026052,14.86,2157202
2026-08-13 21:26:48.407553,IDFCFIRSTB,72.85,8211,72.8,2087824,72.9,1924563
2026-08-13 21:26:48.437009,SUZLON,54.82,3616,54.77,1664868,54.87,2253446
2026-08-13 21:26:48.439007,GMRINFRA,89.4,13719,89.35,1509312,89.45,1877827
2026-08-13 21:26:48.455738,SOUTHBANK,34.99,9030,34.94,1931776,35.04,1114434
2026-08-13 21:26:48.472771,IRB,64.41,8414,64.36,1993052,64.46,1216669
2026-08-13 21:26:48.489827,HFCL,123.01,12121,122.95,1620899,123.07,1062825
2026-08-13 21:26:48.508422,NMDC,235.47,5630,235.35,2343997,235.59,1255915
2026-08-13 21:26:48.522350,TATAPOWER,448.23,7863,448.01,1865916,448.45,2093851
2026-08-13 21:26:48.554661,BHEL,318.29,3378,318.13,1283357,318.45,2303768
2026-08-13 21:26:48.569298,HUDCO,202.24,1923,202.14,1140590,202.34,1109446
2026-08-13 21:26:48.572620,PNB,118.79,22022,118.73,1112695,118.85,1300680
2026-08-13 21:26:48.589136,NHPC,98.62,93944,98.57,1967913,98.67,2006701
2026-08-13 21:26:48.606099,SMALLCAP1,47.41,131,47.36,5968,47.46,16433
2026-08-13 21:26:48.622314,RELIANCE,3014.5,92631,3012.99,1071201,3016.01,2490521
2026-08-13 21:26:48.639793,TCS,3832.4,10270,3830.48,1851816,3834.32,1213957
2026-08-13 21:26:48.655976,INFY,1538.99,13168,1538.22,2414090,1539.76,1663193
2026-08-13 21:26:48.672239,PENNYSTOCK,14.83,134189,14.78,2067787,14.88,1179168
2026-08-13 21:27:03.407553,IDFCFIRSTB,72.9,5834,72.85,1188084,72.95,1911243
2026-08-13 21:27:03.437009,SUZLON,54.85,4253,54.8,2365806,54.9,2074262
2026-08-13 21:27:03.439007,GMRINFRA,89.45,7177,89.4,2214591,89.5,1729417
2026-08-13 21:27:03.455738,SOUTHBANK,35.04,1379,34.99,2497324,35.09,2112104
2026-08-13 21:27:03.472771,IRB,64.33,1252,64.28,2094048,64.38,2003986
2026-08-13 21:27:03.489827,HFCL,122.78,11202,122.72,2491574,122.84,2132763
2026-08-13 21:27:03.508422,NMDC,235.58,12666,235.46,1842201,235.7,1567915
2026-08-13 21:27:03.522350,TATAPOWER,448.52,12259,448.3,2077735,448.74,2247528
2026-08-13 21:27:03.554661,BHEL,318.74,1376,318.58,1259878,318.9,1818985
2026-08-13 21:27:03.569298,HUDCO,202.18,3146,202.08,1055362,202.28,2013148
2026-08-13 21:27:03.572620,PNB,118.87,10951,118.81,1381351,118.93,2382080
2026-08-13 21:27:03.589136,NHPC,98.51,11667,98.46,1447645,98.56,1311034
2026-08-13 21:27:03.606099,SMALLCAP1,47.5,687,47.45,8242,47.55,12091
2026-08-13 21:27:03.622314,RELIANCE,3014.99,2875,3013.48,1339550,3016.5,1727093
2026-08-13 21:27:03.639793,TCS,3835.47,2852,3833.55,1408638,3837.39,1281421
2026-08-13 21:27:03.655976,INFY,1543.95,13816,1543.18,2097041,1544.72,2479543
2026-08-13 21:27:03.672239,PENNYSTOCK,14.82,11192,14.77,1408006,14.87,2077235
2026-08-13 21:27:18.407553,IDFCFIRSTB,72.88,2753,72.83,1527449,72.93,2498771
2026-08-13 21:27:18.437009,SUZLON,54.71,2879,54.66,1439281,54.76,1871870
2026-08-13 21:27:18.439007,GMRINFRA,89.3,9579,89.25,1852134,89.35,2426242
2026-08-13 21:27:18.455738,SOUTHBANK,34.94,14419,34.89,1867652,34.99,1433691
2026-08-13 21:27:18.472771,IRB,64.14,716,64.09,2074553,64.19,1658826
2026-08-13 21:27:18.489827,HFCL,122.53,1478,122.47,2052544,122.59,2080337
2026-08-13 21:27:18.508422,NMDC,235.27,14615,235.15,1788740,235.39,1611424
2026-08-13 21:27:18.522350,TATAPOWER,448.82,1657,448.6,1709004,449.04,2352235
2026-08-13 21:27:18.554661,BHEL,319.72,35602,319.56,2050415,319.88,1068379
2026-08-13 21:27:18.569298,HUDCO,202.36,10739,202.26,1792984,202.46,1252974
2026-08-13 21:27:18.572620,PNB,118.82,526,118.76,1748955,118.88,1412248
2026-08-13 21:27:18.589136,NHPC,98.29,3243,98.24,2489525,98.34,2311306
2026-08-13 21:27:18.606099,SMALLCAP1,47.48,721,47.43,16065,47.53,21410
2026-08-13 21:27:18.622314,RELIANCE,3016.34,6151,3014.83,1215001,3017.85,1294494
2026-08-13 21:27:18.639793,TCS,3830.44,12456,3828.52,1308241,3832.36,2357065
2026-08-13 21:27:18.655976,INFY,1543.13,10176,1542.36,2432299,1543.9,1351761
2026-08-13 21:27:18.672239,PENNYSTOCK,14.8,58440,14.75,1527621,14.85,1880738
2026-08-13 21:27:33.407553,IDFCFIRSTB,72.85,5869,72.8,1956865,72.9,1360932
2026-08-13 21:27:33.437009,SUZLON,54.64,7398,54.59,1259046,54.69,1464955
2026-08-13 21:27:33.439007,GMRINFRA,89.16,4109,89.11,1489164,89.21,1395680
2026-08-13 21:27:33.455738,SOUTHBANK,35.01,4191,34.96,2431300,35.06,2136758
2026-08-13 21:27:33.472771,IRB,64.22,9525,64.17,1782543,64.27,1446823
2026-08-13 21:27:33.489827,HFCL,122.31,10978,122.25,1433349,122.37,1244124
2026-08-13 21:27:33.508422,NMDC,235.24,14931,235.12,1362334,235.36,1387773
2026-08-13 21:27:33.522350,TATAPOWER,448.7,9605,448.48,2159315,448.92,2298612
2026-08-13 21:27:33.554661,BHEL,320.49,4840,320.33,2005548,320.65,1590767
2026-08-13 21:27:33.569298,HUDCO,202.11,2737,202.01,1421067,202.21,1473414
2026-08-13 21:27:33.572620,PNB,119.12,1655,119.06,2037094,119.18,2312488
2026-08-13 21:27:33.589136,NHPC,98.54,11485,98.49,2101133,98.59,1439938
2026-08-13 21:27:33.606099,SMALLCAP1,47.46,999,47.41,20267,47.51,7378
2026-08-13 21:27:33.622314,RELIANCE,3023.35,5499,3021.84,1796337,3024.86,1668549
2026-08-13 21:27:33.639793,TCS,3822.74,8590,3820.83,1987536,3824.65,1459900
2026-08-13 21:27:33.655976,INFY,1541.25,4292,1540.48,1915111,1542.02,1146738
2026-08-13 21:27:33.672239,PENNYSTOCK,14.81,9436,14.76,2036405,14.86,2017764
2026-08-13 21:27:48.407553,IDFCFIRSTB,72.83,4540,72.78,1467762,72.88,1177894
2026-08-13 21:27:48.437009,SUZLON,54.72,9373,54.67,2184979,54.77,2449709
2026-08-13 21:27:48.439007,GMRINFRA,89.17,4985,89.12,1986920,89.22,2211527
2026-08-13 21:27:48.455738,SOUTHBANK,35.05,11567,35.0,1866289,35.1,1554601
2026-08-13 21:27:48.472771,IRB,64.07,778,64.02,1855599,64.12,1261980
2026-08-13 21:27:48.489827,HFCL,122.09,11164,122.03,1396087,122.15,1451586
2026-08-13 21:27:48.508422,NMDC,235.01,4466,234.89,1602081,235.13,2489299
2026-08-13 21:27:48.522350,TATAPOWER,448.93,8535,448.71,2452401,449.15,1181665
2026-08-13 21:27:48.554661,BHEL,320.48,2292,320.32,1343491,320.64,1055814
2026-08-13 21:27:48.569298,HUDCO,201.82,3889,201.72,1245900,201.92,2190829
2026-08-13 21:27:48.572620,PNB,119.1,1394,119.04,1583734,119.16,2155728
2026-08-13 21:27:48.589136,NHPC,98.66,6944,98.61,2429947,98.71,1210407
2026-08-13 21:27:48.606099,SMALLCAP1,47.52,7580,47.47,21767,47.57,14796
2026-08-13 21:27:48.622314,RELIANCE,3021.39,953,3019.88,1267340,3022.9,2132999
2026-08-13 21:27:48.639793,TCS,3832.03,980,3830.11,1096129,3833.95,1552435
2026-08-13 21:27:48.655976,INFY,1541.0,10832,1540.23,2104124,1541.77,1932688
2026-08-13 21:27:48.672239,PENNYSTOCK,14.8,14684,14.75,1309871,14.85,2018872
2026-08-13 21:28:03.407553,IDFCFIRSTB,72.78,5203,72.73,1789840,72.83,1957994
2026-08-13 21:28:03.437009,SUZLON,54.73,1220,54.68,1475088,54.78,1736503
2026-08-13 21:28:03.439007,GMRINFRA,89.2,3170,89.15,1706870,89.25,2326103
2026-08-13 21:28:03.455738,SOUTHBANK,35.07,11192,35.02,1094571,35.12,1598572
2026-08-13 21:28:03.472771,IRB,64.05,3556,64.0,1506267,64.1,1473941
2026-08-13 21:28:03.489827,HFCL,121.87,7393,121.81,1097111,121.93,1595321
2026-08-13 21:28:03.508422,NMDC,235.29,12290,235.17,2335797,235.41,2372053
2026-08-13 21:28:03.522350,TATAPOWER,448.73,2537,448.51,2293924,448.95,1864971
2026-08-13 21:28:03.554661,BHEL,320.61,12912,320.45,1767377,320.77,1312647
2026-08-13 21:28:03.569298,HUDCO,202.09,14590,201.99,1347660,202.19,2081471
2026-08-13 21:28:03.572620,PNB,119.09,909,119.03,2317970,119.15,1276862
2026-08-13 21:28:03.589136,NHPC,98.49,3932,98.44,1092558,98.54,1777106
2026-08-13 21:28:03.606099,SMALLCAP1,47.55,482,47.5,9837,47.6,13653
2026-08-13 21:28:03.622314,RELIANCE,3022.24,12113,3020.73,1513691,3023.75,1769215
2026-08-13 21:28:03.639793,TCS,3831.42,14026,3829.5,1549345,3833.34,1159144
2026-08-13 21:28:03.655976,INFY,1540.6,9057,1539.83,2247635,1541.37,2316433
2026-08-13 21:28:03.672239,PENNYSTOCK,14.8,4584,14.75,1170799,14.85,2430868
2026-08-13 21:28:18.407553,IDFCFIRSTB,72.76,12437,72.71,1754583,72.81,1256703
2026-08-13 21:28:18.437009,SUZLON,54.51,2980,54.46,2450281,54.56,1089925
2026-08-13 21:28:18.439007,GMRINFRA,88.98,2338,88.93,1260119,89.03,1876911
2026-08-13 21:28:18.455738,SOUTHBANK,35.16,10785,35.11,1321144,35.21,1194378
2026-08-13 21:28:18.472771,IRB,64.12,14589,64.07,1977859,64.17,2028152
2026-08-13 21:28:18.489827,HFCL,121.76,14558,121.7,1828460,121.82,1283358
2026-08-13 21:28:18.508422,NMDC,235.16,5182,235.04,2220867,235.28,2267363
2026-08-13 21:28:18.522350,TATAPOWER,450.16,12463,449.93,1169520,450.39,1424172
2026-08-13 21:28:18.554661,BHEL,320.35,1925,320.19,1425470,320.51,2388710
2026-08-13 21:28:18.569298,HUDCO,201.88,6500,201.78,2499356,201.98,1792783
2026-08-13 21:28:18.572620,PNB,119.17,5444,119.11,2172249,119.23,2199587
2026-08-13 21:28:18.589136,NHPC,98.4,12798,98.35,1521406,98.45,1816032
2026-08-13 21:28:18.606099,SMALLCAP1,47.55,586,47.5,15275,47.6,9566
2026-08-13 21:28:18.622314,RELIANCE,3020.91,11409,3019.4,1983434,3022.42,1286953
2026-08-13 21:28:18.639793,TCS,3836.8,14316,3834.88,1201800,3838.72,1893071
2026-08-13 21:28:18.655976,INFY,1545.58,6494,1544.81,2499389,1546.35,1798510
2026-08-13 21:28:18.672239,PENNYSTOCK,14.76,14579,14.71,1056684,14.81,2091209
2026-08-13 21:28:33.407553,IDFCFIRSTB,72.55,10934,72.5,1620648,72.6,2293770
2026-08-13 21:28:33.437009,SUZLON,54.44,4569,54.39,1189874,54.49,1560384
2026-08-13 21:28:33.439007,GMRINFRA,89.06,14139,89.01,1863741,89.11,2273220
2026-08-13 21:28:33.455738,SOUTHBANK,35.15,6484,35.1,1726529,35.2,1559933
2026-08-13 21:28:33.472771,IRB,63.96,4704,63.91,2258158,64.01,2143918
2026-08-13 21:28:33.489827,HFCL,121.89,6024,121.83,1679695,121.95,2209388
2026-08-13 21:28:33.508422,NMDC,235.78,11192,235.66,2420052,235.9,2034514
2026-08-13 21:28:33.522350,TATAPOWER,451.32,14436,451.09,2263627,451.55,2267340
2026-08-13 21:28:33.554661,BHEL,320.72,7569,320.56,1489396,320.88,1939264
2026-08-13 21:28:33.569298,HUDCO,201.62,1236,201.52,1854548,201.72,2171327
2026-08-13 21:28:33.572620,PNB,119.42,6319,119.36,1662164,119.48,1711336
2026-08-13 21:28:33.589136,NHPC,98.47,7906,98.42,1835904,98.52,1291980
2026-08-13 21:28:33.606099,SMALLCAP1,47.66,872,47.61,10765,47.71,11299
2026-08-13 21:28:33.622314,RELIANCE,3016.7,14488,3015.19,1482894,3018.21,1852110
2026-08-13 21:28:33.639793,TCS,3842.7,12615,3840.78,2262772,3844.62,1546134
2026-08-13 21:28:33.655976,INFY,1543.39,12426,1542.62,2079030,1544.16,2147958
2026-08-13 21:28:33.672239,PENNYSTOCK,14.77,14664,14.72,1236776,14.82,2237002
2026-08-13 21:28:48.407553,IDFCFIRSTB,72.51,663,72.46,2436145,72.56,1457541
2026-08-13 21:28:48.437009,SUZLON,54.45,13212,54.4,1988916,54.5,2216855
2026-08-13 21:28:48.439007,GMRINFRA,88.88,11536,88.83,1916938,88.93,1719435
2026-08-13 21:28:48.455738,SOUTHBANK,35.13,14948,35.08,2353707,35.18,1058444
2026-08-13 21:28:48.472771,IRB,64.09,11631,64.04,1933500,64.14,1546749
2026-08-13 21:28:48.489827,HFCL,121.73,605,121.67,1879518,121.79,1143668
2026-08-13 21:28:48.508422,NMDC,235.46,6920,235.34,1434436,235.58,1401969
2026-08-13 21:28:48.522350,TATAPOWER,451.16,9191,450.93,2392476,451.39,1585952
2026-08-13 21:28:48.554661,BHEL,321.05,7806,320.89,1996558,321.21,2004082
2026-08-13 21:28:48.569298,HUDCO,201.84,6631,201.74,1614278,201.94,1810632
2026-08-13 21:28:48.572620,PNB,119.2,2778,119.14,1826478,119.26,1738880
2026-08-13 21:28:48.589136,NHPC,98.19,2238,98.14,2434051,98.24,1657520
2026-08-13 21:28:48.606099,SMALLCAP1,47.58,956,47.53,13345,47.63,20838
2026-08-13 21:28:48.622314,RELIANCE,3014.65,2696,3013.14,1681043,3016.16,1703963
2026-08-13 21:28:48.639793,TCS,3835.62,776,3833.7,2087797,3837.54,1544080
2026-08-13 21:28:48.655976,INFY,1544.83,93072,1544.06,2102922,1545.6,1723450
2026-08-13 21:28:48.672239,PENNYSTOCK,14.77,3466,14.72,2286711,14.82,2444785
2026-08-13 21:29:03.407553,IDFCFIRSTB,72.42,14728,72.37,2100132,72.47,2438521
2026-08-13 21:29:03.437009,SUZLON,54.39,4001,54.34,2455497,54.44,1654097
2026-08-13 21:29:03.439007,GMRINFRA,89.19,10895,89.14,1295907,89.24,1330418
2026-08-13 21:29:03.455738,SOUTHBANK,35.01,7588,34.96,1150769,35.06,1669570
2026-08-13 21:29:03.472771,IRB,64.11,10255,64.06,2007436,64.16,2154129
2026-08-13 21:29:03.489827,HFCL,121.94,9738,121.88,2289475,122.0,1564059
2026-08-13 21:29:03.508422,NMDC,235.04,3514,234.92,1990371,235.16,1600185
2026-08-13 21:29:03.522350,TATAPOWER,451.25,3058,451.02,1781883,451.48,1474646
2026-08-13 21:29:03.554661,BHEL,320.49,758,320.33,2029502,320.65,2254315
2026-08-13 21:29:03.569298,HUDCO,201.76,6152,201.66,1328614,201.86,1659986
2026-08-13 21:29:03.572620,PNB,119.12,2563,119.06,1797289,119.18,1296517
2026-08-13 21:29:03.589136,NHPC,98.24,9113,98.19,2114788,98.29,2098839
2026-08-13 21:29:03.606099,SMALLCAP1,47.57,778,47.52,18914,47.62,10874
2026-08-13 21:29:03.622314,RELIANCE,3016.47,14023,3014.96,1320282,3017.98,1516687
2026-08-13 21:29:03.639793,TCS,3840.27,13256,3838.35,1877637,3842.19,2265923
2026-08-13 21:29:03.655976,INFY,1545.41,12527,1544.64,2433990,1546.18,2236626
2026-08-13 21:29:03.672239,PENNYSTOCK,14.79,2761,14.74,2392396,14.84,2022770
2026-08-13 21:29:18.407553,IDFCFIRSTB,72.55,2924,72.5,1121161,72.6,1971178
2026-08-13 21:29:18.437009,SUZLON,54.28,50061,54.23,2340478,54.33,2062123
2026-08-13 21:29:18.439007,GMRINFRA,89.49,5208,89.44,1577079,89.54,2163380
2026-08-13 21:29:18.455738,SOUTHBANK,35.06,4600,35.01,1388384,35.11,1510455
2026-08-13 21:29:18.472771,IRB,64.06,6485,64.01,2182680,64.11,1137473
2026-08-13 21:29:18.489827,HFCL,122.0,12220,121.94,1653176,122.06,1915644
2026-08-13 21:29:18.508422,NMDC,234.92,3393,234.8,2346161,235.04,1244354
2026-08-13 21:29:18.522350,TATAPOWER,451.86,6823,451.63,2366217,452.09,1559788
2026-08-13 21:29:18.554661,BHEL,320.63,5568,320.47,1105010,320.79,1941109
2026-08-13 21:29:18.569298,HUDCO,201.49,2137,201.39,1865535,201.59,2427872
2026-08-13 21:29:18.572620,PNB,119.25,2063,119.19,1248009,119.31,1849096
2026-08-13 21:29:18.589136,NHPC,98.18,12883,98.13,1247245,98.23,1893634
2026-08-13 21:29:18.606099,SMALLCAP1,47.63,2275,47.58,7008,47.68,22147
2026-08-13 21:29:18.622314,RELIANCE,3017.45,5601,3015.94,2281841,3018.96,1882712
2026-08-13 21:29:18.639793,TCS,3847.44,9269,3845.52,1687892,3849.36,1515077
2026-08-13 21:29:18.655976,INFY,1543.71,4951,1542.94,1675530,1544.48,2017445
2026-08-13 21:29:18.672239,PENNYSTOCK,14.8,14024,14.75,2309367,14.85,2350535
2026-08-13 21:29:33.407553,IDFCFIRSTB,72.62,3827,72.57,1949586,72.67,2368896
2026-08-13 21:29:33.437009,SUZLON,54.42,2167,54.37,2494020,54.47,1189281
2026-08-13 21:29:33.439007,GMRINFRA,89.4,1006,89.35,1414084,89.45,1623488
2026-08-13 21:29:33.455738,SOUTHBANK,35.04,5173,34.99,2028423,35.09,2063764
2026-08-13 21:29:33.472771,IRB,64.12,14637,64.07,1232720,64.17,1609887
2026-08-13 21:29:33.489827,HFCL,122.32,8277,122.26,2329892,122.38,1659171
2026-08-13 21:29:33.508422,NMDC,234.59,2234,234.47,1465625,234.71,1797121
2026-08-13 21:29:33.522350,TATAPOWER,451.95,12516,451.72,1592577,452.18,1451070
2026-08-13 21:29:33.554661,BHEL,321.07,13803,320.91,2111809,321.23,2276040
2026-08-13 21:29:33.569298,HUDCO,201.34,9287,201.24,2466949,201.44,2179719
2026-08-13 21:29:33.572620,PNB,119.39,7906,119.33,1449516,119.45,1261396
2026-08-13 21:29:33.589136,NHPC,98.11,5629,98.06,2387362,98.16,2479254
2026-08-13 21:29:33.606099,SMALLCAP1,47.59,270,47.54,19117,47.64,9442
2026-08-13 21:29:33.622314,RELIANCE,3012.2,886,3010.69,2279869,3013.71,1149597
2026-08-13 21:29:33.639793,TCS,3848.84,101794,3846.92,2289627,3850.76,2166904
2026-08-13 21:29:33.655976,INFY,1544.84,5001,1544.07,1385881,1545.61,1725469
2026-08-13 21:29:33.672239,PENNYSTOCK,14.8,9950,14.75,2335597,14.85,1516324
2026-08-13 21:29:48.407553,IDFCFIRSTB,72.63,549,72.58,2277929,72.68,1089975
2026-08-13 21:29:48.437009,SUZLON,54.45,8668,54.4,1227154,54.5,1517887
2026-08-13 21:29:48.439007,GMRINFRA,89.4,9614,89.35,1328511,89.45,1389195
2026-08-13 21:29:48.455738,SOUTHBANK,35.12,6878,35.07,2138436,35.17,2330416
2026-08-13 21:29:48.472771,IRB,64.02,4972,63.97,1083255,64.07,1238715
2026-08-13 21:29:48.489827,HFCL,122.6,3077,122.54,2324691,122.66,2233100
2026-08-13 21:29:48.508422,NMDC,233.76,10570,233.64,1618885,233.88,1718861
2026-08-13 21:29:48.522350,TATAPOWER,451.54,12209,451.31,2381353,451.77,1478140
2026-08-13 21:29:48.554661,BHEL,320.79,11520,320.63,2258280,320.95,1182775
2026-08-13 21:29:48.569298,HUDCO,201.48,3778,201.38,1083821,201.58,1447525
2026-08-13 21:29:48.572620,PNB,119.08,5429,119.02,1502952,119.14,1623816
2026-08-13 21:29:48.589136,NHPC,98.05,9651,98.0,1063049,98.1,2427056
2026-08-13 21:29:48.606099,SMALLCAP1,47.69,402,47.64,23847,47.74,9598
2026-08-13 21:29:48.622314,RELIANCE,3007.89,7359,3006.39,1161613,3009.39,1427490
2026-08-13 21:29:48.639793,TCS,3848.95,10887,3847.03,1202604,3850.87,2412911
2026-08-13 21:29:48.655976,INFY,1544.65,2968,1543.88,2007455,1545.42,2042959
2026-08-13 21:29:48.672239,PENNYSTOCK,14.84,5395,14.79,1441019,14.89,2148938
2026-08-13 21:30:03.407553,IDFCFIRSTB,72.54,13493,72.49,1220161,72.59,2176412
2026-08-13 21:30:03.437009,SUZLON,54.37,44198,54.32,2394253,54.42,2378630
2026-08-13 21:30:03.439007,GMRINFRA,89.39,10131,89.34,1382272,89.44,2145640
2026-08-13 21:30:03.455738,SOUTHBANK,35.18,6033,35.13,1243489,35.23,2308610
2026-08-13 21:30:03.472771,IRB,63.93,3865,63.88,2083145,63.98,1731322
2026-08-13 21:30:03.489827,HFCL,122.31,10943,122.25,2129874,122.37,2096473
2026-08-13 21:30:03.508422,NMDC,234.25,7733,234.13,2321034,234.37,1356333
2026-08-13 21:30:03.522350,TATAPOWER,451.85,4290,451.62,1930804,452.08,1867490
2026-08-13 21:30:03.554661,BHEL,320.59,1658,320.43,1159947,320.75,2389422
2026-08-13 21:30:03.569298,HUDCO,201.57,14709,201.47,2046507,201.67,2465457
2026-08-13 21:30:03.572620,PNB,119.46,11663,119.4,2264591,119.52,1191588
2026-08-13 21:30:03.589136,NHPC,98.59,8512,98.54,1093015,98.64,2341207
2026-08-13 21:30:03.606099,SMALLCAP1,47.67,574,47.62,22241,47.72,14219
2026-08-13 21:30:03.622314,RELIANCE,3017.47,11534,3015.96,2310160,3018.98,1273472
2026-08-13 21:30:03.639793,TCS,3847.63,3681,3845.71,1366632,3849.55,2422222
2026-08-13 21:30:03.655976,INFY,1546.59,12348,1545.82,1190971,1547.36,1787133
2026-08-13 21:30:03.672239,PENNYSTOCK,14.81,9536,14.76,1086581,14.86,1927802
2026-08-13 21:30:18.407553,IDFCFIRSTB,72.77,8419,72.72,2313178,72.82,1338696
2026-08-13 21:30:18.437009,SUZLON,54.47,11086,54.42,2126571,54.52,1498710
2026-08-13 21:30:18.439007,GMRINFRA,89.39,3248,89.34,1233883,89.44,2225301
2026-08-13 21:30:18.455738,SOUTHBANK,35.23,3859,35.18,1983768,35.28,1352071
2026-08-13 21:30:18.472771,IRB,64.06,14150,64.01,2428591,64.11,1265304
2026-08-13 21:30:18.489827,HFCL,122.34,11234,122.28,1433386,122.4,2478659
2026-08-13 21:30:18.508422,NMDC,234.13,2576,234.01,1303293,234.25,2280710
2026-08-13 21:30:18.522350,TATAPOWER,451.75,8606,451.52,1366888,451.98,2170334
2026-08-13 21:30:18.554661,BHEL,321.14,576,320.98,1739529,321.3,2073217
2026-08-13 21:30:18.569298,HUDCO,201.18,5874,201.08,1142125,201.28,1572255
2026-08-13 21:30:18.572620,PNB,119.29,900,119.23,1073444,119.35,1176113
2026-08-13 21:30:18.589136,NHPC,98.79,14510,98.74,1475859,98.84,1508463
2026-08-13 21:30:18.606099,SMALLCAP1,47.78,406,47.73,17017,47.83,10128
2026-08-13 21:30:18.622314,RELIANCE,3016.93,2347,3015.42,1315945,3018.44,1059569
2026-08-13 21:30:18.639793,TCS,3856.41,3966,3854.48,2033909,3858.34,2348407
2026-08-13 21:30:18.655976,INFY,1545.6,5057,1544.83,1909265,1546.37,1730863
2026-08-13 21:30:18.672239,PENNYSTOCK,14.8,4457,14.75,2200238,14.85,1103682
2026-08-13 21:30:33.407553,IDFCFIRSTB,72.64,8926,72.59,1345240,72.69,1488123
2026-08-13 21:30:33.437009,SUZLON,54.38,3649,54.33,1153099,54.43,1443333
2026-08-13 21:30:33.439007,GMRINFRA,89.48,10516,89.43,1304193,89.53,1694650
2026-08-13 21:30:33.455738,SOUTHBANK,35.18,4637,35.13,1405962,35.23,1743230
2026-08-13 21:30:33.472771,IRB,64.2,9927,64.15,1563881,64.25,1644016
2026-08-13 21:30:33.489827,HFCL,122.27,8916,122.21,1854816,122.33,1456783
2026-08-13 21:30:33.508422,NMDC,234.6,1009,234.48,1946768,234.72,2152586
2026-08-13 21:30:33.522350,TATAPOWER,451.84,6775,451.61,2173801,452.07,1463119
2026-08-13 21:30:33.554661,BHEL,321.34,4749,321.18,1319355,321.5,1190678
2026-08-13 21:30:33.569298,HUDCO,201.45,11223,201.35,1269141,201.55,1521789
2026-08-13 21:30:33.572620,PNB,119.24,12721,119.18,2211385,119.3,1194257
2026-08-13 21:30:33.589136,NHPC,99.16,10023,99.11,1791905,99.21,1983923
2026-08-13 21:30:33.606099,SMALLCAP1,47.82,293,47.77,10059,47.87,15488
2026-08-13 21:30:33.622314,RELIANCE,3010.8,128142,3009.29,1131317,3012.31,1438992
2026-08-13 21:30:33.639793,TCS,3851.35,6282,3849.42,1593852,3853.28,2113635
2026-08-13 21:30:33.655976,INFY,1547.43,12715,1546.66,1450301,1548.2,1753119
2026-08-13 21:30:33.672239,PENNYSTOCK,14.77,13061,14.72,2217442,14.82,1061238
2026-08-13 21:30:48.407553,IDFCFIRSTB,72.68,11340,72.63,1501525,72.73,1943736
2026-08-13 21:30:48.437009,SUZLON,54.39,1669,54.34,1224295,54.44,2167412
2026-08-13 21:30:48.439007,GMRINFRA,89.42,12502,89.37,1305444,89.47,1992166
2026-08-13 21:30:48.455738,SOUTHBANK,35.16,14216,35.11,1459806,35.21,2190759
2026-08-13 21:30:48.472771,IRB,64.11,11503,64.06,1169229,64.16,1174649
2026-08-13 21:30:48.489827,HFCL,122.15,12957,122.09,1327333,122.21,1564815
2026-08-13 21:30:48.508422,NMDC,234.2,6841,234.08,1307961,234.32,1334551
2026-08-13 21:30:48.522350,TATAPOWER,451.84,9648,451.61,1790224,452.07,1166961
2026-08-13 21:30:48.554661,BHEL,321.5,4405,321.34,2103567,321.66,1219788
2026-08-13 21:30:48.569298,HUDCO,201.82,1922,201.72,1621513,201.92,1411832
2026-08-13 21:30:48.572620,PNB,119.22,1125,119.16,1332104,119.28,1623570
2026-08-13 21:30:48.589136,NHPC,99.27,13203,99.22,1473228,99.32,1539490
2026-08-13 21:30:48.606099,SMALLCAP1,47.8,535,47.75,6520,47.85,12950
2026-08-13 21:30:48.622314,RELIANCE,3012.97,6949,3011.46,1063689,3014.48,2016006
2026-08-13 21:30:48.639793,TCS,3850.05,9896,3848.12,1111796,3851.98,2462358
2026-08-13 21:30:48.655976,INFY,1548.19,4424,1547.42,1563209,1548.96,1782401
2026-08-13 21:30:48.672239,PENNYSTOCK,14.74,9492,14.69,1249864,14.79,1715091
2026-08-13 21:31:03.407553,IDFCFIRSTB,72.52,8920,72.47,2357302,72.57,1827636
2026-08-13 21:31:03.437009,SUZLON,54.2,10298,54.15,2171103,54.25,2055817
2026-08-13 21:31:03.439007,GMRINFRA,89.51,6663,89.46,2446370,89.56,2338809
2026-08-13 21:31:03.455738,SOUTHBANK,35.22,3428,35.17,1568667,35.27,1404768
2026-08-13 21:31:03.472771,IRB,64.17,661,64.12,1904890,64.22,1998763
2026-08-13 21:31:03.489827,HFCL,122.21,11349,122.15,1547261,122.27,2173026
2026-08-13 21:31:03.508422,NMDC,233.76,2015,233.64,1356423,233.88,1603729
2026-08-13 21:31:03.522350,TATAPOWER,452.38,3443,452.15,1734644,452.61,2152393
2026-08-13 21:31:03.554661,BHEL,322.0,999,321.84,1355926,322.16,2452623
2026-08-13 21:31:03.569298,HUDCO,201.44,10446,201.34,2374953,201.54,1519323
2026-08-13 21:31:03.572620,PNB,119.17,9561,119.11,1686195,119.23,1810009
2026-08-13 21:31:03.589136,NHPC,99.39,5940,99.34,2040093,99.44,2041683
2026-08-13 21:31:03.606099,SMALLCAP1,47.76,848,47.71,15217,47.81,8356
2026-08-13 21:31:03.622314,RELIANCE,3016.67,12876,3015.16,1488002,3018.18,2285278
2026-08-13 21:31:03.639793,TCS,3850.24,2603,3848.31,2351412,3852.17,2366557
2026-08-13 21:31:03.655976,INFY,1546.31,5691,1545.54,2376370,1547.08,2160181
2026-08-13 21:31:03.672239,PENNYSTOCK,14.78,4204,14.73,1700597,14.83,2443735
2026-08-13 21:31:18.407553,IDFCFIRSTB,72.46,11072,72.41,1415053,72.51,2354635
2026-08-13 21:31:18.437009,SUZLON,54.32,9331,54.27,2482916,54.37,2311434
2026-08-13 21:31:18.439007,GMRINFRA,89.43,8854,89.38,1262229,89.48,1687075
2026-08-13 21:31:18.455738,SOUTHBANK,35.16,2870,35.11,1692039,35.21,1219066
2026-08-13 21:31:18.472771,IRB,64.14,2860,64.09,1538477,64.19,2464067
2026-08-13 21:31:18.489827,HFCL,122.17,1671,122.11,1111481,122.23,2307006
2026-08-13 21:31:18.508422,NMDC,234.5,6775,234.38,2471907,234.62,2174419
2026-08-13 21:31:18.522350,TATAPOWER,451.59,3713,451.36,2190060,451.82,1857111
2026-08-13 21:31:18.554661,BHEL,322.42,14650,322.26,1784655,322.58,1245096
2026-08-13 21:31:18.569298,HUDCO,200.98,10223,200.88,2461311,201.08,2163366
2026-08-13 21:31:18.572620,PNB,118.99,5893,118.93,2428111,119.05,1925281
2026-08-13 21:31:18.589136,NHPC,98.99,3111,98.94,1234437,99.04,1982554
2026-08-13 21:31:18.606099,SMALLCAP1,47.76,794,47.71,24719,47.81,14521
2026-08-13 21:31:18.622314,RELIANCE,3015.75,2015,3014.24,2397561,3017.26,1419113
2026-08-13 21:31:18.639793,TCS,3839.6,2192,3837.68,1850806,3841.52,2043466
2026-08-13 21:31:18.655976,INFY,1543.32,9313,1542.55,1192287,1544.09,1663156
2026-08-13 21:31:18.672239,PENNYSTOCK,14.75,2834,14.7,2185000,14.8,2066418
2026-08-13 21:31:33.407553,IDFCFIRSTB,72.51,10069,72.46,2148218,72.56,2468172
2026-08-13 21:31:33.437009,SUZLON,54.24,20560,54.19,1467265,54.29,1619284
2026-08-13 21:31:33.439007,GMRINFRA,89.07,9632,89.02,1242106,89.12,2411017
2026-08-13 21:31:33.455738,SOUTHBANK,35.19,8220,35.14,1890112,35.24,1977181
2026-08-13 21:31:33.472771,IRB,64.28,12351,64.23,1536014,64.33,1310251
2026-08-13 21:31:33.489827,HFCL,122.24,6642,122.18,1280484,122.3,1709238
2026-08-13 21:31:33.508422,NMDC,234.48,3405,234.36,1067279,234.6,2246121
2026-08-13 21:31:33.522350,TATAPOWER,452.04,4137,451.81,1916117,452.27,1246500
2026-08-13 21:31:33.554661,BHEL,322.59,5166,322.43,2161625,322.75,1766385
2026-08-13 21:31:33.569298,HUDCO,201.03,6555,200.93,2230182,201.13,1292337
2026-08-13 21:31:33.572620,PNB,119.07,25056,119.01,2249456,119.13,2201872
2026-08-13 21:31:33.589136,NHPC,98.81,12227,98.76,1079789,98.86,1111693
2026-08-13 21:31:33.606099,SMALLCAP1,47.92,643,47.87,6648,47.97,21189
2026-08-13 21:31:33.622314,RELIANCE,3013.66,11152,3012.15,2480062,3015.17,2459795
2026-08-13 21:31:33.639793,TCS,3842.88,3330,3840.96,2241788,3844.8,2486633
2026-08-13 21:31:33.655976,INFY,1540.53,13967,1539.76,1555971,1541.3,2047315
2026-08-13 21:31:33.672239,PENNYSTOCK,14.72,18955,14.67,1748444,14.77,1749769
2026-08-13 21:31:48.407553,IDFCFIRSTB,72.34,34512,72.29,1587448,72.39,2080457
2026-08-13 21:31:48.437009,SUZLON,54.19,8699,54.14,2225487,54.24,2132882
2026-08-13 21:31:48.439007,GMRINFRA,89.07,3996,89.02,2016397,89.12,2392393
2026-08-13 21:31:48.455738,SOUTHBANK,35.35,3523,35.3,2209580,35.4,1526973
2026-08-13 21:31:48.472771,IRB,64.15,108400,64.1,1710702,64.2,2219592
2026-08-13 21:31:48.489827,HFCL,121.94,10410,121.88,1986161,122.0,1934174
2026-08-13 21:31:48.508422,NMDC,234.21,2563,234.09,2248148,234.33,1469223
2026-08-13 21:31:48.522350,TATAPOWER,452.14,8298,451.91,1386690,452.37,1474444
2026-08-13 21:31:48.554661,BHEL,323.14,12484,322.98,2434531,323.3,1216003
2026-08-13 21:31:48.569298,HUDCO,201.61,14091,201.51,2070692,201.71,2387193
2026-08-13 21:31:48.572620,PNB,119.1,4600,119.04,1879285,119.16,2168580
2026-08-13 21:31:48.589136,NHPC,99.02,94680,98.97,1620641,99.07,1480822
2026-08-13 21:31:48.606099,SMALLCAP1,47.98,748,47.93,10580,48.03,21064
2026-08-13 21:31:48.622314,RELIANCE,3008.71,4004,3007.21,1230932,3010.21,2439985
2026-08-13 21:31:48.639793,TCS,3843.35,17552,3841.43,1228434,3845.27,1911778
2026-08-13 21:31:48.655976,INFY,1537.64,9660,1536.87,1348593,1538.41,1093607
2026-08-13 21:31:48.672239,PENNYSTOCK,14.71,8475,14.66,1999394,14.76,2353913
2026-08-13 21:32:03.407553,IDFCFIRSTB,72.43,13930,72.38,1486128,72.48,2414428
2026-08-13 21:32:03.437009,SUZLON,54.12,2470,54.07,1636216,54.17,2054849
2026-08-13 21:32:03.439007,GMRINFRA,89.24,12365,89.19,1614631,89.29,2318131
2026-08-13 21:32:03.455738,SOUTHBANK,35.36,1477,35.31,1927299,35.41,1590545
2026-08-13 21:32:03.472771,IRB,64.01,4272,63.96,1550137,64.06,2066821
2026-08-13 21:32:03.489827,HFCL,122.09,12744,122.03,1779159,122.15,2069908
2026-08-13 21:32:03.508422,NMDC,233.67,5614,233.55,1139076,233.79,2117081
2026-08-13 21:32:03.522350,TATAPOWER,453.01,1170,452.78,1236245,453.24,2140514
2026-08-13 21:32:03.554661,BHEL,323.26,14616,323.1,1174630,323.42,2498365
2026-08-13 21:32:03.569298,HUDCO,202.17,4694,202.07,1722929,202.27,1364573
2026-08-13 21:32:03.572620,PNB,118.85,2259,118.79,1850876,118.91,1585126
2026-08-13 21:32:03.589136,NHPC,98.81,9065,98.76,1918413,98.86,2492532
2026-08-13 21:32:03.606099,SMALLCAP1,47.94,3443,47.89,17785,47.99,13701
2026-08-13 21:32:03.622314,RELIANCE,3003.89,9310,3002.39,2466917,3005.39,1193102
2026-08-13 21:32:03.639793,TCS,3854.98,5363,3853.05,1971021,3856.91,2125517
2026-08-13 21:32:03.655976,INFY,1538.01,2022,1537.24,1840423,1538.78,1942571
2026-08-13 21:32:03.672239,PENNYSTOCK,14.69,12501,14.64,2361972,14.74,1379251
2026-08-13 21:32:18.407553,IDFCFIRSTB,72.54,5041,72.49,2323585,72.59,2356366
2026-08-13 21:32:18.437009,SUZLON,54.05,1699,54.0,2187834,54.1,1245238
2026-08-13 21:32:18.439007,GMRINFRA,89.21,2193,89.16,2223518,89.26,1946393
2026-08-13 21:32:18.455738,SOUTHBANK,35.45,12822,35.4,1477878,35.5,1832693
2026-08-13 21:32:18.472771,IRB,64.12,1366,64.07,1084448,64.17,1377198
2026-08-13 21:32:18.489827,HFCL,121.77,8472,121.71,1640693,121.83,2179033
2026-08-13 21:32:18.508422,NMDC,234.08,9840,233.96,1674173,234.2,1117027
2026-08-13 21:32:18.522350,TATAPOWER,451.15,7119,450.92,2444974,451.38,2198322
2026-08-13 21:32:18.554661,BHEL,323.5,13036,323.34,1838365,323.66,1634316
2026-08-13 21:32:18.569298,HUDCO,201.85,12524,201.75,1421099,201.95,2113701
2026-08-13 21:32:18.572620,PNB,118.9,12959,118.84,1732703,118.96,2253584
2026-08-13 21:32:18.589136,NHPC,98.96,6772,98.91,1763462,99.01,1322963
2026-08-13 21:32:18.606099,SMALLCAP1,48.0,371,47.95,21128,48.05,5599
2026-08-13 21:32:18.622314,RELIANCE,3001.11,13708,2999.61,1106790,3002.61,2263428
2026-08-13 21:32:18.639793,TCS,3863.04,34915,3861.11,1422070,3864.97,1447503
2026-08-13 21:32:18.655976,INFY,1538.83,1373,1538.06,2372309,1539.6,1908206
2026-08-13 21:32:18.672239,PENNYSTOCK,14.65,76223,14.6,1711273,14.7,2383815
2026-08-13 21:32:33.407553,IDFCFIRSTB,72.61,6857,72.56,2029839,72.66,1178467
2026-08-13 21:32:33.437009,SUZLON,53.97,2767,53.92,1539453,54.02,1253905
2026-08-13 21:32:33.439007,GMRINFRA,89.16,7760,89.11,1928097,89.21,2182014
2026-08-13 21:32:33.455738,SOUTHBANK,35.5,6608,35.45,1209205,35.55,1399639
2026-08-13 21:32:33.472771,IRB,64.1,2515,64.05,1384715,64.15,1246897
2026-08-13 21:32:33.489827,HFCL,121.77,4043,121.71,2355889,121.83,1879940
2026-08-13 21:32:33.508422,NMDC,234.09,6838,233.97,2119987,234.21,2085560
2026-08-13 21:32:33.522350,TATAPOWER,452.2,6916,451.97,2326195,452.43,1838200
2026-08-13 21:32:33.554661,BHEL,323.74,11517,323.58,1175138,323.9,1243633
2026-08-13 21:32:33.569298,HUDCO,201.88,3864,201.78,2455403,201.98,1955061
2026-08-13 21:32:33.572620,PNB,119.12,1983,119.06,1155580,119.18,2460585
2026-08-13 21:32:33.589136,NHPC,99.03,14425,98.98,1806226,99.08,1707062
2026-08-13 21:32:33.606099,SMALLCAP1,47.97,678,47.92,13760,48.02,18661
2026-08-13 21:32:33.622314,RELIANCE,3007.7,7749,3006.2,1256251,3009.2,1330319
2026-08-13 21:32:33.639793,TCS,3858.57,673,3856.64,2282799,3860.5,1577654
2026-08-13 21:32:33.655976,INFY,1540.13,8277,1539.36,1367920,1540.9,2343054
2026-08-13 21:32:33.672239,PENNYSTOCK,14.65,14894,14.6,2187228,14.7,1804294
2026-08-13 21:32:48.407553,IDFCFIRSTB,72.53,8103,72.48,1912162,72.58,1091304
2026-08-13 21:32:48.437009,SUZLON,54.0,8946,53.95,1285878,54.05,1323720
2026-08-13 21:32:48.439007,GMRINFRA,89.3,9499,89.25,2417818,89.35,1833213
2026-08-13 21:32:48.455738,SOUTHBANK,35.58,982,35.53,2470429,35.63,1379929
2026-08-13 21:32:48.472771,IRB,64.03,12627,63.98,1715161,64.08,2010917
2026-08-13 21:32:48.489827,HFCL,121.94,815,121.88,1109155,122.0,1746557
2026-08-13 21:32:48.508422,NMDC,233.85,8470,233.73,1091505,233.97,1162381
2026-08-13 21:32:48.522350,TATAPOWER,452.54,10336,452.31,2060267,452.77,2248005
2026-08-13 21:32:48.554661,BHEL,323.77,41112,323.61,2042121,323.93,2050405
2026-08-13 21:32:48.569298,HUDCO,201.94,2700,201.84,1345733,202.04,2386512
2026-08-13 21:32:48.572620,PNB,118.85,10041,118.79,2499252,118.91,1589269
2026-08-13 21:32:48.589136,NHPC,99.01,3833,98.96,1445512,99.06,1071505
2026-08-13 21:32:48.606099,SMALLCAP1,47.97,627,47.92,6689,48.02,19683
2026-08-13 21:32:48.622314,RELIANCE,3009.18,7454,3007.68,2470385,3010.68,2001582
2026-08-13 21:32:48.639793,TCS,3849.77,7498,3847.85,2214865,3851.69,2399215
2026-08-13 21:32:48.655976,INFY,1542.64,9198,1541.87,2232092,1543.41,1350679
2026-08-13 21:32:48.672239,PENNYSTOCK,14.65,5713,14.6,1200819,14.7,2324272
2026-08-13 21:33:03.407553,IDFCFIRSTB,72.32,12288,72.27,1712906,72.37,2346503
2026-08-13 21:33:03.437009,SUZLON,54.0,3872,53.95,2246899,54.05,1759170
2026-08-13 21:33:03.439007,GMRINFRA,89.16,6312,89.11,1719016,89.21,1507677
2026-08-13 21:33:03.455738,SOUTHBANK,35.47,9245,35.42,2088823,35.52,2219608
2026-08-13 21:33:03.472771,IRB,64.0,63483,63.95,2052084,64.05,1733877
2026-08-13 21:33:03.489827,HFCL,121.56,5075,121.5,1824415,121.62,1477815
2026-08-13 21:33:03.508422,NMDC,234.35,8243,234.23,2338009,234.47,2288799
2026-08-13 21:33:03.522350,TATAPOWER,452.3,7854,452.07,1387919,452.53,1786097
2026-08-13 21:33:03.554661,BHEL,323.31,3544,323.15,1469362,323.47,1246461
2026-08-13 21:33:03.569298,HUDCO,201.7,7927,201.6,2017416,201.8,1654521
2026-08-13 21:33:03.572620,PNB,119.11,11681,119.05,2418624,119.17,2122752
2026-08-13 21:33:03.589136,NHPC,99.18,12158,99.13,1688661,99.23,2436647
2026-08-13 21:33:03.606099,SMALLCAP1,47.91,971,47.86,5236,47.96,18444
2026-08-13 21:33:03.622314,RELIANCE,3017.99,10452,3016.48,1489750,3019.5,2172906
2026-08-13 21:33:03.639793,TCS,3854.34,3287,3852.41,1745673,3856.27,1456321
2026-08-13 21:33:03.655976,INFY,1542.36,12479,1541.59,1393411,1543.13,1425679
2026-08-13 21:33:03.672239,PENNYSTOCK,14.64,976,14.59,1071525,14.69,1967235
2026-08-13 21:33:18.407553,IDFCFIRSTB,72.15,10530,72.1,1321895,72.2,2181880
2026-08-13 21:33:18.437009,SUZLON,54.04,12129,53.99,1436550,54.09,1879018
2026-08-13 21:33:18.439007,GMRINFRA,89.22,5315,89.17,1227077,89.27,1075157
2026-08-13 21:33:18.455738,SOUTHBANK,35.5,6693,35.45,1834688,35.55,1114773
2026-08-13 21:33:18.472771,IRB,64.2,5678,64.15,2117521,64.25,1060474
2026-08-13 21:33:18.489827,HFCL,121.35,2344,121.29,1870145,121.41,2357518
2026-08-13 21:33:18.508422,NMDC,234.74,9452,234.62,2405666,234.86,2462682
2026-08-13 21:33:18.522350,TATAPOWER,451.95,4825,451.72,1376973,452.18,1296529
2026-08-13 21:33:18.554661,BHEL,323.64,10572,323.48,2040425,323.8,1163702
2026-08-13 21:33:18.569298,HUDCO,201.79,12124,201.69,2118588,201.89,1987921
2026-08-13 21:33:18.572620,PNB,119.05,10179,118.99,1815730,119.11,1334620
2026-08-13 21:33:18.589136,NHPC,99.07,998,99.02,1917030,99.12,1701586
2026-08-13 21:33:18.606099,SMALLCAP1,47.82,811,47.77,12881,47.87,24886
2026-08-13 21:33:18.622314,RELIANCE,3016.5,12221,3014.99,1105616,3018.01,2204714
2026-08-13 21:33:18.639793,TCS,3845.39,14005,3843.47,1178781,3847.31,1742858
2026-08-13 21:33:18.655976,INFY,1543.41,14708,1542.64,2328438,1544.18,1203666
2026-08-13 21:33:18.672239,PENNYSTOCK,14.64,12198,14.59,1909204,14.69,1727475
2026-08-13 21:33:33.407553,IDFCFIRSTB,72.16,13076,72.11,1196198,72.21,2482427
2026-08-13 21:33:33.437009,SUZLON,54.1,12672,54.05,2392207,54.15,1087194
2026-08-13 21:33:33.439007,GMRINFRA,89.47,4227,89.42,2443055,89.52,1366163
2026-08-13 21:33:33.455738,SOUTHBANK,35.53,14476,35.48,2172314,35.58,1440926
2026-08-13 21:33:33.472771,IRB,63.91,53312,63.86,1051957,63.96,1083115
2026-08-13 21:33:33.489827,HFCL,121.25,14750,121.19,1628387,121.31,2389642
2026-08-13 21:33:33.508422,NMDC,234.7,1175,234.58,1107751,234.82,1938167
2026-08-13 21:33:33.522350,TATAPOWER,451.62,6099,451.39,2386234,451.85,1262430
2026-08-13 21:33:33.554661,BHEL,323.0,6228,322.84,1604727,323.16,1251808
2026-08-13 21:33:33.569298,HUDCO,202.09,1109,201.99,2330956,202.19,2233812
2026-08-13 21:33:33.572620,PNB,119.35,9051,119.29,2466374,119.41,2338609
2026-08-13 21:33:33.589136,NHPC,99.05,10036,99.0,1454373,99.1,1517670
2026-08-13 21:33:33.606099,SMALLCAP1,47.77,767,47.72,24665,47.82,18752
2026-08-13 21:33:33.622314,RELIANCE,3009.96,8424,3008.46,1569163,3011.46,2335732
2026-08-13 21:33:33.639793,TCS,3840.59,12396,3838.67,1426014,3842.51,1671785
2026-08-13 21:33:33.655976,INFY,1544.87,2879,1544.1,1462775,1545.64,2096838
2026-08-13 21:33:33.672239,PENNYSTOCK,14.62,10223,14.57,1736452,14.67,2493291
2026-08-13 21:33:48.407553,IDFCFIRSTB,72.19,1744,72.14,1479400,72.24,2165939
2026-08-13 21:33:48.437009,SUZLON,54.05,5054,54.0,1874758,54.1,2479206
2026-08-13 21:33:48.439007,GMRINFRA,89.66,14186,89.61,2033165,89.71,1449884
2026-08-13 21:33:48.455738,SOUTHBANK,35.51,14520,35.46,1426522,35.56,2463624
2026-08-13 21:33:48.472771,IRB,63.91,2701,63.86,2139992,63.96,2017755
2026-08-13 21:33:48.489827,HFCL,120.95,3617,120.89,1908140,121.01,1264931
2026-08-13 21:33:48.508422,NMDC,234.28,13942,234.16,1424383,234.4,2257482
2026-08-13 21:33:48.522350,TATAPOWER,451.22,13058,450.99,2020689,451.45,1694183
2026-08-13 21:33:48.554661,BHEL,323.43,10523,323.27,2214778,323.59,1157459
2026-08-13 21:33:48.569298,HUDCO,201.95,68046,201.85,2332150,202.05,2285363
2026-08-13 21:33:48.572620,PNB,119.37,4506,119.31,1153800,119.43,1538042
2026-08-13 21:33:48.589136,NHPC,99.02,6445,98.97,1102757,99.07,1372482
2026-08-13 21:33:48.606099,SMALLCAP1,47.77,793,47.72,24959,47.82,18115
2026-08-13 21:33:48.622314,RELIANCE,3009.96,1206,3008.46,1621497,3011.46,1898773
2026-08-13 21:33:48.639793,TCS,3841.57,6654,3839.65,1389356,3843.49,1532863
2026-08-13 21:33:48.655976,INFY,1545.22,10062,1544.45,1633615,1545.99,2138427
2026-08-13 21:33:48.672239,PENNYSTOCK,14.61,7351,14.56,1178194,14.66,1360516
2026-08-13 21:34:03.407553,IDFCFIRSTB,72.11,13836,72.06,1148140,72.16,1734701
2026-08-13 21:34:03.437009,SUZLON,54.12,6488,54.07,1429118,54.17,1120238
2026-08-13 21:34:03.439007,GMRINFRA,89.58,11023,89.53,1401329,89.63,1423691
2026-08-13 21:34:03.455738,SOUTHBANK,35.53,14052,35.48,2342678,35.58,2381959
2026-08-13 21:34:03.472771,IRB,63.84,2691,63.79,2090484,63.89,1219350
2026-08-13 21:34:03.489827,HFCL,120.97,12401,120.91,2208345,121.03,2095383
2026-08-13 21:34:03.508422,NMDC,234.4,9264,234.28,2030882,234.52,2037870
2026-08-13 21:34:03.522350,TATAPOWER,450.52,2840,450.29,2403139,450.75,2112404
2026-08-13 21:34:03.554661,BHEL,323.15,14965,322.99,2325260,323.31,1905343
2026-08-13 21:34:03.569298,HUDCO,202.41,3218,202.31,1994921,202.51,1971478
2026-08-13 21:34:03.572620,PNB,119.27,1824,119.21,2091530,119.33,1160478
2026-08-13 21:34:03.589136,NHPC,98.82,10727,98.77,1232489,98.87,2025747
2026-08-13 21:34:03.606099,SMALLCAP1,47.82,973,47.77,21984,47.87,13639
2026-08-13 21:34:03.622314,RELIANCE,3012.52,12854,3011.01,1051819,3014.03,1160255
2026-08-13 21:34:03.639793,TCS,3834.44,11742,3832.52,1910925,3836.36,1142789
2026-08-13 21:34:03.655976,INFY,1545.13,13946,1544.36,1234802,1545.9,1601044
2026-08-13 21:34:03.672239,PENNYSTOCK,14.57,14458,14.52,2134069,14.62,2368151
2026-08-13 21:34:18.407553,IDFCFIRSTB,71.86,5014,71.81,2115117,71.91,1868737
2026-08-13 21:34:18.437009,SUZLON,54.13,106056,54.08,1162687,54.18,1869794
2026-08-13 21:34:18.439007,GMRINFRA,89.69,2654,89.64,1748022,89.74,2473689
2026-08-13 21:34:18.455738,SOUTHBANK,35.53,13608,35.48,2347003,35.58,1670892
2026-08-13 21:34:18.472771,IRB,63.91,1155,63.86,1056239,63.96,1159185
2026-08-13 21:34:18.489827,HFCL,121.12,2547,121.06,1844253,121.18,1811442
2026-08-13 21:34:18.508422,NMDC,234.53,9446,234.41,1879996,234.65,1375628
2026-08-13 21:34:18.522350,TATAPOWER,450.54,9606,450.31,2452160,450.77,2339466
2026-08-13 21:34:18.554661,BHEL,323.07,11680,322.91,2411591,323.23,1782921
2026-08-13 21:34:18.569298,HUDCO,202.28,47120,202.18,1594227,202.38,2239549
2026-08-13 21:34:18.572620,PNB,119.31,12588,119.25,1467485,119.37,1845141
2026-08-13 21:34:18.589136,NHPC,98.7,1076,98.65,1109834,98.75,1331897
2026-08-13 21:34:18.606099,SMALLCAP1,47.73,557,47.68,15026,47.78,22713
2026-08-13 21:34:18.622314,RELIANCE,3018.48,12814,3016.97,2060724,3019.99,1300792
2026-08-13 21:34:18.639793,TCS,3839.7,12239,3837.78,1697644,3841.62,2351329
2026-08-13 21:34:18.655976,INFY,1546.56,11641,1545.79,1738547,1547.33,1759509
2026-08-13 21:34:18.672239,PENNYSTOCK,14.57,7167,14.52,2111980,14.62,1958616
2026-08-13 21:34:33.407553,IDFCFIRSTB,71.92,13520,71.87,1984227,71.97,1130788
2026-08-13 21:34:33.437009,SUZLON,54.13,1649,54.08,2018337,54.18,2456973
2026-08-13 21:34:33.439007,GMRINFRA,89.86,4348,89.81,2353129,89.91,1837289
2026-08-13 21:34:33.455738,SOUTHBANK,35.62,12412,35.57,2272989,35.67,1354917
2026-08-13 21:34:33.472771,IRB,63.94,8571,63.89,1711269,63.99,1085537
2026-08-13 21:34:33.489827,HFCL,121.54,8578,121.48,1471577,121.6,1312162
2026-08-13 21:34:33.508422,NMDC,234.46,2158,234.34,1070428,234.58,2011775
2026-08-13 21:34:33.522350,TATAPOWER,451.11,14472,450.88,2052472,451.34,1860356
2026-08-13 21:34:33.554661,BHEL,322.62,1703,322.46,1937476,322.78,1381518
2026-08-13 21:34:33.569298,HUDCO,202.5,5391,202.4,1681739,202.6,1547976
2026-08-13 21:34:33.572620,PNB,119.66,12986,119.6,1726232,119.72,1629971
2026-08-13 21:34:33.589136,NHPC,98.51,14258,98.46,1777451,98.56,1630145
2026-08-13 21:34:33.606099,SMALLCAP1,47.85,283,47.8,10375,47.9,24922
2026-08-13 21:34:33.622314,RELIANCE,3013.1,10737,3011.59,1067905,3014.61,1359059
2026-08-13 21:34:33.639793,TCS,3845.72,14602,3843.8,1257152,3847.64,2112162
2026-08-13 21:34:33.655976,INFY,1545.98,8887,1545.21,1328730,1546.75,1248786
2026-08-13 21:34:33.672239,PENNYSTOCK,14.56,5988,14.51,1980259,14.61,1325479
2026-08-13 21:34:48.407553,IDFCFIRSTB,71.96,111430,71.91,1209802,72.01,1574108
2026-08-13 21:34:48.437009,SUZLON,54.07,1848,54.02,1440579,54.12,2191193
2026-08-13 21:34:48.439007,GMRINFRA,89.96,11789,89.91,1210333,90.01,2357404
2026-08-13 21:34:48.455738,SOUTHBANK,35.52,11491,35.47,1790398,35.57,1481242
2026-08-13 21:34:48.472771,IRB,63.94,6390,63.89,1465865,63.99,2051454
2026-08-13 21:34:48.489827,HFCL,121.64,14411,121.58,1461696,121.7,2027629
2026-08-13 21:34:48.508422,NMDC,234.44,13979,234.32,1735852,234.56,1262631
2026-08-13 21:34:48.522350,TATAPOWER,450.69,9354,450.46,2441458,450.92,2174583
2026-08-13 21:34:48.554661,BHEL,322.36,594,322.2,2229697,322.52,1664870
2026-08-13 21:34:48.569298,HUDCO,202.48,8610,202.38,1566999,202.58,2488419
2026-08-13 21:34:48.572620,PNB,119.61,7639,119.55,2290322,119.67,2078831
2026-08-13 21:34:48.589136,NHPC,98.82,8015,98.77,1418147,98.87,1387362
2026-08-13 21:34:48.606099,SMALLCAP1,47.84,76,47.79,8383,47.89,20458
2026-08-13 21:34:48.622314,RELIANCE,3007.36,14023,3005.86,1221794,3008.86,2154389
2026-08-13 21:34:48.639793,TCS,3851.27,11944,3849.34,1889249,3853.2,1927080
2026-08-13 21:34:48.655976,INFY,1545.4,10407,1544.63,1768441,1546.17,1157089
2026-08-13 21:34:48.672239,PENNYSTOCK,14.58,5962,14.53,1246572,14.63,1645127
2026-08-13 21:35:03.407553,IDFCFIRSTB,72.08,9522,72.03,1951665,72.13,1740758
2026-08-13 21:35:03.437009,SUZLON,54.01,3901,53.96,1822813,54.06,1671941
2026-08-13 21:35:03.439007,GMRINFRA,90.27,1328,90.22,2249818,90.32,1089013
2026-08-13 21:35:03.455738,SOUTHBANK,35.5,2279,35.45,1848823,35.55,1871042
2026-08-13 21:35:03.472771,IRB,63.86,11000,63.81,2078882,63.91,1558392
2026-08-13 21:35:03.489827,HFCL,121.53,9033,121.47,1511276,121.59,1203051
2026-08-13 21:35:03.508422,NMDC,234.59,2570,234.47,1659581,234.71,1775991
2026-08-13 21:35:03.522350,TATAPOWER,451.3,8853,451.07,2243182,451.53,1142589
2026-08-13 21:35:03.554661,BHEL,322.39,1519,322.23,1325148,322.55,2176226
2026-08-13 21:35:03.569298,HUDCO,202.85,4133,202.75,1172348,202.95,2325892
2026-08-13 21:35:03.572620,PNB,119.75,12010,119.69,1648292,119.81,1414808
2026-08-13 21:35:03.589136,NHPC,98.7,13619,98.65,1213828,98.75,1576967
2026-08-13 21:35:03.606099,SMALLCAP1,47.83,223,47.78,21629,47.88,24329
2026-08-13 21:35:03.622314,RELIANCE,3008.2,7487,3006.7,2386087,3009.7,1648064
2026-08-13 21:35:03.639793,TCS,3860.37,13151,3858.44,1110288,3862.3,2407285
2026-08-13 21:35:03.655976,INFY,1549.43,3388,1548.66,2200752,1550.2,1634949
2026-08-13 21:35:03.672239,PENNYSTOCK,14.57,7004,14.52,2123482,14.62,1518976
2026-08-13 21:35:18.407553,IDFCFIRSTB,72.07,3481,72.02,1984429,72.12,1578886
2026-08-13 21:35:18.437009,SUZLON,54.07,13183,54.02,2384726,54.12,1621968
2026-08-13 21:35:18.439007,GMRINFRA,90.2,8758,90.15,1222503,90.25,2157396
2026-08-13 21:35:18.455738,SOUTHBANK,35.63,12697,35.58,1199419,35.68,2412444
2026-08-13 21:35:18.472771,IRB,63.83,5235,63.78,1997319,63.88,1743524
2026-08-13 21:35:18.489827,HFCL,121.62,3831,121.56,1350676,121.68,2423715
2026-08-13 21:35:18.508422,NMDC,234.27,2416,234.15,2124476,234.39,2288058
2026-08-13 21:35:18.522350,TATAPOWER,452.41,551,452.18,1239227,452.64,1097854
2026-08-13 21:35:18.554661,BHEL,322.64,12766,322.48,2324761,322.8,1334246
2026-08-13 21:35:18.569298,HUDCO,202.94,6071,202.84,2116601,203.04,1199250
2026-08-13 21:35:18.572620,PNB,119.74,6494,119.68,1797816,119.8,2112168
2026-08-13 21:35:18.589136,NHPC,98.87,2102,98.82,1088871,98.92,1992583
2026-08-13 21:35:18.606099,SMALLCAP1,47.74,710,47.69,21283,47.79,22839
2026-08-13 21:35:18.622314,RELIANCE,3005.26,9426,3003.76,2293878,3006.76,1159051
2026-08-13 21:35:18.639793,TCS,3858.99,1924,3857.06,1622297,3860.92,2068806
2026-08-13 21:35:18.655976,INFY,1547.53,9438,1546.76,2391895,1548.3,1919847
2026-08-13 21:35:18.672239,PENNYSTOCK,14.58,6469,14.53,1517608,14.63,1699466
2026-08-13 21:35:33.407553,IDFCFIRSTB,72.11,3078,72.06,1382483,72.16,2491983
2026-08-13 21:35:33.437009,SUZLON,54.12,7235,54.07,1339853,54.17,1372481
2026-08-13 21:35:33.439007,GMRINFRA,90.08,5305,90.03,2149432,90.13,2208111
2026-08-13 21:35:33.455738,SOUTHBANK,35.53,6870,35.48,1480861,35.58,1485534
2026-08-13 21:35:33.472771,IRB,63.86,6048,63.81,1907492,63.91,2400378
2026-08-13 21:35:33.489827,HFCL,121.58,1410,121.52,2417274,121.64,1088947
2026-08-13 21:35:33.508422,NMDC,234.7,5191,234.58,2404940,234.82,1850591
2026-08-13 21:35:33.522350,TATAPOWER,451.72,7401,451.49,1770378,451.95,1936740
2026-08-13 21:35:33.554661,BHEL,322.71,9167,322.55,1705328,322.87,1200490
2026-08-13 21:35:33.569298,HUDCO,202.91,1935,202.81,1997474,203.01,2475069
2026-08-13 21:35:33.572620,PNB,119.79,12667,119.73,2342558,119.85,2345382
2026-08-13 21:35:33.589136,NHPC,98.85,13124,98.8,1358372,98.9,1138984
2026-08-13 21:35:33.606099,SMALLCAP1,47.66,700,47.61,10744,47.71,8325
2026-08-13 21:35:33.622314,RELIANCE,3006.8,8936,3005.3,1919852,3008.3,2130399
2026-08-13 21:35:33.639793,TCS,3859.27,8536,3857.34,1986370,3861.2,1638232
2026-08-13 21:35:33.655976,INFY,1544.92,10964,1544.15,2412766,1545.69,1271272
2026-08-13 21:35:33.672239,PENNYSTOCK,14.52,5472,14.47,1854387,14.57,1602701
2026-08-13 21:35:48.407553,IDFCFIRSTB,72.07,27467,72.02,1906474,72.12,1619086
2026-08-13 21:35:48.437009,SUZLON,54.16,10120,54.11,1337051,54.21,1848157
2026-08-13 21:35:48.439007,GMRINFRA,90.03,10666,89.98,1609389,90.08,1355929
2026-08-13 21:35:48.455738,SOUTHBANK,35.48,13872,35.43,1251919,35.53,1158090
2026-08-13 21:35:48.472771,IRB,63.84,849,63.79,1140121,63.89,1642182
2026-08-13 21:35:48.489827,HFCL,121.28,4011,121.22,1349874,121.34,1104292
2026-08-13 21:35:48.508422,NMDC,235.32,1768,235.2,1974659,235.44,2439802
2026-08-13 21:35:48.522350,TATAPOWER,452.0,13326,451.77,2236147,452.23,1840697
2026-08-13 21:35:48.554661,BHEL,323.08,10522,322.92,1053237,323.24,2076357
2026-08-13 21:35:48.569298,HUDCO,203.61,2380,203.51,1176825,203.71,1831006
2026-08-13 21:35:48.572620,PNB,119.94,12308,119.88,1929656,120.0,1826479
2026-08-13 21:35:48.589136,NHPC,98.92,11819,98.87,1380329,98.97,1088103
2026-08-13 21:35:48.606099,SMALLCAP1,47.73,243,47.68,21384,47.78,14043
2026-08-13 21:35:48.622314,RELIANCE,3010.11,13804,3008.6,1186652,3011.62,2393525
2026-08-13 21:35:48.639793,TCS,3868.63,3015,3866.7,1170016,3870.56,1165544
2026-08-13 21:35:48.655976,INFY,1543.75,10472,1542.98,1659511,1544.52,1169279
2026-08-13 21:35:48.672239,PENNYSTOCK,14.5,13643,14.45,1531754,14.55,1050157
2026-08-13 21:36:03.407553,IDFCFIRSTB,72.02,14866,71.97,1098249,72.07,1615229
2026-08-13 21:36:03.437009,SUZLON,54.27,9393,54.22,1344801,54.32,1213477
2026-08-13 21:36:03.439007,GMRINFRA,89.98,134808,89.93,1579153,90.03,1222385
2026-08-13 21:36:03.455738,SOUTHBANK,35.56,536,35.51,1963797,35.61,1745531
2026-08-13 21:36:03.472771,IRB,63.94,3333,63.89,2469936,63.99,1880029
2026-08-13 21:36:03.489827,HFCL,120.71,12687,120.65,1083229,120.77,2230618
2026-08-13 21:36:03.508422,NMDC,234.99,2112,234.87,2290703,235.11,1173013
2026-08-13 21:36:03.522350,TATAPOWER,451.99,14162,451.76,1608610,452.22,2246109
2026-08-13 21:36:03.554661,BHEL,323.69,8556,323.53,2084268,323.85,1399528
2026-08-13 21:36:03.569298,HUDCO,204.17,3178,204.07,2027470,204.27,1941572
2026-08-13 21:36:03.572620,PNB,119.98,1839,119.92,2292924,120.04,1591832
2026-08-13 21:36:03.589136,NHPC,98.84,7005,98.79,2436122,98.89,1479948
2026-08-13 21:36:03.606099,SMALLCAP1,47.66,403,47.61,20083,47.71,14471
2026-08-13 21:36:03.622314,RELIANCE,3011.85,5254,3010.34,2029429,3013.36,2203388
2026-08-13 21:36:03.639793,TCS,3875.33,13197,3873.39,1808776,3877.27,2141928
2026-08-13 21:36:03.655976,INFY,1547.93,1888,1547.16,2020550,1548.7,1922312
2026-08-13 21:36:03.672239,PENNYSTOCK,14.51,14644,14.46,2060470,14.56,2211098
2026-08-13 21:36:18.407553,IDFCFIRSTB,71.76,4794,71.71,1310107,71.81,1728934
2026-08-13 21:36:18.437009,SUZLON,54.2,14978,54.15,2091885,54.25,1925371
2026-08-13 21:36:18.439007,GMRINFRA,89.93,12592,89.88,1704397,89.98,2457483
2026-08-13 21:36:18.455738,SOUTHBANK,35.6,950,35.55,1178175,35.65,2173579
2026-08-13 21:36:18.472771,IRB,63.96,5095,63.91,1393580,64.01,1924439
2026-08-13 21:36:18.489827,HFCL,120.65,8103,120.59,1708889,120.71,1409289
2026-08-13 21:36:18.508422,NMDC,235.53,7471,235.41,2159511,235.65,2028937
2026-08-13 21:36:18.522350,TATAPOWER,452.55,7169,452.32,1326121,452.78,1904982
2026-08-13 21:36:18.554661,BHEL,323.81,43014,323.65,1597369,323.97,2034451
2026-08-13 21:36:18.569298,HUDCO,204.13,6874,204.03,1877995,204.23,2114113
2026-08-13 21:36:18.572620,PNB,120.07,2149,120.01,2004806,120.13,1670732
2026-08-13 21:36:18.589136,NHPC,99.1,12850,99.05,1984911,99.15,1724517
2026-08-13 21:36:18.606099,SMALLCAP1,47.74,282,47.69,8704,47.79,8439
2026-08-13 21:36:18.622314,RELIANCE,3015.98,1454,3014.47,1408286,3017.49,1398327
2026-08-13 21:36:18.639793,TCS,3866.06,9902,3864.13,1989149,3867.99,1665659
2026-08-13 21:36:18.655976,INFY,1545.46,9028,1544.69,1944388,1546.23,2363004
2026-08-13 21:36:18.672239,PENNYSTOCK,14.49,6520,14.44,1100170,14.54,1124126
2026-08-13 21:36:33.407553,IDFCFIRSTB,71.81,5755,71.76,1299299,71.86,1835589
2026-08-13 21:36:33.437009,SUZLON,54.33,5123,54.28,1572989,54.38,1674255
2026-08-13 21:36:33.439007,GMRINFRA,90.1,12538,90.05,2069746,90.15,1174575
2026-08-13 21:36:33.455738,SOUTHBANK,35.62,2307,35.57,1859986,35.67,2485349
2026-08-13 21:36:33.472771,IRB,64.01,8678,63.96,2181901,64.06,1541689
2026-08-13 21:36:33.489827,HFCL,120.56,13928,120.5,1674138,120.62,2186185
2026-08-13 21:36:33.508422,NMDC,235.06,1524,234.94,1649940,235.18,1439261
2026-08-13 21:36:33.522350,TATAPOWER,453.39,13888,453.16,2112007,453.62,1221064
2026-08-13 21:36:33.554661,BHEL,323.32,10360,323.16,2300321,323.48,2140775
2026-08-13 21:36:33.569298,HUDCO,203.92,2165,203.82,1087256,204.02,1460203
2026-08-13 21:36:33.572620,PNB,119.83,13976,119.77,2473812,119.89,1530238
2026-08-13 21:36:33.589136,NHPC,99.1,5025,99.05,1822481,99.15,2235079
2026-08-13 21:36:33.606099,SMALLCAP1,47.77,207,47.72,17363,47.82,10332
2026-08-13 21:36:33.622314,RELIANCE,3018.86,5135,3017.35,1243879,3020.37,1093611
2026-08-13 21:36:33.639793,TCS,3867.76,14326,3865.83,1922280,3869.69,1066047
2026-08-13 21:36:33.655976,INFY,1544.17,10477,1543.4,2395301,1544.94,1195541
2026-08-13 21:36:33.672239,PENNYSTOCK,14.44,7788,14.39,1234457,14.49,1815489
2026-08-13 21:36:48.407553,IDFCFIRSTB,71.78,6364,71.73,1403106,71.83,2183283
2026-08-13 21:36:48.437009,SUZLON,54.51,14227,54.46,2465198,54.56,1445418
2026-08-13 21:36:48.439007,GMRINFRA,90.01,4886,89.96,1308490,90.06,2370939
2026-08-13 21:36:48.455738,SOUTHBANK,35.69,11370,35.64,1937675,35.74,1250056
2026-08-13 21:36:48.472771,IRB,63.95,10730,63.9,1336195,64.0,2492055
2026-08-13 21:36:48.489827,HFCL,120.53,1373,120.47,2111581,120.59,2296633
2026-08-13 21:36:48.508422,NMDC,235.3,14038,235.18,2379503,235.42,1274028
2026-08-13 21:36:48.522350,TATAPOWER,454.29,14151,454.06,1683709,454.52,1446769
2026-08-13 21:36:48.554661,BHEL,323.88,11470,323.72,1859513,324.04,1323829
2026-08-13 21:36:48.569298,HUDCO,203.47,7839,203.37,1257219,203.57,1528794
2026-08-13 21:36:48.572620,PNB,119.69,14333,119.63,1090021,119.75,1211528
2026-08-13 21:36:48.589136,NHPC,99.14,8633,99.09,1695807,99.19,1603580
2026-08-13 21:36:48.606099,SMALLCAP1,47.83,936,47.78,12569,47.88,19477
2026-08-13 21:36:48.622314,RELIANCE,3018.67,4864,3017.16,2467269,3020.18,1995033
2026-08-13 21:36:48.639793,TCS,3866.38,138215,3864.45,2227124,3868.31,2385887
2026-08-13 21:36:48.655976,INFY,1542.8,4435,1542.03,2045451,1543.57,1653798
2026-08-13 21:36:48.672239,PENNYSTOCK,14.45,8172,14.4,1379827,14.5,1435717
2026-08-13 21:37:03.407553,IDFCFIRSTB,71.81,14265,71.76,1494165,71.86,1942057
2026-08-13 21:37:03.437009,SUZLON,54.7,7619,54.65,1868964,54.75,2059561
2026-08-13 21:37:03.439007,GMRINFRA,90.06,14194,90.01,1885838,90.11,1623260
2026-08-13 21:37:03.455738,SOUTHBANK,35.71,7626,35.66,1996134,35.76,2402806
2026-08-13 21:37:03.472771,IRB,63.86,13114,63.81,2331580,63.91,1806417
2026-08-13 21:37:03.489827,HFCL,120.58,7717,120.52,2451644,120.64,2395556
2026-08-13 21:37:03.508422,NMDC,235.77,8983,235.65,2109763,235.89,2426829
2026-08-13 21:37:03.522350,TATAPOWER,455.26,8745,455.03,1898117,455.49,1371703
2026-08-13 21:37:03.554661,BHEL,323.67,13197,323.51,1987621,323.83,1632378
2026-08-13 21:37:03.569298,HUDCO,203.46,4068,203.36,2353701,203.56,2394729
2026-08-13 21:37:03.572620,PNB,119.89,12777,119.83,1195967,119.95,1883854
2026-08-13 21:37:03.589136,NHPC,99.24,5308,99.19,1796984,99.29,1416196
2026-08-13 21:37:03.606099,SMALLCAP1,47.86,894,47.81,6912,47.91,6411
2026-08-13 21:37:03.622314,RELIANCE,3018.4,2397,3016.89,2114382,3019.91,1189807
2026-08-13 21:37:03.639793,TCS,3875.15,5989,3873.21,2481993,3877.09,1955312
2026-08-13 21:37:03.655976,INFY,1540.45,7792,1539.68,1134542,1541.22,2132712
2026-08-13 21:37:03.672239,PENNYSTOCK,14.42,10055,14.37,2307711,14.47,1412202
2026-08-13 21:37:18.407553,IDFCFIRSTB,71.87,13018,71.82,1177158,71.92,1974483
2026-08-13 21:37:18.437009,SUZLON,54.6,2138,54.55,1720964,54.65,2264475
2026-08-13 21:37:18.439007,GMRINFRA,90.09,12701,90.04,1741114,90.14,2138251
2026-08-13 21:37:18.455738,SOUTHBANK,35.68,9497,35.63,1327827,35.73,1427985
2026-08-13 21:37:18.472771,IRB,63.93,14026,63.88,2035320,63.98,1535383
2026-08-13 21:37:18.489827,HFCL,120.66,6955,120.6,1545163,120.72,1199035
2026-08-13 21:37:18.508422,NMDC,235.89,1000,235.77,1132354,236.01,1449809
2026-08-13 21:37:18.522350,TATAPOWER,456.01,7804,455.78,1148858,456.24,1959574
2026-08-13 21:37:18.554661,BHEL,322.86,4203,322.7,1757844,323.02,1910216
2026-08-13 21:37:18.569298,HUDCO,203.54,12149,203.44,1337673,203.64,2108849
2026-08-13 21:37:18.572620,PNB,119.85,9843,119.79,1988870,119.91,1504517
2026-08-13 21:37:18.589136,NHPC,99.34,3720,99.29,1532964,99.39,1960077
2026-08-13 21:37:18.606099,SMALLCAP1,47.83,138,47.78,20049,47.88,6535
2026-08-13 21:37:18.622314,RELIANCE,3029.23,6510,3027.72,1466185,3030.74,1336765
2026-08-13 21:37:18.639793,TCS,3877.34,11333,3875.4,2180479,3879.28,2371184
2026-08-13 21:37:18.655976,INFY,1541.56,12655,1540.79,1296938,1542.33,1634868
2026-08-13 21:37:18.672239,PENNYSTOCK,14.42,14490,14.37,1871360,14.47,1800914
2026-08-13 21:37:33.407553,IDFCFIRSTB,71.81,9588,71.76,2149870,71.86,1344327
2026-08-13 21:37:33.437009,SUZLON,54.82,1206,54.77,1886196,54.87,2156251
2026-08-13 21:37:33.439007,GMRINFRA,89.96,3305,89.91,2414167,90.01,1333963
2026-08-13 21:37:33.455738,SOUTHBANK,35.73,2563,35.68,1940544,35.78,2189238
2026-08-13 21:37:33.472771,IRB,63.89,12850,63.84,1155128,63.94,1334281
2026-08-13 21:37:33.489827,HFCL,120.42,4453,120.36,1064095,120.48,1361654
2026-08-13 21:37:33.508422,NMDC,235.63,13012,235.51,1642177,235.75,1994140
2026-08-13 21:37:33.522350,TATAPOWER,457.26,5608,457.03,1130560,457.49,1451845
2026-08-13 21:37:33.554661,BHEL,322.55,3108,322.39,1505533,322.71,2087175
2026-08-13 21:37:33.569298,HUDCO,203.95,4228,203.85,2011143,204.05,2369876
2026-08-13 21:37:33.572620,PNB,119.72,4548,119.66,1748637,119.78,2416252
2026-08-13 21:37:33.589136,NHPC,99.33,123048,99.28,1827249,99.38,1178987
2026-08-13 21:37:33.606099,SMALLCAP1,47.67,777,47.62,12895,47.72,13394
2026-08-13 21:37:33.622314,RELIANCE,3038.6,2974,3037.08,2287916,3040.12,1703914
2026-08-13 21:37:33.639793,TCS,3873.34,13440,3871.4,1264357,3875.28,2299836
2026-08-13 21:37:33.655976,INFY,1545.16,4637,1544.39,1330247,1545.93,2183057
2026-08-13 21:37:33.672239,PENNYSTOCK,14.43,2893,14.38,2304543,14.48,2436065
2026-08-13 21:37:48.407553,IDFCFIRSTB,71.91,11323,71.86,1170579,71.96,1683374
2026-08-13 21:37:48.437009,SUZLON,54.77,13780,54.72,1304750,54.82,1167684
2026-08-13 21:37:48.439007,GMRINFRA,89.98,10507,89.93,1564529,90.03,1905488
2026-08-13 21:37:48.455738,SOUTHBANK,35.76,6227,35.71,1177292,35.81,1258221
2026-08-13 21:37:48.472771,IRB,63.84,9913,63.79,1810164,63.89,1548135
2026-08-13 21:37:48.489827,HFCL,120.34,6249,120.28,1647792,120.4,1674483
2026-08-13 21:37:48.508422,NMDC,235.4,1792,235.28,1867098,235.52,1874852
2026-08-13 21:37:48.522350,TATAPOWER,458.45,3161,458.22,1254387,458.68,1820363
2026-08-13 21:37:48.554661,BHEL,324.01,6179,323.85,1737582,324.17,1910832
2026-08-13 21:37:48.569298,HUDCO,203.61,9159,203.51,1931609,203.71,1566284
2026-08-13 21:37:48.572620,PNB,119.99,11927,119.93,1996808,120.05,1127516
2026-08-13 21:37:48.589136,NHPC,99.49,33782,99.44,1514231,99.54,1144506
2026-08-13 21:37:48.606099,SMALLCAP1,47.76,247,47.71,20394,47.81,5787
2026-08-13 21:37:48.622314,RELIANCE,3034.83,1691,3033.31,1068888,3036.35,2128087
2026-08-13 21:37:48.639793,TCS,3872.51,10985,3870.57,2480758,3874.45,1458747
2026-08-13 21:37:48.655976,INFY,1545.68,852,1544.91,1421535,1546.45,1195518
2026-08-13 21:37:48.672239,PENNYSTOCK,14.45,11526,14.4,1553768,14.5,1943341
2026-08-13 21:38:03.407553,IDFCFIRSTB,71.94,6758,71.89,2386294,71.99,2146682
2026-08-13 21:38:03.437009,SUZLON,54.87,10221,54.82,1087965,54.92,2274954
2026-08-13 21:38:03.439007,GMRINFRA,89.95,1062,89.9,1798085,90.0,2190264
2026-08-13 21:38:03.455738,SOUTHBANK,35.71,8283,35.66,2388568,35.76,1443681
2026-08-13 21:38:03.472771,IRB,63.63,9330,63.58,1843110,63.68,2251546
2026-08-13 21:38:03.489827,HFCL,120.19,4261,120.13,1591937,120.25,1060888
2026-08-13 21:38:03.508422,NMDC,235.95,8887,235.83,1673456,236.07,1768247
2026-08-13 21:38:03.522350,TATAPOWER,457.8,3364,457.57,1340698,458.03,1991315
2026-08-13 21:38:03.554661,BHEL,324.86,8138,324.7,1563556,325.02,1077297
2026-08-13 21:38:03.569298,HUDCO,204.18,12135,204.08,1750960,204.28,2334308
2026-08-13 21:38:03.572620,PNB,119.91,1970,119.85,1784521,119.97,1454757
2026-08-13 21:38:03.589136,NHPC,99.22,9743,99.17,1251546,99.27,2334229
2026-08-13 21:38:03.606099,SMALLCAP1,47.78,733,47.73,9782,47.83,19890
2026-08-13 21:38:03.622314,RELIANCE,3033.91,4140,3032.39,1370437,3035.43,1619017
2026-08-13 21:38:03.639793,TCS,3868.9,10964,3866.97,1762328,3870.83,2082255
2026-08-13 21:38:03.655976,INFY,1549.34,834,1548.57,2387432,1550.11,1785963
2026-08-13 21:38:03.672239,PENNYSTOCK,14.43,13480,14.38,1839936,14.48,2415009
2026-08-13 21:38:18.407553,IDFCFIRSTB,71.59,2915,71.54,1798846,71.64,2236752
2026-08-13 21:38:18.437009,SUZLON,54.86,13422,54.81,2168975,54.91,1719343
2026-08-13 21:38:18.439007,GMRINFRA,90.17,14897,90.12,1676056,90.22,1751641
2026-08-13 21:38:18.455738,SOUTHBANK,35.7,10720,35.65,1487147,35.75,1250253
2026-08-13 21:38:18.472771,IRB,63.42,13960,63.37,2327430,63.47,1569197
2026-08-13 21:38:18.489827,HFCL,120.38,12631,120.32,2348540,120.44,1541826
2026-08-13 21:38:18.508422,NMDC,236.23,18711,236.11,2396460,236.35,1091960
2026-08-13 21:38:18.522350,TATAPOWER,457.3,4864,457.07,2086054,457.53,2375463
2026-08-13 21:38:18.554661,BHEL,325.23,14862,325.07,1749787,325.39,2391225
2026-08-13 21:38:18.569298,HUDCO,204.32,9182,204.22,2340493,204.42,1479803
2026-08-13 21:38:18.572620,PNB,119.74,13816,119.68,1070114,119.8,1063437
2026-08-13 21:38:18.589136,NHPC,99.2,14957,99.15,1509624,99.25,1350152
2026-08-13 21:38:18.606099,SMALLCAP1,47.84,893,47.79,21602,47.89,18662
2026-08-13 21:38:18.622314,RELIANCE,3035.53,11291,3034.01,1820653,3037.05,2429090
2026-08-13 21:38:18.639793,TCS,3869.48,178260,3867.55,1578181,3871.41,2464214
2026-08-13 21:38:18.655976,INFY,1544.1,651,1543.33,2277421,1544.87,1195472
2026-08-13 21:38:18.672239,PENNYSTOCK,14.44,2776,14.39,1948595,14.49,1795945
2026-08-13 21:38:33.407553,IDFCFIRSTB,71.66,11582,71.61,1076521,71.71,1610342
2026-08-13 21:38:33.437009,SUZLON,54.89,4819,54.84,1097783,54.94,2289529
2026-08-13 21:38:33.439007,GMRINFRA,90.11,2016,90.06,1865389,90.16,2000075
2026-08-13 21:38:33.455738,SOUTHBANK,35.69,8027,35.64,2400029,35.74,1788643
2026-08-13 21:38:33.472771,IRB,63.37,2128,63.32,1901204,63.42,1832203
2026-08-13 21:38:33.489827,HFCL,121.08,6862,121.02,1766804,121.14,1643458
2026-08-13 21:38:33.508422,NMDC,237.28,5368,237.16,1306612,237.4,2067588
2026-08-13 21:38:33.522350,TATAPOWER,457.31,10800,457.08,1439050,457.54,1730733
2026-08-13 21:38:33.554661,BHEL,326.53,12063,326.37,1700376,326.69,1772165
2026-08-13 21:38:33.569298,HUDCO,204.46,14327,204.36,2005973,204.56,1163690
2026-08-13 21:38:33.572620,PNB,119.75,5584,119.69,1815345,119.81,1144843
2026-08-13 21:38:33.589136,NHPC,99.26,4789,99.21,1089098,99.31,2063893
2026-08-13 21:38:33.606099,SMALLCAP1,47.93,897,47.88,14790,47.98,9349
2026-08-13 21:38:33.622314,RELIANCE,3035.49,7613,3033.97,2079350,3037.01,2447404
2026-08-13 21:38:33.639793,TCS,3865.82,11710,3863.89,1512374,3867.75,1636103
2026-08-13 21:38:33.655976,INFY,1541.28,686,1540.51,2056371,1542.05,1093147
2026-08-13 21:38:33.672239,PENNYSTOCK,14.47,4733,14.42,2172325,14.52,1565587
2026-08-13 21:38:48.407553,IDFCFIRSTB,71.67,11927,71.62,1097428,71.72,1639319
2026-08-13 21:38:48.437009,SUZLON,54.88,7621,54.83,2291618,54.93,1092656
2026-08-13 21:38:48.439007,GMRINFRA,90.15,12273,90.1,1332096,90.2,1394666
2026-08-13 21:38:48.455738,SOUTHBANK,35.69,3317,35.64,2345734,35.74,2190147
2026-08-13 21:38:48.472771,IRB,63.33,11972,63.28,2307502,63.38,2022393
2026-08-13 21:38:48.489827,HFCL,121.23,9344,121.17,1306973,121.29,1341285
2026-08-13 21:38:48.508422,NMDC,237.1,13355,236.98,2213426,237.22,2327013
2026-08-13 21:38:48.522350,TATAPOWER,457.44,2975,457.21,1373997,457.67,2370668
2026-08-13 21:38:48.554661,BHEL,325.92,12070,325.76,1471289,326.08,2148517
2026-08-13 21:38:48.569298,HUDCO,204.01,6612,203.91,1390677,204.11,1695134
2026-08-13 21:38:48.572620,PNB,119.83,11389,119.77,2086934,119.89,1395583
2026-08-13 21:38:48.589136,NHPC,99.48,1390,99.43,1582611,99.53,1920768
2026-08-13 21:38:48.606099,SMALLCAP1,47.86,795,47.81,16121,47.91,22093
2026-08-13 21:38:48.622314,RELIANCE,3034.34,9970,3032.82,1739752,3035.86,1196146
2026-08-13 21:38:48.639793,TCS,3863.79,8190,3861.86,1959080,3865.72,1888130
2026-08-13 21:38:48.655976,INFY,1540.97,13738,1540.2,2195506,1541.74,2445090
2026-08-13 21:38:48.672239,PENNYSTOCK,14.49,12056,14.44,1526983,14.54,2177680
2026-08-13 21:39:03.407553,IDFCFIRSTB,71.62,1637,71.57,1570775,71.67,1465002
2026-08-13 21:39:03.437009,SUZLON,54.72,2169,54.67,1424115,54.77,1194663
2026-08-13 21:39:03.439007,GMRINFRA,90.41,7438,90.36,2472233,90.46,2378458
2026-08-13 21:39:03.455738,SOUTHBANK,35.81,722,35.76,1538088,35.86,2074997
2026-08-13 21:39:03.472771,IRB,63.34,14982,63.29,2316310,63.39,1904860
2026-08-13 21:39:03.489827,HFCL,121.25,2505,121.19,1062751,121.31,2454523
2026-08-13 21:39:03.508422,NMDC,237.32,6198,237.2,1347602,237.44,2348464
2026-08-13 21:39:03.522350,TATAPOWER,459.52,2777,459.29,1599080,459.75,1939842
2026-08-13 21:39:03.554661,BHEL,325.84,13637,325.68,1290917,326.0,1420801
2026-08-13 21:39:03.569298,HUDCO,203.89,8581,203.79,1552346,203.99,1844669
2026-08-13 21:39:03.572620,PNB,119.69,2298,119.63,1291352,119.75,2284261
2026-08-13 21:39:03.589136,NHPC,99.41,8954,99.36,1918821,99.46,1249260
2026-08-13 21:39:03.606099,SMALLCAP1,47.79,712,47.74,11904,47.84,19170
2026-08-13 21:39:03.622314,RELIANCE,3026.54,8254,3025.03,1113112,3028.05,1965958
2026-08-13 21:39:03.639793,TCS,3852.34,8193,3850.41,1951956,3854.27,1683135
2026-08-13 21:39:03.655976,INFY,1540.68,1114,1539.91,2193369,1541.45,1408634
2026-08-13 21:39:03.672239,PENNYSTOCK,14.48,4931,14.43,1422575,14.53,1149237
2026-08-13 21:39:18.407553,IDFCFIRSTB,71.86,14820,71.81,2302042,71.91,1790205
2026-08-13 21:39:18.437009,SUZLON,54.77,8347,54.72,1357435,54.82,1215504
2026-08-13 21:39:18.439007,GMRINFRA,90.45,2842,90.4,1380458,90.5,1497735
2026-08-13 21:39:18.455738,SOUTHBANK,35.9,10411,35.85,1250304,35.95,2065880
2026-08-13 21:39:18.472771,IRB,63.28,558,63.23,2233526,63.33,1335073
2026-08-13 21:39:18.489827,HFCL,121.21,4594,121.15,1433581,121.27,1841776
2026-08-13 21:39:18.508422,NMDC,237.84,7460,237.72,2436839,237.96,1911371
2026-08-13 21:39:18.522350,TATAPOWER,460.27,9651,460.04,1066036,460.5,1309263
2026-08-13 21:39:18.554661,BHEL,325.75,10480,325.59,2383641,325.91,2134571
2026-08-13 21:39:18.569298,HUDCO,203.42,14056,203.32,2392669,203.52,2012844
2026-08-13 21:39:18.572620,PNB,119.75,10866,119.69,1457353,119.81,2374992
2026-08-13 21:39:18.589136,NHPC,99.26,43530,99.21,1586978,99.31,1983241
2026-08-13 21:39:18.606099,SMALLCAP1,47.8,2106,47.75,21305,47.85,16858
2026-08-13 21:39:18.622314,RELIANCE,3024.98,8796,3023.47,1266168,3026.49,2057253
2026-08-13 21:39:18.639793,TCS,3857.8,11460,3855.87,1789879,3859.73,1301620
2026-08-13 21:39:18.655976,INFY,1542.27,14029,1541.5,1879658,1543.04,1855907
2026-08-13 21:39:18.672239,PENNYSTOCK,14.45,11807,14.4,2115520,14.5,1214350
2026-08-13 21:39:33.407553,IDFCFIRSTB,72.02,5339,71.97,1383388,72.07,1620832
2026-08-13 21:39:33.437009,SUZLON,54.81,13203,54.76,1193550,54.86,2463846
2026-08-13 21:39:33.439007,GMRINFRA,90.57,504,90.52,2102981,90.62,1307055
2026-08-13 21:39:33.455738,SOUTHBANK,35.87,8498,35.82,1770318,35.92,1608398
2026-08-13 21:39:33.472771,IRB,63.41,2273,63.36,1854577,63.46,2300950
2026-08-13 21:39:33.489827,HFCL,121.18,3846,121.12,1974927,121.24,1554033
2026-08-13 21:39:33.508422,NMDC,237.74,10091,237.62,1648763,237.86,2183503
2026-08-13 21:39:33.522350,TATAPOWER,460.49,11598,460.26,1291931,460.72,1213940
2026-08-13 21:39:33.554661,BHEL,325.68,7421,325.52,2040558,325.84,2171140
2026-08-13 21:39:33.569298,HUDCO,203.48,4851,203.38,1336333,203.58,1147456
2026-08-13 21:39:33.572620,PNB,119.87,10068,119.81,1394837,119.93,1230797
2026-08-13 21:39:33.589136,NHPC,99.52,7239,99.47,1589571,99.57,1183644
2026-08-13 21:39:33.606099,SMALLCAP1,47.71,715,47.66,10634,47.76,14491
2026-08-13 21:39:33.622314,RELIANCE,3022.26,13490,3020.75,1989663,3023.77,2287660
2026-08-13 21:39:33.639793,TCS,3852.86,10854,3850.93,2493366,3854.79,1392618
2026-08-13 21:39:33.655976,INFY,1542.17,3831,1541.4,1845632,1542.94,1308886
2026-08-13 21:39:33.672239,PENNYSTOCK,14.43,2397,14.38,1797091,14.48,1858383
2026-08-13 21:39:48.407553,IDFCFIRSTB,72.0,3525,71.95,1600009,72.05,1730242
2026-08-13 21:39:48.437009,SUZLON,54.82,8719,54.77,1901935,54.87,1362015
2026-08-13 21:39:48.439007,GMRINFRA,90.7,1292,90.65,1759380,90.75,1679437
2026-08-13 21:39:48.455738,SOUTHBANK,36.0,991,35.95,2181152,36.05,1946294
2026-08-13 21:39:48.472771,IRB,63.42,8069,63.37,1634139,63.47,1658763
2026-08-13 21:39:48.489827,HFCL,121.3,666,121.24,1953379,121.36,2497231
2026-08-13 21:39:48.508422,NMDC,237.42,7557,237.3,1099054,237.54,2065743
2026-08-13 21:39:48.522350,TATAPOWER,460.11,2592,459.88,1724631,460.34,1588756
2026-08-13 21:39:48.554661,BHEL,325.18,3230,325.02,1470874,325.34,2235287
2026-08-13 21:39:48.569298,HUDCO,203.6,14169,203.5,1268446,203.7,1516923
2026-08-13 21:39:48.572620,PNB,119.69,14187,119.63,1554470,119.75,2106727
2026-08-13 21:39:48.589136,NHPC,99.53,634,99.48,1525231,99.58,1611806
2026-08-13 21:39:48.606099,SMALLCAP1,47.79,391,47.74,18653,47.84,5402
2026-08-13 21:39:48.622314,RELIANCE,3015.46,12981,3013.95,1581417,3016.97,1390058
2026-08-13 21:39:48.639793,TCS,3860.43,7321,3858.5,1196961,3862.36,1967851
2026-08-13 21:39:48.655976,INFY,1543.34,10618,1542.57,1962677,1544.11,2484748
2026-08-13 21:39:48.672239,PENNYSTOCK,14.47,2673,14.42,1684967,14.52,1740442
2026-08-13 21:40:03.407553,IDFCFIRSTB,71.99,14640,71.94,1337546,72.04,2394549
2026-08-13 21:40:03.437009,SUZLON,54.75,14243,54.7,1174401,54.8,1757761
2026-08-13 21:40:03.439007,GMRINFRA,90.53,10327,90.48,2391923,90.58,2274403
2026-08-13 21:40:03.455738,SOUTHBANK,36.14,2281,36.09,1950137,36.19,1870688
2026-08-13 21:40:03.472771,IRB,63.41,6925,63.36,1450135,63.46,1952782
2026-08-13 21:40:03.489827,HFCL,121.32,5191,121.26,2092182,121.38,1557432
2026-08-13 21:40:03.508422,NMDC,237.5,10868,237.38,1396272,237.62,1554678
2026-08-13 21:40:03.522350,TATAPOWER,461.01,8334,460.78,1994177,461.24,2023896
2026-08-13 21:40:03.554661,BHEL,325.42,1291,325.26,2485457,325.58,1993184
2026-08-13 21:40:03.569298,HUDCO,203.97,7412,203.87,1240037,204.07,2047782
2026-08-13 21:40:03.572620,PNB,119.57,3280,119.51,1130294,119.63,1137594
2026-08-13 21:40:03.589136,NHPC,99.43,10905,99.38,1681933,99.48,2267460
2026-08-13 21:40:03.606099,SMALLCAP1,47.75,667,47.7,12028,47.8,10531
2026-08-13 21:40:03.622314,RELIANCE,3022.85,1686,3021.34,1762387,3024.36,2010585
2026-08-13 21:40:03.639793,TCS,3860.13,7559,3858.2,1095565,3862.06,2028267
2026-08-13 21:40:03.655976,INFY,1545.59,12609,1544.82,1396382,1546.36,1857580
2026-08-13 21:40:03.672239,PENNYSTOCK,14.5,1817,14.45,1172469,14.55,1773158
2026-08-13 21:40:18.407553,IDFCFIRSTB,71.85,967,71.8,1965102,71.9,1919181
2026-08-13 21:40:18.437009,SUZLON,54.64,13351,54.59,1099555,54.69,1878482
2026-08-13 21:40:18.439007,GMRINFRA,90.66,9645,90.61,1477342,90.71,2148762
2026-08-13 21:40:18.455738,SOUTHBANK,36.18,14464,36.13,1214860,36.23,1335716
2026-08-13 21:40:18.472771,IRB,63.39,13203,63.34,2295214,63.44,1225123
2026-08-13 21:40:18.489827,HFCL,121.35,4136,121.29,1138846,121.41,2140624
2026-08-13 21:40:18.508422,NMDC,237.76,3539,237.64,1999262,237.88,1181468
2026-08-13 21:40:18.522350,TATAPOWER,461.15,13232,460.92,2151494,461.38,1323775
2026-08-13 21:40:18.554661,BHEL,325.0,14322,324.84,1473312,325.16,1534894
2026-08-13 21:40:18.569298,HUDCO,204.46,820,204.36,1381762,204.56,2402306
2026-08-13 21:40:18.572620,PNB,119.84,13330,119.78,1741221,119.9,1169259
2026-08-13 21:40:18.589136,NHPC,99.33,7117,99.28,1225138,99.38,1451341
2026-08-13 21:40:18.606099,SMALLCAP1,47.7,200,47.65,14544,47.75,12727
2026-08-13 21:40:18.622314,RELIANCE,3025.25,9419,3023.74,1734903,3026.76,1091459
2026-08-13 21:40:18.639793,TCS,3859.02,64300,3857.09,1980205,3860.95,2271299
2026-08-13 21:40:18.655976,INFY,1545.38,11320,1544.61,1616029,1546.15,1675657
2026-08-13 21:40:18.672239,PENNYSTOCK,14.5,2510,14.45,2218545,14.55,2349744
2026-08-13 21:40:33.407553,IDFCFIRSTB,71.85,4002,71.8,1557884,71.9,1407021
2026-08-13 21:40:33.437009,SUZLON,54.68,2186,54.63,1615127,54.73,2392933
2026-08-13 21:40:33.439007,GMRINFRA,90.57,7146,90.52,2362198,90.62,1548202
2026-08-13 21:40:33.455738,SOUTHBANK,36.1,7272,36.05,1656256,36.15,1321449
2026-08-13 21:40:33.472771,IRB,63.16,13745,63.11,1134317,63.21,1640229
2026-08-13 21:40:33.489827,HFCL,121.41,4726,121.35,1077652,121.47,1782722
2026-08-13 21:40:33.508422,NMDC,238.17,13548,238.05,1648598,238.29,1120640
2026-08-13 21:40:33.522350,TATAPOWER,460.64,4967,460.41,1199090,460.87,1833795
2026-08-13 21:40:33.554661,BHEL,325.63,5885,325.47,1121576,325.79,1601455
2026-08-13 21:40:33.569298,HUDCO,204.55,10401,204.45,1111242,204.65,1135241
2026-08-13 21:40:33.572620,PNB,120.04,14218,119.98,2253485,120.1,1868061
2026-08-13 21:40:33.589136,NHPC,99.56,13043,99.51,2430186,99.61,2356642
2026-08-13 21:40:33.606099,SMALLCAP1,47.67,912,47.62,20276,47.72,10909
2026-08-13 21:40:33.622314,RELIANCE,3019.7,9271,3018.19,1201642,3021.21,1412012
2026-08-13 21:40:33.639793,TCS,3853.65,2335,3851.72,1286174,3855.58,1590830
2026-08-13 21:40:33.655976,INFY,1546.24,1303,1545.47,1278352,1547.01,1706149
2026-08-13 21:40:33.672239,PENNYSTOCK,14.54,10259,14.49,1970525,14.59,2327137
2026-08-13 21:40:48.407553,IDFCFIRSTB,71.69,12590,71.64,1177270,71.74,2435174
2026-08-13 21:40:48.437009,SUZLON,54.84,4417,54.79,2348196,54.89,1563908
2026-08-13 21:40:48.439007,GMRINFRA,90.52,14158,90.47,1092102,90.57,1261163
2026-08-13 21:40:48.455738,SOUTHBANK,36.16,8956,36.11,1391208,36.21,1700103
2026-08-13 21:40:48.472771,IRB,63.05,14850,63.0,1835396,63.1,1885393
2026-08-13 21:40:48.489827,HFCL,121.26,164659,121.2,1687647,121.32,1843221
2026-08-13 21:40:48.508422,NMDC,238.39,4809,238.27,1940355,238.51,2494880
2026-08-13 21:40:48.522350,TATAPOWER,460.78,2791,460.55,1481833,461.01,1631235
2026-08-13 21:40:48.554661,BHEL,326.15,512,325.99,1301169,326.31,1516833
2026-08-13 21:40:48.569298,HUDCO,204.65,3659,204.55,1074027,204.75,1698557
2026-08-13 21:40:48.572620,PNB,120.39,4445,120.33,1523116,120.45,1753998
2026-08-13 21:40:48.589136,NHPC,99.47,1951,99.42,1867406,99.52,2181930
2026-08-13 21:40:48.606099,SMALLCAP1,47.78,138,47.73,21118,47.83,9694
2026-08-13 21:40:48.622314,RELIANCE,3019.11,13185,3017.6,1555039,3020.62,1532819
2026-08-13 21:40:48.639793,TCS,3854.57,8070,3852.64,1197605,3856.5,2220120
2026-08-13 21:40:48.655976,INFY,1541.87,6865,1541.1,2393803,1542.64,1377246
2026-08-13 21:40:48.672239,PENNYSTOCK,14.55,10952,14.5,1695580,14.6,1223633
2026-08-13 21:41:03.407553,IDFCFIRSTB,71.73,12163,71.68,1774898,71.78,1206466
2026-08-13 21:41:03.437009,SUZLON,54.98,10639,54.93,1208519,55.03,1282818
2026-08-13 21:41:03.439007,GMRINFRA,90.41,59634,90.36,1244583,90.46,1151113
2026-08-13 21:41:03.455738,SOUTHBANK,36.12,10398,36.07,2036551,36.17,2216784
2026-08-13 21:41:03.472771,IRB,63.13,13158,63.08,1866410,63.18,2328980
2026-08-13 21:41:03.489827,HFCL,121.36,12558,121.3,1858106,121.42,2346681
2026-08-13 21:41:03.508422,NMDC,238.66,8307,238.54,1959504,238.78,1799797
2026-08-13 21:41:03.522350,TATAPOWER,461.35,7736,461.12,1199858,461.58,1774687
2026-08-13 21:41:03.554661,BHEL,326.55,3022,326.39,2468523,326.71,1631756
2026-08-13 21:41:03.569298,HUDCO,204.51,6411,204.41,1645244,204.61,2332267
2026-08-13 21:41:03.572620,PNB,120.22,1516,120.16,2090463,120.28,1888817
2026-08-13 21:41:03.589136,NHPC,99.5,8638,99.45,2009129,99.55,1880366
2026-08-13 21:41:03.606099,SMALLCAP1,47.86,575,47.81,23203,47.91,8797
2026-08-13 21:41:03.622314,RELIANCE,3018.67,12953,3017.16,2424038,3020.18,2239632
2026-08-13 21:41:03.639793,TCS,3854.59,10012,3852.66,1691594,3856.52,1982484
2026-08-13 21:41:03.655976,INFY,1539.61,2386,1538.84,2186269,1540.38,1855102
2026-08-13 21:41:03.672239,PENNYSTOCK,14.57,8721,14.52,2445287,14.62,1248510
2026-08-13 21:41:18.407553,IDFCFIRSTB,71.85,1579,71.8,2116618,71.9,1675264
2026-08-13 21:41:18.437009,SUZLON,55.02,11336,54.97,1836035,55.07,2348307
2026-08-13 21:41:18.439007,GMRINFRA,90.3,2764,90.25,2259561,90.35,2466763
2026-08-13 21:41:18.455738,SOUTHBANK,36.08,10374,36.03,1286906,36.13,1486990
2026-08-13 21:41:18.472771,IRB,63.24,3847,63.19,2272493,63.29,1593721
2026-08-13 21:41:18.489827,HFCL,121.26,6809,121.2,1259422,121.32,1348222
2026-08-13 21:41:18.508422,NMDC,238.93,7619,238.81,1965075,239.05,1519044
2026-08-13 21:41:18.522350,TATAPOWER,461.53,22552,461.3,1396300,461.76,1329019
2026-08-13 21:41:18.554661,BHEL,327.03,13568,326.87,1175577,327.19,2376398
2026-08-13 21:41:18.569298,HUDCO,203.91,6105,203.81,1120950,204.01,2393610
2026-08-13 21:41:18.572620,PNB,120.44,13717,120.38,2211805,120.5,2242580
2026-08-13 21:41:18.589136,NHPC,99.56,915,99.51,1502973,99.61,1591647
2026-08-13 21:41:18.606099,SMALLCAP1,47.85,737,47.8,14620,47.9,15379
2026-08-13 21:41:18.622314,RELIANCE,3018.16,6906,3016.65,2373509,3019.67,1380056
2026-08-13 21:41:18.639793,TCS,3856.35,566,3854.42,2171062,3858.28,2046302
2026-08-13 21:41:18.655976,INFY,1538.41,1992,1537.64,2408490,1539.18,2389545
2026-08-13 21:41:18.672239,PENNYSTOCK,14.55,13773,14.5,1385603,14.6,1523598
2026-08-13 21:41:33.407553,IDFCFIRSTB,71.74,5654,71.69,2008624,71.79,1420758
2026-08-13 21:41:33.437009,SUZLON,55.02,2707,54.97,1624567,55.07,1986710
2026-08-13 21:41:33.439007,GMRINFRA,90.43,5618,90.38,2140221,90.48,1498341
2026-08-13 21:41:33.455738,SOUTHBANK,36.0,6000,35.95,2280975,36.05,2032448
2026-08-13 21:41:33.472771,IRB,63.18,14377,63.13,1124270,63.23,2071448
2026-08-13 21:41:33.489827,HFCL,121.26,4012,121.2,1936811,121.32,1780722
2026-08-13 21:41:33.508422,NMDC,238.66,3951,238.54,1344248,238.78,1580754
2026-08-13 21:41:33.522350,TATAPOWER,462.08,6339,461.85,1535273,462.31,1616194
2026-08-13 21:41:33.554661,BHEL,326.64,4697,326.48,1450215,326.8,1341958
2026-08-13 21:41:33.569298,HUDCO,204.09,6010,203.99,2416370,204.19,2425424
2026-08-13 21:41:33.572620,PNB,120.71,6971,120.65,1870182,120.77,1766727
2026-08-13 21:41:33.589136,NHPC,99.64,5116,99.59,1392699,99.69,2262816
2026-08-13 21:41:33.606099,SMALLCAP1,47.93,283,47.88,6328,47.98,15121
2026-08-13 21:41:33.622314,RELIANCE,3021.85,5541,3020.34,1221918,3023.36,1823897
2026-08-13 21:41:33.639793,TCS,3850.67,856,3848.74,1832580,3852.6,1408945
2026-08-13 21:41:33.655976,INFY,1536.78,13755,1536.01,1991952,1537.55,2191854
2026-08-13 21:41:33.672239,PENNYSTOCK,14.54,5564,14.49,2347763,14.59,1257510
2026-08-13 21:41:48.407553,IDFCFIRSTB,71.72,4469,71.67,1106332,71.77,2092282
2026-08-13 21:41:48.437009,SUZLON,54.97,81802,54.92,1095042,55.02,2452802
2026-08-13 21:41:48.439007,GMRINFRA,90.88,2746,90.83,1948223,90.93,1399877
2026-08-13 21:41:48.455738,SOUTHBANK,35.91,971,35.86,1622469,35.96,1938884
2026-08-13 21:41:48.472771,IRB,63.15,740,63.1,2308549,63.2,2248226
2026-08-13 21:41:48.489827,HFCL,121.19,10814,121.13,1352916,121.25,2124350
2026-08-13 21:41:48.508422,NMDC,239.03,1380,238.91,2471564,239.15,1683251
2026-08-13 21:41:48.522350,TATAPOWER,462.63,8164,462.4,2171102,462.86,1682662
2026-08-13 21:41:48.554661,BHEL,326.78,2406,326.62,2204311,326.94,1290028
2026-08-13 21:41:48.569298,HUDCO,203.95,5809,203.85,2472269,204.05,1639219
2026-08-13 21:41:48.572620,PNB,120.93,11694,120.87,1425195,120.99,1919071
2026-08-13 21:41:48.589136,NHPC,99.64,10169,99.59,1353067,99.69,2202365
2026-08-13 21:41:48.606099,SMALLCAP1,48.0,532,47.95,12427,48.05,12146
2026-08-13 21:41:48.622314,RELIANCE,3022.7,5911,3021.19,1701404,3024.21,1498569
2026-08-13 21:41:48.639793,TCS,3849.85,1657,3847.93,1521686,3851.77,1385819
2026-08-13 21:41:48.655976,INFY,1537.88,6432,1537.11,2325184,1538.65,1956677
2026-08-13 21:41:48.672239,PENNYSTOCK,14.55,1584,14.5,2257219,14.6,1821797
2026-08-13 21:42:03.407553,IDFCFIRSTB,71.85,14644,71.8,1360940,71.9,2310576
2026-08-13 21:42:03.437009,SUZLON,55.03,1590,54.98,1078287,55.08,2102928
2026-08-13 21:42:03.439007,GMRINFRA,90.9,9661,90.85,1206730,90.95,1871795
2026-08-13 21:42:03.455738,SOUTHBANK,35.94,10017,35.89,1680980,35.99,1771464
2026-08-13 21:42:03.472771,IRB,63.31,3115,63.26,1931169,63.36,1974216
2026-08-13 21:42:03.489827,HFCL,121.2,2029,121.14,2244433,121.26,1498882
2026-08-13 21:42:03.508422,NMDC,239.28,8315,239.16,1765085,239.4,2194304
2026-08-13 21:42:03.522350,TATAPOWER,461.92,8481,461.69,1273891,462.15,1338124
2026-08-13 21:42:03.554661,BHEL,327.26,11506,327.1,1244257,327.42,2254475
2026-08-13 21:42:03.569298,HUDCO,204.1,1896,204.0,1388068,204.2,1219767
2026-08-13 21:42:03.572620,PNB,120.98,7079,120.92,1285133,121.04,2409699
2026-08-13 21:42:03.589136,NHPC,99.54,6608,99.49,1297441,99.59,2109773
2026-08-13 21:42:03.606099,SMALLCAP1,47.93,382,47.88,11813,47.98,12482
2026-08-13 21:42:03.622314,RELIANCE,3010.16,3360,3008.65,2363286,3011.67,2138211
2026-08-13 21:42:03.639793,TCS,3861.38,13301,3859.45,1249460,3863.31,1268231
2026-08-13 21:42:03.655976,INFY,1542.35,5272,1541.58,1274899,1543.12,2486895
2026-08-13 21:42:03.672239,PENNYSTOCK,14.55,4545,14.5,1769858,14.6,1704372
2026-08-13 21:42:18.407553,IDFCFIRSTB,71.88,803,71.83,2095688,71.93,1437331
2026-08-13 21:42:18.437009,SUZLON,54.95,123770,54.9,1539756,55.0,1877906
2026-08-13 21:42:18.439007,GMRINFRA,91.08,10268,91.03,1809758,91.13,1720588
2026-08-13 21:42:18.455738,SOUTHBANK,35.99,12052,35.94,1293595,36.04,1387300
2026-08-13 21:42:18.472771,IRB,63.37,11705,63.32,1343550,63.42,1532611
2026-08-13 21:42:18.489827,HFCL,121.1,3967,121.04,1546959,121.16,2236809
2026-08-13 21:42:18.508422,NMDC,238.56,918,238.44,1913950,238.68,1271246
2026-08-13 21:42:18.522350,TATAPOWER,461.29,10656,461.06,1885788,461.52,1212614
2026-08-13 21:42:18.554661,BHEL,326.69,3318,326.53,1076839,326.85,1586656
2026-08-13 21:42:18.569298,HUDCO,203.36,9510,203.26,1620547,203.46,1975185
2026-08-13 21:42:18.572620,PNB,121.16,1180,121.1,2328013,121.22,1245568
2026-08-13 21:42:18.589136,NHPC,99.26,11700,99.21,2234918,99.31,1128894
2026-08-13 21:42:18.606099,SMALLCAP1,48.0,458,47.95,12529,48.05,11421
2026-08-13 21:42:18.622314,RELIANCE,3006.6,9609,3005.1,1611455,3008.1,1198525
2026-08-13 21:42:18.639793,TCS,3856.02,9759,3854.09,2339771,3857.95,2453289
2026-08-13 21:42:18.655976,INFY,1544.12,8967,1543.35,1477181,1544.89,1151893
2026-08-13 21:42:18.672239,PENNYSTOCK,14.59,4797,14.54,1113337,14.64,1986694
2026-08-13 21:42:33.407553,IDFCFIRSTB,71.96,14719,71.91,2243640,72.01,2165425
2026-08-13 21:42:33.437009,SUZLON,54.98,9903,54.93,2444843,55.03,1661687
2026-08-13 21:42:33.439007,GMRINFRA,90.98,8003,90.93,1700328,91.03,2393657
2026-08-13 21:42:33.455738,SOUTHBANK,35.98,9816,35.93,1724866,36.03,1263328
2026-08-13 21:42:33.472771,IRB,63.26,2980,63.21,1604433,63.31,1361692
2026-08-13 21:42:33.489827,HFCL,121.16,8665,121.1,2066407,121.22,2043881
2026-08-13 21:42:33.508422,NMDC,238.55,15042,238.43,2265943,238.67,2222503
2026-08-13 21:42:33.522350,TATAPOWER,461.14,5544,460.91,1246323,461.37,1793272
2026-08-13 21:42:33.554661,BHEL,326.75,2105,326.59,1137937,326.91,1492279
2026-08-13 21:42:33.569298,HUDCO,203.6,3146,203.5,1111080,203.7,1258861
2026-08-13 21:42:33.572620,PNB,121.6,6922,121.54,1069957,121.66,1986475
2026-08-13 21:42:33.589136,NHPC,99.38,13101,99.33,1642076,99.43,2041487
2026-08-13 21:42:33.606099,SMALLCAP1,48.11,669,48.06,23145,48.16,23746
2026-08-13 21:42:33.622314,RELIANCE,3007.87,11929,3006.37,1490933,3009.37,1581512
2026-08-13 21:42:33.639793,TCS,3848.6,2473,3846.68,2480672,3850.52,2285199
2026-08-13 21:42:33.655976,INFY,1543.52,12642,1542.75,2167073,1544.29,1938705
2026-08-13 21:42:33.672239,PENNYSTOCK,14.58,2442,14.53,2078083,14.63,2039502
2026-08-13 21:42:48.407553,IDFCFIRSTB,71.96,11425,71.91,1644847,72.01,1567267
2026-08-13 21:42:48.437009,SUZLON,55.02,11846,54.97,1222704,55.07,1327526
2026-08-13 21:42:48.439007,GMRINFRA,91.19,5212,91.14,1933510,91.24,1454762
2026-08-13 21:42:48.455738,SOUTHBANK,35.91,5433,35.86,2440726,35.96,1540204
2026-08-13 21:42:48.472771,IRB,63.3,840,63.25,1881832,63.35,1691626
2026-08-13 21:42:48.489827,HFCL,121.3,6999,121.24,1154591,121.36,2129267
2026-08-13 21:42:48.508422,NMDC,238.58,14079,238.46,2364132,238.7,1799455
2026-08-13 21:42:48.522350,TATAPOWER,460.42,5402,460.19,1330756,460.65,1737815
2026-08-13 21:42:48.554661,BHEL,326.06,1465,325.9,1775748,326.22,1111211
2026-08-13 21:42:48.569298,HUDCO,203.75,7715,203.65,1770389,203.85,2302814
2026-08-13 21:42:48.572620,PNB,121.33,13413,121.27,2330937,121.39,1137305
2026-08-13 21:42:48.589136,NHPC,99.49,9532,99.44,1911546,99.54,1849934
2026-08-13 21:42:48.606099,SMALLCAP1,48.16,931,48.11,23885,48.21,6978
2026-08-13 21:42:48.622314,RELIANCE,3012.16,6513,3010.65,1619738,3013.67,1416308
2026-08-13 21:42:48.639793,TCS,3855.24,47467,3853.31,1401803,3857.17,1318146
2026-08-13 21:42:48.655976,INFY,1541.36,12904,1540.59,2294087,1542.13,1948330
2026-08-13 21:42:48.672239,PENNYSTOCK,14.55,12950,14.5,1252977,14.6,1259916
2026-08-13 21:43:03.407553,IDFCFIRSTB,71.82,12444,71.77,2370818,71.87,2029590
2026-08-13 21:43:03.437009,SUZLON,55.13,10464,55.08,1498722,55.18,1084383
2026-08-13 21:43:03.439007,GMRINFRA,91.21,13700,91.16,2126551,91.26,2162308
2026-08-13 21:43:03.455738,SOUTHBANK,35.89,6484,35.84,2433972,35.94,1782282
2026-08-13 21:43:03.472771,IRB,63.42,12486,63.37,1267357,63.47,1058891
2026-08-13 21:43:03.489827,HFCL,121.12,17262,121.06,1422874,121.18,1254068
2026-08-13 21:43:03.508422,NMDC,238.42,8666,238.3,1225437,238.54,1503277
2026-08-13 21:43:03.522350,TATAPOWER,460.07,4063,459.84,2287707,460.3,1573285
2026-08-13 21:43:03.554661,BHEL,325.91,14176,325.75,2117217,326.07,1211896
2026-08-13 21:43:03.569298,HUDCO,203.51,4212,203.41,1311531,203.61,1321830
2026-08-13 21:43:03.572620,PNB,121.58,10478,121.52,1185266,121.64,1545578
2026-08-13 21:43:03.589136,NHPC,99.22,10741,99.17,2038772,99.27,2278889
2026-08-13 21:43:03.606099,SMALLCAP1,48.14,884,48.09,9823,48.19,7039
2026-08-13 21:43:03.622314,RELIANCE,3010.79,13249,3009.28,2433906,3012.3,2323784
2026-08-13 21:43:03.639793,TCS,3856.07,13374,3854.14,1666343,3858.0,2408017
2026-08-13 21:43:03.655976,INFY,1542.17,6114,1541.4,1086699,1542.94,2412925
2026-08-13 21:43:03.672239,PENNYSTOCK,14.55,10726,14.5,1513854,14.6,1905184
2026-08-13 21:43:18.407553,IDFCFIRSTB,71.92,1062,71.87,1672218,71.97,1863995
2026-08-13 21:43:18.437009,SUZLON,55.23,14933,55.18,2409736,55.28,2294894
2026-08-13 21:43:18.439007,GMRINFRA,91.29,12672,91.24,1297557,91.34,2293521
2026-08-13 21:43:18.455738,SOUTHBANK,35.84,10645,35.79,1661931,35.89,2269253
2026-08-13 21:43:18.472771,IRB,63.47,66176,63.42,1791389,63.52,2280375
2026-08-13 21:43:18.489827,HFCL,121.27,1539,121.21,1497244,121.33,1882070
2026-08-13 21:43:18.508422,NMDC,238.28,8062,238.16,1539792,238.4,1431955
2026-08-13 21:43:18.522350,TATAPOWER,461.51,14257,461.28,2447591,461.74,2419102
2026-08-13 21:43:18.554661,BHEL,325.86,9419,325.7,1641712,326.02,2064194
2026-08-13 21:43:18.569298,HUDCO,203.26,10993,203.16,2322983,203.36,1598786
2026-08-13 21:43:18.572620,PNB,121.67,9707,121.61,1462489,121.73,1945083
2026-08-13 21:43:18.589136,NHPC,98.88,2660,98.83,2389074,98.93,1103806
2026-08-13 21:43:18.606099,SMALLCAP1,48.14,50,48.09,13479,48.19,17162
2026-08-13 21:43:18.622314,RELIANCE,3007.75,8651,3006.25,2148675,3009.25,2440534
2026-08-13 21:43:18.639793,TCS,3860.39,11240,3858.46,2058685,3862.32,1707553
2026-08-13 21:43:18.655976,INFY,1548.18,9510,1547.41,2126425,1548.95,1387841
2026-08-13 21:43:18.672239,PENNYSTOCK,14.55,863,14.5,1144692,14.6,1774141
2026-08-13 21:43:33.407553,IDFCFIRSTB,71.9,10299,71.85,2135096,71.95,2409704
2026-08-13 21:43:33.437009,SUZLON,55.16,3640,55.11,1071493,55.21,2388145
2026-08-13 21:43:33.439007,GMRINFRA,91.41,107920,91.36,1299590,91.46,1380479
2026-08-13 21:43:33.455738,SOUTHBANK,35.86,12197,35.81,1904498,35.91,1125507
2026-08-13 21:43:33.472771,IRB,63.45,12190,63.4,1204994,63.5,1979190
2026-08-13 21:43:33.489827,HFCL,121.35,4769,121.29,2155535,121.41,2267456
2026-08-13 21:43:33.508422,NMDC,238.54,2817,238.42,1437285,238.66,2369071
2026-08-13 21:43:33.522350,TATAPOWER,462.87,4485,462.64,2446837,463.1,1479748
2026-08-13 21:43:33.554661,BHEL,325.75,10473,325.59,1413034,325.91,2066810
2026-08-13 21:43:33.569298,HUDCO,203.26,3570,203.16,2247181,203.36,2134785
2026-08-13 21:43:33.572620,PNB,121.56,7536,121.5,1245157,121.62,1250560
2026-08-13 21:43:33.589136,NHPC,98.89,3109,98.84,1139263,98.94,1795529
2026-08-13 21:43:33.606099,SMALLCAP1,48.16,983,48.11,9974,48.21,16993
2026-08-13 21:43:33.622314,RELIANCE,3004.84,1458,3003.34,2088328,3006.34,1093445
2026-08-13 21:43:33.639793,TCS,3851.67,7027,3849.74,2462313,3853.6,2253074
2026-08-13 21:43:33.655976,INFY,1544.43,88022,1543.66,1172349,1545.2,2429245
2026-08-13 21:43:33.672239,PENNYSTOCK,14.57,2468,14.52,1317521,14.62,1647054
2026-08-13 21:43:48.407553,IDFCFIRSTB,72.07,7225,72.02,1209865,72.12,1689193
2026-08-13 21:43:48.437009,SUZLON,55.19,14343,55.14,2135825,55.24,2380268
2026-08-13 21:43:48.439007,GMRINFRA,91.41,1737,91.36,1525712,91.46,2400719
2026-08-13 21:43:48.455738,SOUTHBANK,35.88,2301,35.83,1452127,35.93,1881648
2026-08-13 21:43:48.472771,IRB,63.54,12440,63.49,1692942,63.59,2018840
2026-08-13 21:43:48.489827,HFCL,121.64,5882,121.58,1106405,121.7,1095517
2026-08-13 21:43:48.508422,NMDC,238.26,50006,238.14,2262206,238.38,1928910
2026-08-13 21:43:48.522350,TATAPOWER,463.35,12046,463.12,1346665,463.58,2322058
2026-08-13 21:43:48.554661,BHEL,325.71,8936,325.55,1894971,325.87,1747595
2026-08-13 21:43:48.569298,HUDCO,203.37,11105,203.27,2465382,203.47,2199502
2026-08-13 21:43:48.572620,PNB,121.3,2529,121.24,1870174,121.36,2009755
2026-08-13 21:43:48.589136,NHPC,99.06,925,99.01,1407411,99.11,2483788
2026-08-13 21:43:48.606099,SMALLCAP1,48.09,255,48.04,23813,48.14,10700
2026-08-13 21:43:48.622314,RELIANCE,3005.85,6272,3004.35,1530202,3007.35,1942417
2026-08-13 21:43:48.639793,TCS,3850.02,662,3848.09,2230760,3851.95,2404787
2026-08-13 21:43:48.655976,INFY,1542.7,9774,1541.93,1961458,1543.47,2068074
2026-08-13 21:43:48.672239,PENNYSTOCK,14.59,49170,14.54,2077108,14.64,2444177
2026-08-13 21:44:03.407553,IDFCFIRSTB,72.01,3009,71.96,2404655,72.06,1895986
2026-08-13 21:44:03.437009,SUZLON,55.4,8826,55.35,1362716,55.45,1140684
2026-08-13 21:44:03.439007,GMRINFRA,91.18,7144,91.13,2471372,91.23,1942987
2026-08-13 21:44:03.455738,SOUTHBANK,35.88,9574,35.83,1799413,35.93,1367474
2026-08-13 21:44:03.472771,IRB,63.48,8830,63.43,1282189,63.53,1947104
2026-08-13 21:44:03.489827,HFCL,121.71,10699,121.65,2105639,121.77,1254593
2026-08-13 21:44:03.508422,NMDC,238.78,3547,238.66,2463336,238.9,1451326
2026-08-13 21:44:03.522350,TATAPOWER,464.96,10942,464.73,1572385,465.19,1876740
2026-08-13 21:44:03.554661,BHEL,325.54,6745,325.38,1450025,325.7,1333642
2026-08-13 21:44:03.569298,HUDCO,203.07,12002,202.97,1661944,203.17,1216345
2026-08-13 21:44:03.572620,PNB,121.45,2652,121.39,1735653,121.51,2376558
2026-08-13 21:44:03.589136,NHPC,99.05,2081,99.0,1626960,99.1,1896699
2026-08-13 21:44:03.606099,SMALLCAP1,48.18,943,48.13,9001,48.23,8492
2026-08-13 21:44:03.622314,RELIANCE,3010.46,7905,3008.95,1068531,3011.97,1711585
2026-08-13 21:44:03.639793,TCS,3848.49,13478,3846.57,1218083,3850.41,2138977
2026-08-13 21:44:03.655976,INFY,1543.89,9025,1543.12,2120688,1544.66,2140762
2026-08-13 21:44:03.672239,PENNYSTOCK,14.58,13643,14.53,1768277,14.63,1282298
2026-08-13 21:44:18.407553,IDFCFIRSTB,72.05,5953,72.0,1141235,72.1,1424011
2026-08-13 21:44:18.437009,SUZLON,55.46,8722,55.41,2493344,55.51,1295244
2026-08-13 21:44:18.439007,GMRINFRA,91.08,2884,91.03,1328753,91.13,2120763
2026-08-13 21:44:18.455738,SOUTHBANK,35.92,11454,35.87,2099794,35.97,2303125
2026-08-13 21:44:18.472771,IRB,63.6,4065,63.55,1558678,63.65,1141168
2026-08-13 21:44:18.489827,HFCL,121.66,9894,121.6,2456562,121.72,1994454
2026-08-13 21:44:18.508422,NMDC,239.31,14246,239.19,1272800,239.43,1971651
2026-08-13 21:44:18.522350,TATAPOWER,464.46,5209,464.23,2134824,464.69,2108563
2026-08-13 21:44:18.554661,BHEL,325.52,13839,325.36,1070498,325.68,1912978
2026-08-13 21:44:18.569298,HUDCO,202.46,5106,202.36,1585333,202.56,2335359
2026-08-13 21:44:18.572620,PNB,121.46,5379,121.4,1410038,121.52,1497225
2026-08-13 21:44:18.589136,NHPC,98.84,2476,98.79,1566025,98.89,1820893
2026-08-13 21:44:18.606099,SMALLCAP1,48.19,962,48.14,20613,48.24,20503
2026-08-13 21:44:18.622314,RELIANCE,3001.9,890,3000.4,2010457,3003.4,2018230
2026-08-13 21:44:18.639793,TCS,3849.72,8436,3847.8,1839511,3851.64,2048909
2026-08-13 21:44:18.655976,INFY,1542.92,14687,1542.15,1995971,1543.69,1341947
2026-08-13 21:44:18.672239,PENNYSTOCK,14.57,12821,14.52,1069723,14.62,1869106
2026-08-13 21:44:33.407553,IDFCFIRSTB,72.06,9399,72.01,2290637,72.11,2215915
2026-08-13 21:44:33.437009,SUZLON,55.42,6290,55.37,1092355,55.47,2111202
2026-08-13 21:44:33.439007,GMRINFRA,91.31,10473,91.26,1237266,91.36,1172800
2026-08-13 21:44:33.455738,SOUTHBANK,35.96,1421,35.91,1440381,36.01,1829343
2026-08-13 21:44:33.472771,IRB,63.71,13208,63.66,1146448,63.76,1492201
2026-08-13 21:44:33.489827,HFCL,121.68,6964,121.62,1256281,121.74,1535929
2026-08-13 21:44:33.508422,NMDC,239.39,14229,239.27,2151631,239.51,2167015
2026-08-13 21:44:33.522350,TATAPOWER,464.53,1450,464.3,2464836,464.76,1898361
2026-08-13 21:44:33.554661,BHEL,326.17,1451,326.01,1712933,326.33,1356705
2026-08-13 21:44:33.569298,HUDCO,202.25,2700,202.15,2099486,202.35,1163324
2026-08-13 21:44:33.572620,PNB,121.25,74310,121.19,2402585,121.31,1226050
2026-08-13 21:44:33.589136,NHPC,98.6,14972,98.55,2000155,98.65,1757363
2026-08-13 21:44:33.606099,SMALLCAP1,48.29,902,48.24,15884,48.34,9312
2026-08-13 21:44:33.622314,RELIANCE,3005.7,13904,3004.2,2410452,3007.2,1055596
2026-08-13 21:44:33.639793,TCS,3845.3,11122,3843.38,1447420,3847.22,2115225
2026-08-13 21:44:33.655976,INFY,1541.07,4355,1540.3,2399670,1541.84,1633787
2026-08-13 21:44:33.672239,PENNYSTOCK,14.58,3522,14.53,2223253,14.63,2368058
2026-08-13 21:44:48.407553,IDFCFIRSTB,71.96,5973,71.91,1405369,72.01,2149444
2026-08-13 21:44:48.437009,SUZLON,55.54,12457,55.49,2106254,55.59,2307438
2026-08-13 21:44:48.439007,GMRINFRA,91.24,9363,91.19,2416165,91.29,1640777
2026-08-13 21:44:48.455738,SOUTHBANK,35.89,95121,35.84,2383870,35.94,1891037
2026-08-13 21:44:48.472771,IRB,63.64,14464,63.59,2076784,63.69,2473493
2026-08-13 21:44:48.489827,HFCL,121.68,4848,121.62,2478592,121.74,2376467
2026-08-13 21:44:48.508422,NMDC,239.58,12174,239.46,1891795,239.7,1710495
2026-08-13 21:44:48.522350,TATAPOWER,464.91,11160,464.68,1195431,465.14,1656794
2026-08-13 21:44:48.554661,BHEL,326.48,1113,326.32,2226930,326.64,2399124
2026-08-13 21:44:48.569298,HUDCO,202.29,57967,202.19,1369500,202.39,1458692
2026-08-13 21:44:48.572620,PNB,121.1,10264,121.04,1885689,121.16,2439704
2026-08-13 21:44:48.589136,NHPC,98.52,4922,98.47,1277560,98.57,2115567
2026-08-13 21:44:48.606099,SMALLCAP1,48.28,718,48.23,15053,48.33,15377
2026-08-13 21:44:48.622314,RELIANCE,3008.68,9986,3007.18,1356951,3010.18,1743757
2026-08-13 21:44:48.639793,TCS,3858.64,3727,3856.71,2342978,3860.57,1281791
2026-08-13 21:44:48.655976,INFY,1540.0,12269,1539.23,2336094,1540.77,2077218
2026-08-13 21:44:48.672239,PENNYSTOCK,14.59,12466,14.54,1482179,14.64,1602793
2026-08-13 21:45:03.407553,IDFCFIRSTB,72.12,7375,72.07,1956421,72.17,2232058
2026-08-13 21:45:03.437009,SUZLON,55.45,2983,55.4,1051874,55.5,1679071
2026-08-13 21:45:03.439007,GMRINFRA,91.21,9459,91.16,1235521,91.26,2093336
2026-08-13 21:45:03.455738,SOUTHBANK,35.99,3705,35.94,2277004,36.04,1413721
2026-08-13 21:45:03.472771,IRB,63.72,1681,63.67,2489158,63.77,1147706
2026-08-13 21:45:03.489827,HFCL,121.85,5048,121.79,2342500,121.91,1677295
2026-08-13 21:45:03.508422,NMDC,239.92,3108,239.8,2384611,240.04,1263579
2026-08-13 21:45:03.522350,TATAPOWER,464.15,3298,463.92,2078682,464.38,2160276
2026-08-13 21:45:03.554661,BHEL,326.98,5514,326.82,1626659,327.14,1139104
2026-08-13 21:45:03.569298,HUDCO,202.49,6228,202.39,1082995,202.59,1753946
2026-08-13 21:45:03.572620,PNB,121.12,2073,121.06,1157807,121.18,2430368
2026-08-13 21:45:03.589136,NHPC,98.4,9156,98.35,2223844,98.45,1900573
2026-08-13 21:45:03.606099,SMALLCAP1,48.21,930,48.16,11159,48.26,22215
2026-08-13 21:45:03.622314,RELIANCE,3014.49,14608,3012.98,1363519,3016.0,2147276
2026-08-13 21:45:03.639793,TCS,3860.2,11429,3858.27,1684686,3862.13,1271043
2026-08-13 21:45:03.655976,INFY,1534.9,13108,1534.13,1426931,1535.67,1552856
2026-08-13 21:45:03.672239,PENNYSTOCK,14.59,1248,14.54,2229739,14.64,2330074
2026-08-13 21:45:18.407553,IDFCFIRSTB,72.19,6418,72.14,2433575,72.24,1718682
2026-08-13 21:45:18.437009,SUZLON,55.5,8813,55.45,1183528,55.55,2044711
2026-08-13 21:45:18.439007,GMRINFRA,90.96,8283,90.91,2493013,91.01,1255856
2026-08-13 21:45:18.455738,SOUTHBANK,36.03,5924,35.98,1645148,36.08,1591927
2026-08-13 21:45:18.472771,IRB,63.84,82280,63.79,1604325,63.89,1298569
2026-08-13 21:45:18.489827,HFCL,121.69,6175,121.63,1494170,121.75,1382894
2026-08-13 21:45:18.508422,NMDC,240.25,5114,240.13,1479166,240.37,1157702
2026-08-13 21:45:18.522350,TATAPOWER,464.09,3106,463.86,2084201,464.32,1876174
2026-08-13 21:45:18.554661,BHEL,326.94,1443,326.78,1094117,327.1,1891815
2026-08-13 21:45:18.569298,HUDCO,202.34,7252,202.24,1314367,202.44,2021486
2026-08-13 21:45:18.572620,PNB,121.23,5151,121.17,1860956,121.29,2055004
2026-08-13 21:45:18.589136,NHPC,98.12,5208,98.07,1779125,98.17,2439686
2026-08-13 21:45:18.606099,SMALLCAP1,48.25,317,48.2,24476,48.3,14246
2026-08-13 21:45:18.622314,RELIANCE,3015.25,5916,3013.74,2361200,3016.76,2247858
2026-08-13 21:45:18.639793,TCS,3855.7,8598,3853.77,1554296,3857.63,1866659
2026-08-13 21:45:18.655976,INFY,1536.17,7286,1535.4,1696095,1536.94,1903441
2026-08-13 21:45:18.672239,PENNYSTOCK,14.6,4687,14.55,1076584,14.65,1430729
2026-08-13 21:45:33.407553,IDFCFIRSTB,72.23,8632,72.18,1386043,72.28,1409249
2026-08-13 21:45:33.437009,SUZLON,55.44,6294,55.39,1688632,55.49,1752631
2026-08-13 21:45:33.439007,GMRINFRA,90.94,3240,90.89,2278861,90.99,1930558
2026-08-13 21:45:33.455738,SOUTHBANK,36.09,8509,36.04,1221932,36.14,2421357
2026-08-13 21:45:33.472771,IRB,63.95,6358,63.9,2271860,64.0,1673612
2026-08-13 21:45:33.489827,HFCL,122.14,1145,122.08,1457259,122.2,2190972
2026-08-13 21:45:33.508422,NMDC,241.0,4276,240.88,1677625,241.12,2027092
2026-08-13 21:45:33.522350,TATAPOWER,464.17,7382,463.94,2054316,464.4,2394220
2026-08-13 21:45:33.554661,BHEL,327.12,9657,326.96,1411445,327.28,1355909
2026-08-13 21:45:33.569298,HUDCO,201.77,757,201.67,1571653,201.87,2348403
2026-08-13 21:45:33.572620,PNB,121.54,13676,121.48,2405692,121.6,1423664
2026-08-13 21:45:33.589136,NHPC,98.12,11359,98.07,1854838,98.17,1751579
2026-08-13 21:45:33.606099,SMALLCAP1,48.24,105,48.19,19628,48.29,7854
2026-08-13 21:45:33.622314,RELIANCE,3021.88,4735,3020.37,2024983,3023.39,1966782
2026-08-13 21:45:33.639793,TCS,3852.94,14427,3851.01,2336065,3854.87,1155426
2026-08-13 21:45:33.655976,INFY,1539.57,14930,1538.8,1559052,1540.34,1142456
2026-08-13 21:45:33.672239,PENNYSTOCK,14.61,1050,14.56,2306850,14.66,1845302
2026-08-13 21:45:48.407553,IDFCFIRSTB,72.4,67613,72.35,1113472,72.45,2266642
2026-08-13 21:45:48.437009,SUZLON,55.41,2127,55.36,2477663,55.46,1692308
2026-08-13 21:45:48.439007,GMRINFRA,90.88,4721,90.83,2418405,90.93,1595571
2026-08-13 21:45:48.455738,SOUTHBANK,36.13,10181,36.08,2025699,36.18,1417446
2026-08-13 21:45:48.472771,IRB,63.92,3332,63.87,1843900,63.97,1702515
2026-08-13 21:45:48.489827,HFCL,122.25,3513,122.19,1243606,122.31,2443124
2026-08-13 21:45:48.508422,NMDC,241.0,4242,240.88,1765272,241.12,2489239
2026-08-13 21:45:48.522350,TATAPOWER,464.98,14118,464.75,1954661,465.21,1598787
2026-08-13 21:45:48.554661,BHEL,327.92,8849,327.76,2278648,328.08,1530885
2026-08-13 21:45:48.569298,HUDCO,202.16,9970,202.06,1083129,202.26,1348283
2026-08-13 21:45:48.572620,PNB,122.15,12327,122.09,1923000,122.21,1297763
2026-08-13 21:45:48.589136,NHPC,97.99,4229,97.94,1510230,98.04,2217651
2026-08-13 21:45:48.606099,SMALLCAP1,48.14,869,48.09,6553,48.19,21267
2026-08-13 21:45:48.622314,RELIANCE,3018.94,2278,3017.43,2432438,3020.45,2192714
2026-08-13 21:45:48.639793,TCS,3857.17,8006,3855.24,1379422,3859.1,2087640
2026-08-13 21:45:48.655976,INFY,1540.26,12910,1539.49,1102885,1541.03,1660863
2026-08-13 21:45:48.672239,PENNYSTOCK,14.59,5022,14.54,1643749,14.64,1871397
2026-08-13 21:46:03.407553,IDFCFIRSTB,72.36,11002,72.31,2090843,72.41,2057825
2026-08-13 21:46:03.437009,SUZLON,55.54,10196,55.49,1172337,55.59,2399686
2026-08-13 21:46:03.439007,GMRINFRA,90.8,12528,90.75,1882434,90.85,1546223
2026-08-13 21:46:03.455738,SOUTHBANK,36.13,2299,36.08,1651934,36.18,1324269
2026-08-13 21:46:03.472771,IRB,63.89,4206,63.84,1185484,63.94,2154926
2026-08-13 21:46:03.489827,HFCL,121.92,1463,121.86,1386128,121.98,1461696
2026-08-13 21:46:03.508422,NMDC,240.79,3962,240.67,1221564,240.91,2209410
2026-08-13 21:46:03.522350,TATAPOWER,463.64,7230,463.41,1869570,463.87,1265010
2026-08-13 21:46:03.554661,BHEL,327.28,61506,327.12,2300748,327.44,2035555
2026-08-13 21:46:03.569298,HUDCO,202.1,9127,202.0,2351533,202.2,1636367
2026-08-13 21:46:03.572620,PNB,122.36,14895,122.3,1117411,122.42,1501716
2026-08-13 21:46:03.589136,NHPC,97.91,11930,97.86,2003500,97.96,2180869
2026-08-13 21:46:03.606099,SMALLCAP1,48.14,640,48.09,12504,48.19,15665
2026-08-13 21:46:03.622314,RELIANCE,3020.65,1890,3019.14,1789836,3022.16,1513355
2026-08-13 21:46:03.639793,TCS,3863.02,12884,3861.09,1746943,3864.95,1445752
2026-08-13 21:46:03.655976,INFY,1541.5,14368,1540.73,2127603,1542.27,2090922
2026-08-13 21:46:03.672239,PENNYSTOCK,14.56,11441,14.51,1984067,14.61,1784627
2026-08-13 21:46:18.407553,IDFCFIRSTB,72.47,10715,72.42,2048336,72.52,1401291
2026-08-13 21:46:18.437009,SUZLON,55.52,11233,55.47,2484387,55.57,2004962
2026-08-13 21:46:18.439007,GMRINFRA,90.64,2560,90.59,2141449,90.69,1223988
2026-08-13 21:46:18.455738,SOUTHBANK,36.22,10062,36.17,1092751,36.27,2117528
2026-08-13 21:46:18.472771,IRB,63.99,5136,63.94,1730494,64.04,2038581
2026-08-13 21:46:18.489827,HFCL,122.37,1420,122.31,2177468,122.43,1796129
2026-08-13 21:46:18.508422,NMDC,240.94,9399,240.82,2433469,241.06,2346839
2026-08-13 21:46:18.522350,TATAPOWER,463.6,10718,463.37,1547058,463.83,1652446
2026-08-13 21:46:18.554661,BHEL,326.75,815,326.59,1337613,326.91,1619974
2026-08-13 21:46:18.569298,HUDCO,201.67,6159,201.57,1659239,201.77,2156904
2026-08-13 21:46:18.572620,PNB,121.93,10593,121.87,1910531,121.99,1843228
2026-08-13 21:46:18.589136,NHPC,98.17,7210,98.12,2074800,98.22,1653628
2026-08-13 21:46:18.606099,SMALLCAP1,48.08,868,48.03,6284,48.13,22732
2026-08-13 21:46:18.622314,RELIANCE,3020.88,8236,3019.37,1402343,3022.39,2125881
2026-08-13 21:46:18.639793,TCS,3867.78,11442,3865.85,2002730,3869.71,2300198
2026-08-13 21:46:18.655976,INFY,1540.75,2136,1539.98,1757252,1541.52,1751405
2026-08-13 21:46:18.672239,PENNYSTOCK,14.55,6267,14.5,1136523,14.6,1331514
2026-08-13 21:46:33.407553,IDFCFIRSTB,72.56,10100,72.51,1323852,72.61,2454795
2026-08-13 21:46:33.437009,SUZLON,55.43,12714,55.38,1054769,55.48,2086171
2026-08-13 21:46:33.439007,GMRINFRA,90.72,2253,90.67,2035089,90.77,1446025
2026-08-13 21:46:33.455738,SOUTHBANK,36.17,7583,36.12,2289374,36.22,1181834
2026-08-13 21:46:33.472771,IRB,63.98,4304,63.93,2265926,64.03,1856601
2026-08-13 21:46:33.489827,HFCL,122.48,2520,122.42,1148374,122.54,2497981
2026-08-13 21:46:33.508422,NMDC,241.27,3343,241.15,1878945,241.39,1770281
2026-08-13 21:46:33.522350,TATAPOWER,464.34,7690,464.11,2317840,464.57,2001561
2026-08-13 21:46:33.554661,BHEL,326.45,12709,326.29,1290747,326.61,1901044
2026-08-13 21:46:33.569298,HUDCO,202.05,3037,201.95,1804085,202.15,1315894
2026-08-13 21:46:33.572620,PNB,121.95,10394,121.89,1906231,122.01,2325557
2026-08-13 21:46:33.589136,NHPC,98.15,63138,98.1,1776518,98.2,1374629
2026-08-13 21:46:33.606099,SMALLCAP1,48.05,386,48.0,13631,48.1,13333
2026-08-13 21:46:33.622314,RELIANCE,3023.19,14765,3021.68,1682012,3024.7,1193489
2026-08-13 21:46:33.639793,TCS,3871.43,19020,3869.49,2407555,3873.37,2464593
2026-08-13 21:46:33.655976,INFY,1546.49,2243,1545.72,1343525,1547.26,1076895
2026-08-13 21:46:33.672239,PENNYSTOCK,14.52,4687,14.47,1902086,14.57,1102317
2026-08-13 21:46:48.407553,IDFCFIRSTB,72.62,1527,72.57,2093081,72.67,2289338
2026-08-13 21:46:48.437009,SUZLON,55.35,9952,55.3,1638359,55.4,1579989
2026-08-13 21:46:48.439007,GMRINFRA,90.56,1609,90.51,2143621,90.61,1160269
2026-08-13 21:46:48.455738,SOUTHBANK,36.24,8837,36.19,1620867,36.29,1821769
2026-08-13 21:46:48.472771,IRB,64.12,6666,64.07,1096172,64.17,1536085
2026-08-13 21:46:48.489827,HFCL,122.31,8936,122.25,2056843,122.37,1583731
2026-08-13 21:46:48.508422,NMDC,241.69,1937,241.57,2290152,241.81,2354193
2026-08-13 21:46:48.522350,TATAPOWER,465.01,6091,464.78,2317959,465.24,1978876
2026-08-13 21:46:48.554661,BHEL,326.19,3878,326.03,1427075,326.35,1537945
2026-08-13 21:46:48.569298,HUDCO,201.94,10284,201.84,2276483,202.04,1057824
2026-08-13 21:46:48.572620,PNB,122.2,4321,122.14,1490206,122.26,1278576
2026-08-13 21:46:48.589136,NHPC,98.02,9983,97.97,2449151,98.07,1396329
2026-08-13 21:46:48.606099,SMALLCAP1,48.06,92,48.01,9010,48.11,18995
2026-08-13 21:46:48.622314,RELIANCE,3024.66,22715,3023.15,1214848,3026.17,2207124
2026-08-13 21:46:48.639793,TCS,3867.22,535,3865.29,1998522,3869.15,1790401
2026-08-13 21:46:48.655976,INFY,1548.03,14953,1547.26,2109060,1548.8,2114398
2026-08-13 21:46:48.672239,PENNYSTOCK,14.53,11434,14.48,1895698,14.58,2447382
2026-08-13 21:47:03.407553,IDFCFIRSTB,72.62,14818,72.57,1999881,72.67,2244789
2026-08-13 21:47:03.437009,SUZLON,55.31,13721,55.26,1210478,55.36,1317947
2026-08-13 21:47:03.439007,GMRINFRA,90.53,9614,90.48,1090891,90.58,2073044
2026-08-13 21:47:03.455738,SOUTHBANK,36.29,8458,36.24,2205606,36.34,2234732
2026-08-13 21:47:03.472771,IRB,64.04,7716,63.99,1325858,64.09,2243688
2026-08-13 21:47:03.489827,HFCL,122.42,11753,122.36,1942074,122.48,1609961
2026-08-13 21:47:03.508422,NMDC,241.87,5547,241.75,1374054,241.99,1869829
2026-08-13 21:47:03.522350,TATAPOWER,464.26,3678,464.03,2238281,464.49,2042520
2026-08-13 21:47:03.554661,BHEL,326.62,3709,326.46,2048294,326.78,1916354
2026-08-13 21:47:03.569298,HUDCO,202.17,5997,202.07,1603285,202.27,1249143
2026-08-13 21:47:03.572620,PNB,122.17,3277,122.11,1876397,122.23,1163146
2026-08-13 21:47:03.589136,NHPC,98.12,2548,98.07,1596097,98.17,2137122
2026-08-13 21:47:03.606099,SMALLCAP1,48.18,702,48.13,16491,48.23,9074
2026-08-13 21:47:03.622314,RELIANCE,3029.57,2275,3028.06,1843303,3031.08,1950958
2026-08-13 21:47:03.639793,TCS,3868.17,14288,3866.24,2409524,3870.1,1318374
2026-08-13 21:47:03.655976,INFY,1553.08,2251,1552.3,1742829,1553.86,2382415
2026-08-13 21:47:03.672239,PENNYSTOCK,14.54,7472,14.49,1728908,14.59,2447701
2026-08-13 21:47:18.407553,IDFCFIRSTB,72.41,2891,72.36,2465093,72.46,1256544
2026-08-13 21:47:18.437009,SUZLON,55.22,11255,55.17,2077878,55.27,1446560
2026-08-13 21:47:18.439007,GMRINFRA,90.65,9839,90.6,1839127,90.7,1704589
2026-08-13 21:47:18.455738,SOUTHBANK,36.31,4295,36.26,1333269,36.36,2108847
2026-08-13 21:47:18.472771,IRB,64.07,5273,64.02,2083143,64.12,2102511
2026-08-13 21:47:18.489827,HFCL,122.42,4001,122.36,1494004,122.48,1490883
2026-08-13 21:47:18.508422,NMDC,241.69,12855,241.57,1410894,241.81,2402819
2026-08-13 21:47:18.522350,TATAPOWER,464.99,7283,464.76,1781879,465.22,2370232
2026-08-13 21:47:18.554661,BHEL,326.91,9818,326.75,1541591,327.07,1430975
2026-08-13 21:47:18.569298,HUDCO,202.13,8071,202.03,1928013,202.23,1438386
2026-08-13 21:47:18.572620,PNB,122.38,13327,122.32,2051446,122.44,1360178
2026-08-13 21:47:18.589136,NHPC,98.09,44682,98.04,1823055,98.14,1853126
2026-08-13 21:47:18.606099,SMALLCAP1,48.18,746,48.13,16205,48.23,12378
2026-08-13 21:47:18.622314,RELIANCE,3030.39,1236,3028.87,1522771,3031.91,1315107
2026-08-13 21:47:18.639793,TCS,3864.19,10966,3862.26,1906082,3866.12,1092388
2026-08-13 21:47:18.655976,INFY,1548.07,3232,1547.3,1496831,1548.84,1224708
2026-08-13 21:47:18.672239,PENNYSTOCK,14.54,14483,14.49,2475030,14.59,1587823
2026-08-13 21:47:33.407553,IDFCFIRSTB,72.28,10243,72.23,1928118,72.33,1065587
2026-08-13 21:47:33.437009,SUZLON,55.21,13146,55.16,2252015,55.26,1206533
2026-08-13 21:47:33.439007,GMRINFRA,90.84,5447,90.79,1241297,90.89,1570717
2026-08-13 21:47:33.455738,SOUTHBANK,36.31,5213,36.26,1417312,36.36,1630624
2026-08-13 21:47:33.472771,IRB,64.08,5235,64.03,1166590,64.13,2017461
2026-08-13 21:47:33.489827,HFCL,122.41,128076,122.35,1489254,122.47,1152071
2026-08-13 21:47:33.508422,NMDC,241.62,1827,241.5,2193167,241.74,1863070
2026-08-13 21:47:33.522350,TATAPOWER,463.79,12764,463.56,1355742,464.02,1478858
2026-08-13 21:47:33.554661,BHEL,326.8,5279,326.64,1357856,326.96,1784180
2026-08-13 21:47:33.569298,HUDCO,201.99,1894,201.89,2279965,202.09,1644309
2026-08-13 21:47:33.572620,PNB,122.4,10596,122.34,2239769,122.46,1189957
2026-08-13 21:47:33.589136,NHPC,98.06,2592,98.01,1403346,98.11,2464614
2026-08-13 21:47:33.606099,SMALLCAP1,48.16,341,48.11,23608,48.21,8408
2026-08-13 21:47:33.622314,RELIANCE,3030.59,2161,3029.07,1773312,3032.11,2065582
2026-08-13 21:47:33.639793,TCS,3861.72,1915,3859.79,2032954,3863.65,1239444
2026-08-13 21:47:33.655976,INFY,1553.57,11551,1552.79,2366273,1554.35,1823196
2026-08-13 21:47:33.672239,PENNYSTOCK,14.54,14494,14.49,1079095,14.59,1149771
2026-08-13 21:47:48.407553,IDFCFIRSTB,72.25,5564,72.2,2197956,72.3,2269898
2026-08-13 21:47:48.437009,SUZLON,55.17,6344,55.12,1336743,55.22,1294884
2026-08-13 21:47:48.439007,GMRINFRA,91.1,5744,91.05,1242498,91.15,2101086
2026-08-13 21:47:48.455738,SOUTHBANK,36.3,3998,36.25,1297283,36.35,1156951
2026-08-13 21:47:48.472771,IRB,64.06,11472,64.01,2013841,64.11,1295879
2026-08-13 21:47:48.489827,HFCL,122.33,732,122.27,2362634,122.39,1916570
2026-08-13 21:47:48.508422,NMDC,241.47,12908,241.35,1795186,241.59,1415337
2026-08-13 21:47:48.522350,TATAPOWER,464.07,5765,463.84,1684251,464.3,1446140
2026-08-13 21:47:48.554661,BHEL,327.62,2314,327.46,2200121,327.78,1413819
2026-08-13 21:47:48.569298,HUDCO,202.11,8057,202.01,2256196,202.21,1523893
2026-08-13 21:47:48.572620,PNB,122.48,12628,122.42,2075380,122.54,1305411
2026-08-13 21:47:48.589136,NHPC,98.03,8153,97.98,1675456,98.08,1502962
2026-08-13 21:47:48.606099,SMALLCAP1,48.03,995,47.98,15942,48.08,14479
2026-08-13 21:47:48.622314,RELIANCE,3025.75,87192,3024.24,1664767,3027.26,1712762
2026-08-13 21:47:48.639793,TCS,3866.78,6679,3864.85,1054954,3868.71,2089923
2026-08-13 21:47:48.655976,INFY,1548.11,2544,1547.34,1571549,1548.88,1648455
2026-08-13 21:47:48.672239,PENNYSTOCK,14.55,3676,14.5,2179187,14.6,1981181
2026-08-13 21:48:03.407553,IDFCFIRSTB,72.12,4349,72.07,1672344,72.17,2341483
2026-08-13 21:48:03.437009,SUZLON,55.14,10051,55.09,1460363,55.19,1771525
2026-08-13 21:48:03.439007,GMRINFRA,91.37,8983,91.32,1063404,91.42,2069431
2026-08-13 21:48:03.455738,SOUTHBANK,36.33,2942,36.28,1806121,36.38,2099807
2026-08-13 21:48:03.472771,IRB,64.22,11352,64.17,2375619,64.27,1261370
2026-08-13 21:48:03.489827,HFCL,122.27,11725,122.21,1187099,122.33,2360496
2026-08-13 21:48:03.508422,NMDC,241.64,13027,241.52,2090246,241.76,2377613
2026-08-13 21:48:03.522350,TATAPOWER,463.78,109716,463.55,1059505,464.01,1588614
2026-08-13 21:48:03.554661,BHEL,327.57,12718,327.41,1674800,327.73,1759542
2026-08-13 21:48:03.569298,HUDCO,202.56,1106,202.46,2066226,202.66,1719713
2026-08-13 21:48:03.572620,PNB,122.82,8714,122.76,1528266,122.88,2341176
2026-08-13 21:48:03.589136,NHPC,98.2,4283,98.15,1338373,98.25,1088314
2026-08-13 21:48:03.606099,SMALLCAP1,48.08,491,48.03,20957,48.13,17710
2026-08-13 21:48:03.622314,RELIANCE,3029.56,8148,3028.05,1365428,3031.07,1515825
2026-08-13 21:48:03.639793,TCS,3868.57,9609,3866.64,1448239,3870.5,2428872
2026-08-13 21:48:03.655976,INFY,1548.02,6496,1547.25,1819388,1548.79,1768649
2026-08-13 21:48:03.672239,PENNYSTOCK,14.56,84567,14.51,2043540,14.61,1779392
2026-08-13 21:48:18.407553,IDFCFIRSTB,72.11,4264,72.06,1231511,72.16,1089414
2026-08-13 21:48:18.437009,SUZLON,55.26,5015,55.21,1948758,55.31,1924621
2026-08-13 21:48:18.439007,GMRINFRA,91.15,9865,91.1,1623847,91.2,1624473
2026-08-13 21:48:18.455738,SOUTHBANK,36.33,10260,36.28,1309174,36.38,1861348
2026-08-13 21:48:18.472771,IRB,64.35,7890,64.3,2366121,64.4,1094538
2026-08-13 21:48:18.489827,HFCL,122.27,14034,122.21,1370768,122.33,1467054
2026-08-13 21:48:18.508422,NMDC,241.41,792,241.29,1499966,241.53,2360485
2026-08-13 21:48:18.522350,TATAPOWER,463.5,4864,463.27,2374518,463.73,1545520
2026-08-13 21:48:18.554661,BHEL,327.47,4195,327.31,2000615,327.63,1102193
2026-08-13 21:48:18.569298,HUDCO,202.93,2944,202.83,1141997,203.03,1136947
2026-08-13 21:48:18.572620,PNB,122.72,6807,122.66,1659950,122.78,2455387
2026-08-13 21:48:18.589136,NHPC,98.43,4302,98.38,1483616,98.48,1136860
2026-08-13 21:48:18.606099,SMALLCAP1,48.15,206,48.1,14082,48.2,6308
2026-08-13 21:48:18.622314,RELIANCE,3026.41,5913,3024.9,2077065,3027.92,1285330
2026-08-13 21:48:18.639793,TCS,3865.56,4089,3863.63,1525725,3867.49,2437223
2026-08-13 21:48:18.655976,INFY,1548.04,8293,1547.27,2288219,1548.81,1869113
2026-08-13 21:48:18.672239,PENNYSTOCK,14.53,11028,14.48,1832719,14.58,1823768
2026-08-13 21:48:33.407553,IDFCFIRSTB,72.14,8029,72.09,1640498,72.19,1350720
2026-08-13 21:48:33.437009,SUZLON,55.18,4291,55.13,1659195,55.23,1707193
2026-08-13 21:48:33.439007,GMRINFRA,91.29,2155,91.24,2055260,91.34,1693552
2026-08-13 21:48:33.455738,SOUTHBANK,36.32,5103,36.27,2015155,36.37,1847134
2026-08-13 21:48:33.472771,IRB,64.18,10131,64.13,1382943,64.23,1821879
2026-08-13 21:48:33.489827,HFCL,122.11,13295,122.05,1204882,122.17,1294656
2026-08-13 21:48:33.508422,NMDC,241.88,12032,241.76,2221735,242.0,1789952
2026-08-13 21:48:33.522350,TATAPOWER,463.24,2780,463.01,1352930,463.47,2490604
2026-08-13 21:48:33.554661,BHEL,327.85,9932,327.69,2163811,328.01,2145514
2026-08-13 21:48:33.569298,HUDCO,202.4,3559,202.3,1507792,202.5,2474026
2026-08-13 21:48:33.572620,PNB,122.81,7440,122.75,2408450,122.87,1884080
2026-08-13 21:48:33.589136,NHPC,98.19,12817,98.14,1436520,98.24,1841253
2026-08-13 21:48:33.606099,SMALLCAP1,48.11,297,48.06,24114,48.16,13379
2026-08-13 21:48:33.622314,RELIANCE,3026.41,9519,3024.9,2134469,3027.92,2070330
2026-08-13 21:48:33.639793,TCS,3872.29,7322,3870.35,2211445,3874.23,2489742
2026-08-13 21:48:33.655976,INFY,1546.14,1534,1545.37,2021730,1546.91,1643618
2026-08-13 21:48:33.672239,PENNYSTOCK,14.51,12228,14.46,1849887,14.56,1802519
2026-08-13 21:48:48.407553,IDFCFIRSTB,72.26,14888,72.21,1236821,72.31,1239963
2026-08-13 21:48:48.437009,SUZLON,55.04,8976,54.99,1520703,55.09,2353127
2026-08-13 21:48:48.439007,GMRINFRA,91.28,5122,91.23,2068056,91.33,2193057
2026-08-13 21:48:48.455738,SOUTHBANK,36.38,3061,36.33,1773024,36.43,1470549
2026-08-13 21:48:48.472771,IRB,64.28,10034,64.23,2284226,64.33,2455088
2026-08-13 21:48:48.489827,HFCL,122.03,13664,121.97,1089450,122.09,1396629
2026-08-13 21:48:48.508422,NMDC,241.81,14273,241.69,1246835,241.93,2066599
2026-08-13 21:48:48.522350,TATAPOWER,463.24,3595,463.01,2113633,463.47,2173456
2026-08-13 21:48:48.554661,BHEL,327.77,8421,327.61,2272457,327.93,1627770
2026-08-13 21:48:48.569298,HUDCO,202.12,13521,202.02,2039263,202.22,1301956
2026-08-13 21:48:48.572620,PNB,122.74,4336,122.68,1259614,122.8,1173063
2026-08-13 21:48:48.589136,NHPC,98.33,9873,98.28,1616671,98.38,2061085
2026-08-13 21:48:48.606099,SMALLCAP1,48.11,642,48.06,10293,48.16,19644
2026-08-13 21:48:48.622314,RELIANCE,3026.26,97050,3024.75,1314552,3027.77,1098305
2026-08-13 21:48:48.639793,TCS,3887.15,14929,3885.21,1232445,3889.09,2393831
2026-08-13 21:48:48.655976,INFY,1543.95,3388,1543.18,1415399,1544.72,1407952
2026-08-13 21:48:48.672239,PENNYSTOCK,14.53,3489,14.48,2454981,14.58,1640976
